Id,SurveyId,HAEntityId,ADM,ADMPlanned,ADMTimeFrame,ADMPerc,Robot,RobotPlanned,RobotTimeFrame,DeptMedical,DeptED,DeptOR,DeptOther,DeptOtherName,EMAR_CPOE,CarouselsTimeFrame,CarouselsPlanned,Carousels,InventoryMgmt,PharmaceuticalSupplyVendorID,PharmaceuticalSupplyVendorName
100262,56424,862656,0,0,,,0,0,,0,0,0,0,,,,0,0,1378,,
101535,56797,878405,0,0,,,0,0,,0,0,0,0,,,,0,0,1380,,
102373,57094,887601,0,0,,,0,0,,0,0,0,0,,,,0,0,1379,,
102376,57094,887604,0,0,,,0,0,,0,0,0,0,,,,0,0,1379,,
102382,57094,887610,0,0,,,0,0,,0,0,0,0,,,,0,0,1379,,
102365,57094,887593,0,0,,,0,0,,0,0,0,0,,,,0,0,1379,,
102472,57095,888579,0,0,,,0,0,,0,0,0,0,,,,0,0,,,
102354,57094,887582,1,1,,95,0,0,,1,1,1,0,,,,0,0,1381,,
103163,57209,896322,0,0,,,0,0,,0,0,0,0,,,,0,0,1381,,
103167,57209,896326,0,0,,,0,0,,0,0,0,0,,,,0,0,1381,,
103169,57209,896328,0,0,,,0,0,,0,0,0,0,,,,0,0,1381,,
103174,57209,896333,0,0,,,0,0,,0,0,0,0,,,,0,0,1381,,
103198,57209,896357,0,0,,,0,0,,0,0,0,0,,,,0,0,1381,,
100830,56655,871146,1,0,,85,0,0,,1,1,1,0,,,,0,0,1380,,
102883,57184,892321,1,1,,80,0,0,,1,1,1,0,,,,0,0,1379,,
99269,55809,853338,0,0,,,0,0,,0,0,0,0,,,,0,0,1379,,
99274,55811,853350,1,1,,95,0,0,,1,1,1,0,,,,0,0,1380,,
99275,55812,853353,1,0,,,0,0,,1,1,1,0,,,,0,0,1379,,
99276,55812,853354,1,0,,,0,0,,1,1,1,0,,,,0,0,1379,,
99277,55812,853355,1,0,,,0,0,,1,1,1,0,,,,0,0,1379,,
99748,56015,855941,1,1,,95,0,0,,1,0,0,0,,,,0,0,1378,,
99749,56016,855944,1,1,,100,0,0,,1,1,1,0,,,,0,0,1381,,
99750,56017,855952,1,1,,30,0,0,,1,1,1,0,,,,0,0,1381,,
99751,56018,855962,1,1,,90,0,0,,1,1,0,0,,,,0,0,1378,,
100131,56284,860668,0,0,,,0,0,,0,0,0,0,,,,0,0,1381,,
100895,56664,871616,0,0,,,0,0,,0,0,0,0,,,,0,0,,,
99753,56020,855987,1,1,,95,0,0,,1,1,0,0,,,,0,0,1381,,
99754,56021,855990,0,0,,,0,0,,0,0,0,0,,,,0,0,1381,,
99758,56025,856015,1,1,,95,0,0,,1,1,0,0,,,,0,0,1381,,
99760,56027,856024,1,0,,100,0,0,,1,1,1,1,"ICU, OB/GYN, Outpatient Services, Radiology",,,0,0,1379,,
99761,56027,856025,1,0,,100,0,0,,1,1,0,0,,,,0,0,1379,,
99762,56028,856035,0,0,,,0,0,,0,0,0,0,,,,0,0,1378,,
99763,56029,856042,1,1,,100,0,0,,1,1,1,0,,,,0,0,1379,,
99766,56032,856056,1,1,,,0,0,,0,0,1,1,"ICU",,,0,0,1378,,
99769,56035,856069,0,0,,,0,0,,0,0,0,0,,,,0,0,1379,,
99777,56043,856104,1,1,,50,0,0,,1,1,0,0,,,,0,0,1378,,
99778,56044,856110,1,1,,10,1,0,,1,1,1,0,,,,1,1,1379,,
99779,56044,856111,1,1,,80,0,0,,1,1,1,0,,,,0,0,1378,,
99780,56044,856112,1,1,,98,0,0,,1,1,0,0,,,,0,0,1378,,
99781,56044,856113,1,1,,99,0,0,,1,1,0,0,,,,0,0,1378,,
99782,56045,856146,0,0,,,0,0,,0,0,0,0,,,,0,0,1379,,
99783,56046,856152,0,0,,,0,0,,0,0,0,0,,,,0,0,1379,,
99805,56049,856211,1,1,,30,0,0,,1,1,1,0,,,,0,0,1379,,
99806,56049,856212,1,1,,95,0,0,,1,1,1,0,,,,0,0,1380,,
99807,56049,856213,1,1,,70,0,0,,1,1,1,0,,,,0,0,,,
99808,56049,856214,1,0,,40,0,0,,1,1,1,0,,,,0,1,1380,,
99809,56049,856215,1,1,,70,0,0,,1,1,1,0,,,,0,0,1380,,
99810,56049,856216,1,1,,70,0,0,,1,1,1,0,,,,0,0,1379,,
99811,56049,856217,1,1,,70,0,0,,1,0,1,0,,,,0,0,1379,,
99789,56049,856195,1,0,,100,1,0,,1,1,1,0,,,,0,1,1379,,
99790,56049,856196,1,1,,100,0,0,,1,1,1,1,"Geropsychiatry, ICU",,,1,1,1379,,
99792,56049,856198,1,1,,95,0,0,,0,0,0,0,,,,1,1,1379,,
99793,56049,856199,1,1,,75,0,0,,0,0,0,0,,,,0,0,1379,,
99794,56049,856200,1,1,,99,0,0,,0,0,0,0,,,,0,0,1379,,
99812,56050,856773,0,1,"Within 12-24 months",,0,0,,0,0,0,0,,,,0,0,1380,,
99813,56051,856778,0,0,,,0,0,,0,0,0,0,,,,0,0,1378,,
99814,56052,856782,1,1,,40,0,0,,1,1,1,0,,,,0,0,1379,,
99815,56053,856785,1,1,,75,0,0,,1,1,1,0,,,,0,0,1380,,
99816,56054,856787,1,1,,95,0,0,,0,1,1,1,"OB/GYN",,,0,0,1379,,
99817,56055,856790,1,1,,25,0,0,,1,1,0,0,,,,0,0,1378,,
99818,56056,856794,1,1,,70,0,0,,1,1,0,0,,,,1,1,1379,,
99819,56056,856795,1,1,,92,0,0,,1,1,1,0,,,,1,1,1379,,
99820,56056,856796,1,1,,95,0,0,,1,1,1,0,,,,1,1,1379,,
99821,56056,856797,1,1,,92,0,0,,1,1,1,0,,,,0,0,1379,,
99785,56048,856163,1,1,,85,0,0,,1,1,1,0,,,,0,0,,,
99786,56048,856164,1,1,,75,0,0,,1,1,0,0,,,,0,0,,,
99787,56049,856193,1,1,,75,0,0,,0,0,0,0,,,,0,0,1380,,
99795,56049,856201,1,1,,85,1,0,,0,0,0,0,,,,0,0,1379,,
99796,56049,856202,1,0,,90,1,0,,1,1,1,1,"Cardiac Cath-Lab, Dialysis, Endoscopy, ICU, Pediatric, Radiology",,,0,1,1378,,
99797,56049,856203,1,1,,75,0,0,,0,0,0,0,,,,0,0,1378,,
99798,56049,856204,1,1,,90,0,0,,1,1,1,0,,,,0,0,1381,,
99799,56049,856205,1,1,,100,0,0,,0,0,0,0,,,,0,0,1379,,
99800,56049,856206,1,0,,95,0,0,,0,0,0,0,,,,1,1,1379,,
99801,56049,856207,1,1,,90,0,0,,0,0,0,0,,,,0,0,1379,,
99802,56049,856208,1,1,,50,0,0,,1,1,1,0,,,,0,0,1379,,
99803,56049,856209,1,1,,90,0,0,,1,1,1,0,,,,0,0,1379,,
99773,56039,856087,1,1,,100,0,0,,0,1,0,0,,,,0,0,1378,,
99774,56040,856092,1,1,,,0,0,,0,1,0,0,,,,0,0,,,
99775,56041,856097,1,1,,10,0,0,,0,1,0,0,,,,0,0,1378,,
99875,56085,857443,1,0,,90,0,0,,1,0,0,0,,,,0,0,1378,,
99876,56086,857448,1,1,,90,0,0,,1,1,1,0,,,,0,0,1379,,
99877,56087,857461,1,1,,100,0,0,,1,1,1,0,,,,0,0,1381,,
99878,56088,857482,0,0,,,0,0,,0,0,0,0,,,,0,0,1378,,
99879,56088,857483,0,0,,,0,0,,0,0,0,0,,,,0,0,1378,,
99880,56089,857489,1,0,,90,0,0,,1,1,1,0,,,,0,0,1379,,
99881,56090,857504,1,1,,80,1,0,,0,1,1,0,,,,0,1,,,
99882,56091,857525,1,1,,90,0,0,,1,1,1,0,,,,0,0,1379,,
101525,56091,878334,0,0,,,0,0,,0,0,0,0,,,,0,0,1378,,
99883,56092,857542,1,1,,90,0,0,,1,1,1,0,,,,0,0,1379,,
99884,56093,857551,1,0,,90,0,0,,1,1,1,0,,,,0,0,1381,,
99885,56093,857552,1,0,,90,0,0,,1,1,1,0,,,,0,0,1381,,
99886,56094,857575,0,0,,,0,0,,0,0,0,0,,,,0,0,1378,,
99887,56095,857577,1,1,,50,0,0,,1,1,1,0,,,,0,0,1379,,
99888,56096,857591,1,1,,50,0,0,,1,1,1,0,,,,0,0,1378,,
99889,56097,857595,1,1,,95,0,0,,1,1,1,0,,,,0,0,1380,,
99890,56097,857596,0,0,,,0,0,,0,0,0,0,,,,0,0,1378,,
103945,56097,904992,1,1,,75,0,0,,1,1,1,0,,,,0,0,,,
99891,56098,857621,1,1,,80,0,0,,1,1,1,0,,,,0,0,1379,,
99892,56098,857622,1,1,,85,0,0,,1,1,1,0,,,,0,0,1379,,
99893,56099,857641,1,1,,100,0,0,,1,1,1,0,,,,1,1,,,
99894,56100,857657,1,1,,90,0,0,,1,1,1,0,,,,0,0,,,
99895,56100,857658,1,1,,90,0,0,,1,1,1,0,,,,0,0,,,
99896,56101,857680,1,0,,80,0,0,,1,1,0,0,,,,0,0,1378,,
99897,56102,857687,1,1,,100,1,0,,1,1,1,0,,,,0,0,1379,,
99898,56103,857695,1,1,,95,0,0,,1,1,0,0,,,,0,0,1379,,
99899,56103,857696,1,1,,95,0,0,,1,1,1,0,,,,0,0,1379,,
99900,56103,857697,1,1,,95,0,0,,1,1,1,0,,,,0,0,1379,,
99901,56103,857698,1,1,,95,0,0,,1,1,1,0,,,,0,0,1379,,
99856,56076,857221,1,1,,90,0,0,,1,1,1,0,,,,0,0,1378,,
99857,56077,857233,1,1,,80,0,0,,1,1,1,0,,,,0,0,1379,,
99858,56077,857234,1,1,,80,0,0,,1,1,0,0,,,,0,0,1381,,
99859,56077,857235,1,1,,95,0,0,,1,1,1,0,,,,0,0,1381,,
99860,56077,857236,1,1,,100,0,0,,1,1,1,0,,,,0,0,1381,,
99861,56077,857237,1,1,,80,0,0,,1,1,0,0,,,,0,0,1381,,
99862,56077,857238,1,1,,90,0,0,,1,1,1,0,,,,0,0,1379,,
99863,56077,857239,1,1,,80,0,0,,1,1,1,0,,,,0,0,,,
99864,56077,857240,1,1,,80,0,0,,1,1,1,0,,,,0,0,,,
99865,56077,857241,1,1,,85,0,0,,1,1,0,0,,,,0,0,1381,,
99866,56077,857242,1,1,,95,0,0,,1,1,1,0,,,,0,0,1380,,
99867,56078,857350,1,1,,90,0,0,,1,1,1,0,,,,0,0,,,
99868,56079,857353,1,1,,90,0,0,,1,1,1,0,,,,0,0,1378,,
99869,56080,857364,1,1,,100,0,0,,1,1,1,0,,,,0,0,1379,,
99870,56081,857408,1,0,,100,0,0,,1,1,1,0,,,,0,0,1379,,
99871,56082,857413,1,1,,100,0,0,,1,1,1,0,,,,0,0,1379,,
99872,56083,857421,1,1,,100,0,0,,1,1,1,0,,,,0,0,1379,,
99873,56083,857422,1,1,,90,0,0,,1,1,1,0,,,,0,0,1379,,
99902,56104,857751,1,0,,90,0,0,,1,1,1,0,,,,0,0,1379,,
99903,56104,857752,1,0,,90,0,0,,1,1,1,0,,,,0,0,1379,,
99904,56104,857753,1,0,,80,0,0,,1,1,0,0,,,,0,0,1379,,
99905,56105,857788,1,0,,95,0,0,,1,1,1,0,,,,0,0,1378,,
99906,56105,857789,1,0,,95,0,0,,1,1,1,0,,,,0,0,1378,,
99907,56105,857790,1,0,,95,0,0,,1,1,1,0,,,,0,0,1378,,
99908,56106,857881,1,1,,90,0,0,,1,1,1,0,,,,0,0,1378,,
99909,56107,857904,1,0,,90,0,0,,1,1,1,0,,,,0,0,1381,,
99910,56107,857905,1,0,,90,0,0,,1,1,1,0,,,,0,0,1379,,
99911,56107,857906,1,0,,90,0,0,,1,1,1,0,,,,0,0,1378,,
99912,56107,857907,1,0,,90,0,0,,1,1,1,0,,,,0,0,1381,,
99913,56107,857908,1,0,,90,0,0,,1,1,1,0,,,,0,0,1378,,
99914,56107,857909,1,0,,85,0,0,,1,1,1,0,,,,0,0,1381,,
101129,56107,873436,1,0,,,0,0,,1,1,1,0,,,,0,0,,,
101128,56107,873437,1,0,,,0,0,,1,1,1,0,,,,0,0,,,
100654,56070,868828,1,0,,75,0,0,,1,1,1,0,,,,0,0,1379,,
99849,56071,857104,1,1,">24 months",80,0,0,,1,1,1,0,,,,0,0,1379,,
99850,56072,857148,1,1,,90,1,0,,1,1,1,0,,,,0,0,,,
99851,56073,857170,1,1,">24 months",70,0,0,,1,1,1,0,,,,0,0,1380,,
99853,56075,857190,0,0,,,0,0,,0,0,0,0,,,,0,0,,,
99854,56075,857191,1,1,,90,0,0,,1,1,1,0,,,,0,0,1379,,
99915,56108,858148,1,0,,90,0,0,,1,1,1,0,,,,0,0,1380,,
99916,56108,858149,1,0,,85,0,0,,1,1,1,0,,,,0,0,1380,,
99917,56108,858150,1,0,,85,0,0,,1,1,1,0,,,,0,0,1380,,
102747,56108,891528,1,0,,100,1,0,,1,1,1,0,,,,0,1,1379,,
102748,56108,891529,1,0,,90,0,0,,1,1,1,0,,,,0,0,1379,,
99919,56110,858197,1,1,,99,0,0,,1,0,0,0,,,,0,0,,,
99921,56112,858204,1,1,,93,0,0,,1,1,1,0,,,,1,1,1378,,
99924,56115,858228,1,1,"Within 12-24 months",30,0,0,,1,1,1,0,,,,1,1,1380,,
99925,56115,858229,1,1,"Within 12-24 months",30,0,0,,1,0,0,0,,,,0,0,1378,,
99930,56118,858345,1,0,,90,0,0,,1,1,1,0,,,,0,0,1379,,
99931,56119,858362,1,0,,95,0,0,,1,1,1,1,"Endoscopy, Oncology, Radiology",,,0,0,1379,,
99932,56120,858376,1,0,,99,0,0,,1,1,1,0,,,,0,0,1379,,
99933,56120,858377,0,0,,,0,0,,0,0,0,0,,,,0,0,1378,,
99934,56120,858378,1,0,,10,0,0,,0,0,0,0,,,,0,0,1379,,
99939,56125,858445,1,1,,60,1,0,,1,1,1,1,"CCU",,,0,0,1379,,
99940,56126,858451,0,0,,,0,0,,0,0,0,0,,,,0,0,1378,,
99941,56127,858455,1,1,,90,0,0,,1,1,1,0,,,,0,0,1381,,
99936,56122,858399,1,1,,60,0,0,,1,1,1,0,,,,0,0,1379,,
99944,56129,858491,1,1,,50,0,0,,1,1,1,0,,,,0,0,1380,,
99959,56143,858707,0,0,,,0,0,,0,0,0,0,,,,0,0,1378,,
99960,56144,858710,1,0,,,1,0,,0,0,0,0,,,,0,1,,,
99961,56144,858711,1,0,,75,1,0,,1,1,1,0,,,,0,1,,,
99962,56144,858712,1,0,,,1,0,,0,0,0,0,,,,0,1,,,
99963,56144,858713,1,0,,95,0,0,,1,1,1,1,"CCU, CSU, Dialysis, ICU, Infusion",,,0,0,1381,,
99964,56145,858746,1,1,,90,0,0,,1,1,1,0,,,,0,0,1378,,
99965,56146,858761,1,0,,90,0,0,,1,1,1,0,,,,0,0,,,
99966,56147,858768,1,1,,85,0,0,,1,1,1,0,,,,0,0,1378,,
99967,56148,858770,1,1,,50,0,0,,1,1,1,0,,,,0,0,1378,,
99968,56149,858774,1,1,,30,0,0,,1,1,0,0,,,,0,0,1378,,
99969,56150,858781,1,1,,95,0,0,,1,1,0,0,,,,0,0,1379,,
99970,56151,858786,1,0,,,0,0,,1,1,1,0,,,,0,0,1379,,
99972,56153,858830,1,0,,35,0,0,,1,1,1,0,,,,0,0,1379,,
99973,56154,858863,1,1,,65,0,0,,1,1,1,0,,,,0,0,,,
99974,56155,858868,1,0,,,0,0,,1,1,1,0,,,,0,0,1381,,
99975,56156,858911,1,0,,40,1,0,,1,1,1,1,"OB/GYN",,,0,1,1379,,
99980,56160,859014,1,0,,,0,0,,0,0,0,0,,,,0,0,,,
99981,56161,859018,1,0,,90,0,0,,1,1,0,0,,,,0,0,1378,,
99982,56162,859025,1,1,,95,0,0,,1,1,1,0,,,,0,0,1378,,
99983,56163,859029,1,0,,,0,0,,1,1,1,0,,,,0,0,,,
99984,56163,859030,1,0,,,0,0,,1,1,0,0,,,,0,0,1378,,
99985,56163,859031,1,0,,90,0,0,,1,1,0,0,,,,0,0,1380,,
99986,56164,859065,1,0,,80,0,0,,1,1,1,0,,,,0,0,,,
99987,56164,859066,1,0,,80,0,0,,1,1,1,0,,,,0,0,,,
99988,56164,859067,1,0,,80,0,0,,1,1,1,0,,,,0,0,,,
99989,56164,859068,1,1,,60,0,0,,1,1,1,0,,,,0,0,,,
99990,56164,859069,1,0,,90,0,0,,1,1,1,0,,,,0,0,,,
99994,56166,859147,1,1,,85,0,0,,1,1,0,0,,,,0,0,1379,,
99995,56167,859151,1,1,,95,0,0,,1,1,1,0,,,,0,0,1379,,
99996,56167,859152,1,1,,80,0,0,,1,1,1,0,,,,0,0,1380,,
99997,56168,859164,1,1,,90,0,0,,1,1,1,0,,,,0,0,1379,,
99998,56169,859172,1,1,,75,0,0,,1,1,1,0,,,,0,0,,,
99999,56170,859177,1,1,,90,0,0,,1,1,1,0,,,,0,0,1379,,
100000,56171,859190,0,0,,,0,0,,0,0,0,0,,,,0,0,1378,,
100001,56172,859196,0,0,,,0,0,,0,0,0,0,,,,0,0,1378,,
99949,56134,858522,1,1,,90,0,0,,1,1,1,0,,,,0,0,1380,,
99950,56134,858523,1,1,,90,0,0,,1,1,1,0,,,,0,0,1380,,
99951,56135,858555,1,0,,30,1,0,,1,1,1,0,,,,0,1,1379,,
99953,56137,858595,1,1,,90,0,0,,1,1,0,0,,,,0,0,1378,,
99946,56131,858503,1,1,,95,0,0,,1,1,1,1,"ICU, OB/GYN",,,0,0,1379,,
99957,56141,858677,1,0,,90,0,0,,1,1,0,0,,,,0,0,1379,,
99978,56158,858940,1,0,,92,0,0,,1,1,1,0,,,,0,0,,,
100004,56175,859213,1,1,,60,0,0,,1,1,1,0,,,,0,0,1379,,
100005,56176,859217,0,1,,,0,0,,0,0,0,0,,,,0,0,1378,,
100006,56177,859220,1,1,,50,0,0,,1,1,0,0,,,,0,0,1379,,
100007,56178,859228,1,1,,95,0,0,,1,1,1,0,,,,0,0,1378,,
100008,56179,859233,0,0,,,0,0,,0,0,0,0,,,,0,0,1378,,
100009,56180,859246,0,0,,,0,0,,0,0,0,0,,,,0,0,1378,,
100010,56181,859252,1,1,,97,0,0,,1,1,0,0,,,,0,0,1378,,
100012,56183,859264,0,0,,,0,0,,0,0,0,0,,,,0,0,1378,,
100013,56184,859269,1,1,,85,0,0,,1,1,1,0,,,,0,0,1378,,
100021,56192,859317,0,0,,,0,0,,0,0,0,0,,,,0,0,1378,,
100022,56193,859320,1,1,,90,0,0,,1,1,1,1,"Behavioral Health, ICU, Maternity",,,0,0,1378,,
100032,56201,859462,0,0,,,0,0,,0,0,0,0,,,,0,0,1381,,
100033,56202,859467,1,0,,100,0,0,,1,1,0,0,,,,0,0,1380,,
100034,56203,859471,1,0,,90,0,0,,1,1,1,0,,,,0,0,1379,,
100035,56204,859476,1,0,,90,0,0,,1,1,1,0,,,,0,0,1381,,
100036,56204,859477,1,0,,90,0,0,,1,1,1,0,,,,0,1,1379,,
100037,56205,859527,1,0,,95,0,0,,1,1,1,0,,,,0,1,1378,,
100038,56205,859528,1,0,,95,0,0,,1,1,1,0,,,,0,1,1378,,
100039,56206,859563,0,0,,,0,0,,0,0,0,0,,,,0,0,1378,,
100040,56208,859580,1,0,,85,0,0,,1,0,0,0,,,,0,0,1379,,
100041,56208,859581,1,0,,90,0,0,,1,0,0,0,,,,0,0,1379,,
100042,56208,859582,1,0,,95,0,0,,1,1,1,0,,,,0,1,1379,,
100043,56209,859607,1,1,,80,0,0,,1,1,1,0,,,,0,0,1378,,
100044,56210,859626,1,1,,95,0,0,,1,1,1,0,,,,0,0,1378,,
100045,56211,859638,1,1,,99,1,0,,1,0,1,0,,,,1,1,1379,,
100046,56212,859647,1,1,,98,0,0,,1,1,1,0,,,,0,0,1380,,
100047,56213,859667,1,1,,90,0,0,,1,1,1,0,,,,0,0,1379,,
100048,56214,859682,1,0,,95,0,0,,1,1,1,0,,,,0,0,1378,,
100049,56214,859683,1,1,,50,0,0,,1,1,1,0,,,,0,0,1379,,
100050,56215,859703,1,1,,100,0,0,,1,1,1,0,,,,0,0,1379,,
100051,56216,859708,1,1,,50,0,0,,1,1,1,0,,,,0,0,1378,,
100017,56188,859290,1,1,,95,0,0,,1,1,1,0,,,,0,0,1379,,
100027,56196,859378,0,0,,,0,0,,0,0,0,0,,,,0,0,1379,,
100028,56197,859381,1,0,,85,0,0,,1,1,1,0,,,,0,0,1380,,
100030,56199,859400,1,1,,90,1,0,,1,1,1,0,,,,1,1,1381,,
100053,56218,859778,1,0,,60,0,0,,1,1,1,0,,,,0,1,1379,,
100054,56219,859788,1,0,,90,0,0,,1,1,1,0,,,,0,0,1378,,
100064,56224,860053,1,0,,100,0,0,,0,0,0,0,,,,0,0,1380,,
100065,56225,860061,1,0,,90,0,0,,1,1,0,0,,,,0,0,1378,,
100066,56226,860067,0,0,,,0,0,,0,0,0,0,,,,0,0,1378,,
100067,56227,860070,1,0,,90,0,0,,1,1,1,0,,,,0,0,1378,,
100068,56228,860083,1,0,,75,0,0,,1,1,1,0,,,,0,0,,,
100069,56229,860085,1,0,,95,0,0,,1,1,1,0,,,,0,0,1378,,
100070,56230,860087,1,0,,100,0,0,,1,1,1,1,"ICU",,,0,0,1378,,
100071,56231,860089,1,0,,90,0,0,,1,1,0,0,,,,0,0,1378,,
100072,56232,860098,1,1,,95,0,0,,1,1,1,0,,,,0,0,1378,,
100073,56233,860114,1,1,,35,0,0,,1,1,1,0,,,,0,0,1378,,
100074,56234,860119,0,0,,,0,0,,0,0,0,0,,,,0,0,1378,,
100076,56236,860136,1,0,,25,0,0,,1,1,1,0,,,,0,0,1380,,
100077,56237,860148,1,1,,80,1,0,,1,1,1,0,,,,1,1,1381,,
100080,56239,860172,1,0,,90,0,0,,1,1,1,0,,,,0,0,1379,,
100081,56240,860185,1,1,,90,0,0,,1,1,1,0,,,,0,0,1379,,
100082,56241,860193,1,1,,100,0,0,,0,1,1,0,,,,0,0,1379,,
100083,56242,860203,0,0,,,0,0,,0,0,0,0,,,,0,0,1378,,
100084,56243,860217,1,1,,90,0,0,,1,1,0,0,,,,0,0,1378,,
100085,56244,860219,0,0,,,0,0,,0,0,0,0,,,,0,0,1378,,
100086,56245,860231,0,0,,,0,0,,0,0,0,0,,,,0,0,1378,,
100087,56246,860236,1,1,,90,1,0,,1,1,1,0,,,,1,1,1381,,
100088,56247,860272,1,0,,90,0,0,,1,1,0,0,,,,0,0,1379,,
100089,56248,860283,1,0,,25,0,0,,0,1,1,1,"ICU",,,0,0,1380,,
100090,56249,860300,1,1,,35,1,0,,0,1,1,0,,,,0,0,1378,,
100091,56250,860321,1,0,,50,0,0,,1,1,1,0,,,,0,0,1380,,
100092,56251,860323,1,1,,90,0,0,,1,1,0,0,,,,0,0,1378,,
100056,56221,859855,1,0,,85,0,0,,1,1,1,0,,,,0,0,1379,,
100057,56222,859883,1,0,,90,0,0,,1,1,0,0,,,,0,0,1381,,
100058,56222,859884,1,0,,90,0,0,,1,1,1,1,"Cancer Care, Hospice, ICU, OB/GYN",,,0,1,1381,,
100059,56222,859885,1,0,,90,0,0,,1,1,1,0,,,,0,0,1381,,
100060,56222,859886,1,0,,90,0,0,,1,1,1,0,,,,0,0,1381,,
100094,56253,860333,1,1,,90,0,0,,1,1,1,0,,,,0,0,1378,,
100096,56255,860369,1,1,,90,0,0,,1,1,1,0,,,,0,0,1378,,
100097,56256,860375,1,0,,95,0,0,,0,1,1,0,,,,0,0,1381,,
100098,56257,860384,1,0,,100,0,0,,1,1,0,0,,,,0,0,,,
100100,56259,860403,1,0,,30,0,0,,1,1,1,0,,,,0,0,1381,,
100115,56259,860509,1,1,,90,0,0,,0,1,0,0,,,,0,0,1380,,
100101,56260,860412,1,0,,95,0,0,,1,1,1,0,,,,0,0,1379,,
100103,56262,860421,1,1,,75,0,0,,1,1,0,0,,,,0,0,1378,,
100104,56263,860427,0,0,,,0,0,,0,0,0,0,,,,0,0,1378,,
100105,56264,860433,1,1,,100,1,1,"Within 12 months",1,1,1,1,"Cardiology, Cath-lab, Endoscopy",,,0,0,1379,,
100107,56265,860449,1,1,,90,0,0,,1,1,1,0,,,,0,0,1381,,
100108,56266,860454,1,0,,50,0,0,,1,1,1,0,,,,0,0,1380,,
100109,56267,860459,1,1,,85,0,0,,1,1,1,1,"OB/GYN",,,0,0,1381,,
100111,56269,860473,1,1,,90,0,0,,1,1,1,1,"OB/GYN",,,0,0,1379,,
100112,56270,860485,1,1,,90,0,0,,1,1,1,0,,,,0,0,1378,,
100114,56272,860506,1,1,,100,0,0,,1,1,1,0,,,,0,0,1378,,
100124,56280,860646,1,1,,80,0,0,,1,1,0,0,,,,0,0,1381,,
100125,56281,860653,1,0,,50,0,0,,1,0,0,0,,,,0,0,1379,,
100129,56284,860666,1,1,,90,0,0,,0,1,1,0,,,,0,0,1380,,
100130,56284,860667,1,1,,95,0,0,,1,1,1,0,,,,0,0,1381,,
100132,56284,860669,1,1,,90,0,0,,1,1,0,0,,,,0,0,1379,,
100134,56285,860734,1,1,,80,0,0,,1,1,1,0,,,,0,0,1378,,
100135,56286,860738,0,0,,,0,0,,0,0,0,0,,,,0,0,1379,,
100136,56287,860741,0,0,,,0,0,,0,0,0,0,,,,0,0,1378,,
100137,56288,860745,0,0,,,0,0,,0,0,0,0,,,,0,0,1380,,
100118,56276,860531,1,1,,100,0,0,,1,1,0,0,,,,0,0,1381,,
100139,56290,860753,1,1,,75,0,0,,1,1,0,0,,,,0,0,,,
100140,56291,860756,1,1,,90,0,0,,1,1,0,0,,,,0,0,1379,,
100144,56295,860851,1,1,,90,0,0,,1,1,1,0,,,,0,0,1379,,
100145,56296,860863,1,1,,50,0,0,,1,0,0,0,,,,0,0,1378,,
100146,56297,860868,1,1,,95,0,0,,1,1,1,0,,,,0,0,1378,,
100148,56299,860904,1,1,,75,0,0,,1,1,1,0,,,,0,0,1379,,
100149,56300,860924,1,0,,80,0,0,,1,0,0,0,,,,0,0,1379,,
100150,56300,860925,1,1,"Within 12-24 months",90,1,0,,1,1,1,0,,,,0,0,1379,,
100151,56301,860963,1,1,,90,0,0,,1,1,0,0,,,,0,0,1378,,
100152,56302,860973,1,0,,70,0,0,,1,1,1,0,,,,0,0,1378,,
100157,56305,861097,1,1,,100,1,0,,1,1,1,0,,,,0,0,1380,,
100158,56306,861118,1,1,,90,1,0,,1,1,1,0,,,,0,0,1379,,
100159,56307,861143,1,1,,95,0,0,,1,1,1,1,"Cardiology, Oncology, Radiology, Respiratory",,,0,0,1380,,
100160,56308,861185,1,1,,80,0,0,,1,1,1,0,,,,0,0,,,
100142,56293,860761,1,1,,90,1,0,,0,1,0,0,,,,1,1,1379,,
100168,56316,861347,1,1,,80,0,0,,1,1,1,0,,,,1,1,1381,,
100169,56317,861372,1,1,,80,0,0,,1,1,1,0,,,,0,0,1380,,
100170,56318,861379,1,1,,70,0,0,,1,1,0,0,,,,1,1,1379,,
100171,56318,861380,1,0,,50,0,0,,1,1,1,0,,,,0,0,,,
100173,56320,861466,1,1,,80,0,0,,1,1,1,0,,,,0,0,,,
100174,56321,861468,1,0,,90,0,0,,1,1,1,0,,,,0,0,1378,,
100175,56322,861473,1,1,,50,0,0,,0,1,1,0,,,,0,0,1378,,
100181,56328,861564,1,1,,90,0,0,,1,1,0,0,,,,0,0,1379,,
100182,56329,861568,1,0,,80,0,0,,1,1,1,1,"Ambulatory Clinic",,,0,0,1379,,
100183,56330,861571,1,0,,90,0,0,,1,1,1,0,,,,0,0,1379,,
100184,56331,861575,0,0,,,0,0,,0,0,0,0,,,,0,0,1379,,
100194,56349,861749,1,1,,95,0,0,,1,1,1,0,,,,0,0,1381,,
100196,56412,862012,1,1,,95,0,0,,1,1,1,1,"ICU",,,0,0,1381,,
100197,56413,862018,1,0,,45,0,0,,1,1,1,0,,,,0,0,,,
100198,56414,862034,1,1,,60,0,0,,1,1,1,0,,,,0,0,1381,,
100199,56415,862046,1,1,,90,0,0,,1,1,1,0,,,,0,0,1378,,
100200,56416,862063,1,1,,80,1,0,,1,1,1,0,,,,0,0,1379,,
100201,56417,862084,1,1,,100,1,0,,1,1,1,0,,,,1,1,1378,,
100202,56418,862098,1,1,,85,0,0,,1,1,1,0,,,,0,0,1379,,
100203,56419,862117,1,1,,75,0,0,,1,0,1,0,,,,0,0,1378,,
100204,56419,862118,1,1,,90,0,0,,1,1,1,0,,,,0,0,1378,,
100205,56419,862119,1,1,,100,0,0,,1,1,1,0,,,,0,0,1378,,
100206,56419,862120,1,1,,75,0,0,,1,1,1,0,,,,0,0,1378,,
100207,56419,862121,1,1,,75,1,0,,1,1,1,0,,,,0,0,1380,,
101167,56419,874212,1,0,,80,0,0,,1,1,1,0,,,,0,0,1379,,
100208,56420,862219,1,1,,88,1,0,,1,1,1,0,,,,1,1,1381,,
100209,56420,862220,1,1,,90,1,0,,1,1,1,0,,,,1,1,1381,,
100210,56421,862237,1,1,,90,0,0,,1,1,1,0,,,,1,1,1379,,
100211,56422,862266,1,0,,80,0,0,,1,1,0,0,,,,0,0,1379,,
100246,56423,862637,1,1,,80,1,0,,1,1,1,0,,,,0,0,1379,,
100247,56424,862641,1,1,"Within 12-24 months",90,0,0,,1,1,1,0,,,,0,0,1380,,
100249,56424,862643,1,1,,90,0,0,,1,1,1,0,,,,0,0,1380,,
100250,56424,862644,1,1,,90,0,0,,0,1,1,0,,,,0,0,1380,,
100251,56424,862645,1,1,"Within 12-24 months",90,0,0,,1,1,1,0,,,,0,0,1380,,
100252,56424,862646,1,1,,90,0,0,,0,0,0,0,,,,0,0,1380,,
100253,56424,862647,1,1,,90,0,0,,0,1,1,0,,,,0,0,1380,,
100254,56424,862648,1,1,,90,0,0,,0,0,0,0,,,,0,0,1380,,
100255,56424,862649,1,1,,90,1,0,,0,1,1,0,,,,1,1,1380,,
100256,56424,862650,1,1,"Within 12-24 months",90,0,0,,1,1,1,0,,,,0,0,1380,,
100257,56424,862651,1,1,,90,0,0,,0,1,1,0,,,,0,0,1380,,
100258,56424,862652,1,1,"Within 12-24 months",90,0,0,,1,1,1,0,,,,0,0,1380,,
100259,56424,862653,1,1,,90,0,0,,0,1,1,0,,,,0,0,1380,,
100260,56424,862654,1,1,"Within 12-24 months",90,0,0,,1,1,1,0,,,,0,0,1380,,
100261,56424,862655,1,1,"Within 12-24 months",90,0,0,,1,1,1,0,,,,0,0,1380,,
103805,56424,903654,1,1,,30,0,0,,1,1,1,0,,,,0,0,1378,,
100263,56425,862906,1,0,,99,0,0,,1,1,1,0,,,,0,0,1378,,
100264,56426,862918,1,0,,90,0,0,,1,1,1,0,,,,0,0,1379,,
101130,56426,873590,1,0,,,0,0,,1,1,1,0,,,,0,0,,,
100265,56427,862926,1,0,,50,0,0,,1,1,1,0,,,,0,0,1379,,
100266,56427,862927,1,0,,50,0,0,,1,1,1,0,,,,0,0,1379,,
100267,56428,862941,1,1,,85,0,0,,1,1,1,0,,,,0,0,1378,,
100268,56429,862944,1,1,,25,1,0,,1,1,1,0,,,,1,1,1381,,
100269,56430,862961,1,1,,99,0,0,,1,1,1,0,,,,0,0,1378,,
100270,56431,862972,1,0,,90,0,0,,1,1,1,0,,,,0,0,1379,,
100271,56432,863002,1,0,,100,0,0,,1,1,1,0,,,,0,0,1379,,
100272,56433,863007,1,0,,85,0,0,,1,1,1,0,,,,0,0,1379,,
100274,56435,863024,1,1,,80,1,0,,1,1,1,0,,,,1,1,1378,,
100275,56436,863047,1,0,,100,1,0,,1,1,1,0,,,,0,0,,,
100276,56436,863048,1,0,,25,0,0,,1,0,0,0,,,,0,0,1379,,
100277,56436,863049,1,0,,25,1,0,,1,1,1,0,,,,0,1,1381,,
100278,56437,863089,1,0,,95,1,0,,1,1,1,0,,,,0,1,,,
100279,56438,863101,1,0,,95,0,0,,1,1,1,0,,,,0,0,1378,,
100280,56439,863111,1,0,,90,0,0,,1,1,1,0,,,,0,1,1379,,
100281,56440,863128,1,1,,75,0,0,,1,1,1,0,,,,0,0,1379,,
100282,56441,863138,1,1,,75,1,0,,1,1,1,0,,,,0,0,1379,,
100283,56442,863151,1,1,,90,0,0,,1,1,1,0,,,,0,0,1378,,
100284,56443,863157,1,1,,85,0,0,,1,1,1,0,,,,0,0,1378,,
100285,56444,863163,1,1,,100,0,0,,1,1,1,0,,,,0,0,1381,,
100286,56445,863171,1,1,,95,0,0,,1,1,1,0,,,,0,0,1379,,
100287,56446,863179,1,0,,50,0,0,,1,1,1,0,,,,0,1,1381,,
100288,56447,863187,1,0,,40,0,0,,1,0,0,0,,,,0,0,1379,,
100290,56448,863193,1,0,,10,0,0,,0,1,0,0,,,,0,0,1378,,
100292,56449,863199,1,0,,45,0,0,,1,1,0,1,"OB/GYN",,,0,0,1378,,
100293,56449,863200,1,0,,45,0,0,,1,1,0,1,"Behavioral Health, OB/GYN, Perioperative",,,0,0,1378,,
100291,56450,863195,1,0,,70,0,0,,1,1,0,0,,,,0,0,1378,,
100294,56451,863206,1,0,,75,0,0,,0,1,1,0,,,,0,0,1380,,
100295,56451,863207,0,0,,,0,0,,0,0,0,0,,,,0,0,1380,,
100296,56451,863208,0,0,,,0,0,,0,0,0,0,,,,0,0,1380,,
100297,56451,863209,1,0,,95,0,0,,0,1,0,0,,,,0,0,1380,,
100298,56451,863210,1,0,,65,0,0,,1,1,1,0,,,,0,0,,,
100299,56452,863233,1,1,,95,0,0,,1,1,0,0,,,,0,0,1381,,
100300,56453,863249,0,0,,,0,0,,0,0,0,0,,,,0,0,,,
100301,56454,863256,1,0,,85,0,0,,1,1,1,0,,,,0,1,1379,,
100302,56454,863257,0,0,,,0,0,,0,0,0,0,,,,0,0,1378,,
100303,56454,863258,1,0,,75,0,0,,1,1,0,0,,,,0,0,1378,,
100304,56454,863259,1,0,,60,0,0,,1,1,1,0,,,,0,0,1379,,
100305,56454,863260,1,0,,95,0,0,,1,1,1,1,"Dialysis, ICU, OB/GYN, Oncology, PACU, Pain Clinic, Respiratory Care, Same Day Surgery, Urgent Care",,,0,0,1378,,
100306,56454,863261,1,0,,75,0,0,,1,1,1,0,,,,0,1,1380,,
100307,56454,863262,1,0,,75,0,0,,1,1,0,1,"OB/GYN",,,0,0,1379,,
100310,56456,863397,1,1,,75,0,0,,1,1,1,0,,,,0,0,1381,,
100311,56457,863404,1,1,,60,1,0,,1,1,1,0,,,,1,1,1378,,
100312,56458,863422,1,1,,100,0,0,,1,1,1,0,,,,0,0,1379,,
100313,56458,863423,0,0,,,0,0,,0,0,0,0,,,,0,0,1380,,
100314,56458,863424,1,1,,85,0,0,,0,0,0,0,,,,0,0,1380,,
100341,56458,863451,1,1,,80,0,0,,1,1,0,0,,,,0,0,1379,,
100342,56458,863452,1,0,,90,0,0,,1,1,1,0,,,,0,0,1378,,
100343,56458,863453,1,1,,100,0,0,,1,0,0,0,,,,0,0,1380,,
100328,56458,863438,1,1,,90,0,0,,1,1,0,0,,,,0,0,1381,,
100329,56458,863439,1,1,,95,0,0,,0,1,0,0,,,,0,0,1380,,
100330,56458,863440,1,1,,100,0,0,,1,1,0,0,,,,0,0,1380,,
100331,56458,863441,1,1,,70,0,0,,0,0,0,0,,,,0,0,1381,,
100332,56458,863442,1,1,,95,0,0,,1,0,0,0,,,,0,0,1381,,
100333,56458,863443,1,1,,100,0,0,,1,1,1,0,,,,0,0,1381,,
100334,56458,863444,1,1,,100,0,0,,1,1,1,0,,,,0,0,1381,,
100335,56458,863445,1,1,,95,0,0,,1,1,1,0,,,,0,0,1381,,
100336,56458,863446,1,1,,70,0,0,,0,0,0,0,,,,0,0,1381,,
100337,56458,863447,0,0,,,0,0,,0,0,0,0,,,,0,0,1381,,
100338,56458,863448,1,1,,90,0,0,,0,1,0,0,,,,0,0,1381,,
100339,56458,863449,1,1,,90,0,0,,1,1,1,0,,,,0,0,1381,,
100340,56458,863450,1,1,,95,0,0,,1,1,1,0,,,,0,0,1381,,
100315,56458,863425,1,1,,60,0,0,,0,1,0,0,,,,0,0,1380,,
100316,56458,863426,1,1,,95,0,0,,0,1,1,0,,,,0,0,1380,,
100317,56458,863427,1,1,,85,0,0,,1,0,0,0,,,,0,0,1380,,
100318,56458,863428,1,1,,100,0,0,,1,1,1,0,,,,0,0,1378,,
100319,56458,863429,0,0,,,0,0,,0,0,0,0,,,,0,0,1378,,
100320,56458,863430,1,1,,90,0,0,,1,1,1,0,,,,0,0,1380,,
100321,56458,863431,1,1,,95,0,0,,1,1,1,0,,,,0,0,1379,,
100322,56458,863432,1,1,,95,0,0,,1,0,0,0,,,,0,0,1381,,
100323,56458,863433,1,1,,100,0,0,,1,1,0,0,,,,0,0,1380,,
100324,56458,863434,1,1,,100,0,0,,1,1,0,0,,,,0,0,1380,,
100325,56458,863435,1,1,,100,0,0,,1,1,0,0,,,,0,0,1381,,
100326,56458,863436,1,1,,85,0,0,,1,0,0,0,,,,0,0,1381,,
100327,56458,863437,1,1,,100,0,0,,1,1,0,0,,,,0,0,1380,,
100344,56459,864341,1,1,"Within 12 months",80,0,0,,1,1,1,0,,,,0,0,1378,,
100345,56460,864361,1,0,,85,0,0,,1,1,1,1,"Cardiac Cath-Lab.",,,0,0,1379,,
100346,56460,864362,1,0,,90,0,0,,1,1,1,1,"ICU, OB/GYN",,,0,0,1379,,
100347,56460,864363,1,0,,95,0,0,,1,1,1,1,"ICU, OB/GYN",,,0,0,1379,,
100348,56460,864364,1,0,,90,0,0,,1,1,1,0,,,,0,0,1379,,
100349,56460,864365,1,0,,90,0,0,,1,1,1,1,"ICU, OB/GYN",,,0,0,1379,,
100350,56461,864441,1,1,"Within 12 months",40,0,0,,1,1,1,1,"NICU, PICU, Radiology",,,0,0,1379,,
100351,56462,864446,1,0,,90,0,0,,1,1,1,0,,,,0,0,1381,,
100352,56463,864473,1,1,,75,0,0,,1,1,0,0,,,,0,0,1378,,
100353,56464,864479,1,1,,95,0,0,,1,1,1,0,,,,0,0,1380,,
100354,56464,864480,1,1,,90,0,0,,1,1,1,0,,,,0,0,1380,,
100355,56464,864481,1,1,,90,0,0,,1,1,1,1,"Radiology",,,1,1,1381,,
100356,56464,864482,1,1,,90,0,0,,1,1,1,0,,,,0,0,1380,,
100357,56464,864483,1,1,,80,0,0,,1,1,1,0,,,,0,0,1380,,
100358,56464,864484,1,0,,85,0,0,,1,1,1,0,,,,1,1,1381,,
100359,56464,864485,1,0,,80,0,0,,1,1,1,0,,,,0,0,1381,,
100360,56464,864486,1,0,,85,0,0,,1,1,1,0,,,,0,0,1381,,
100187,56334,861602,1,1,,15,1,0,,0,0,0,0,,,,0,0,1381,,
99992,56464,859105,1,0,,,1,0,,1,1,1,0,,,,0,0,1379,,
99993,56464,859106,1,0,,80,1,0,,1,1,0,0,,,,0,0,,,
100361,56465,864579,1,1,"Within 12-24 months",95,0,0,,1,1,1,1,"OB/GYN",,,0,0,1379,,
100362,56465,864580,1,1,"Within 12-24 months",90,0,0,,1,1,1,0,,,,0,0,1379,,
100363,56466,864610,1,0,,25,1,0,,1,1,1,0,,,,0,1,1379,,
100366,56469,864673,1,1,,90,1,0,,1,1,1,0,,,,1,1,1379,,
100367,56470,864688,1,1,,90,0,0,,1,1,1,0,,,,0,0,1379,,
100368,56471,864706,1,0,,80,0,0,,1,1,1,0,,,,0,0,,,
100369,56472,864724,1,1,,25,0,0,,1,1,1,0,,,,0,0,1379,,
100370,56472,864725,1,1,,90,0,0,,1,1,1,0,,,,0,0,1379,,
100371,56472,864726,1,1,,95,0,0,,1,1,1,0,,,,0,0,1378,,
100372,56472,864727,1,1,,95,1,0,,1,1,1,0,,,,0,0,1379,,
100373,56472,864728,1,1,,100,0,0,,1,1,1,0,,,,1,1,1379,,
100374,56473,864757,1,0,,80,0,0,,1,0,1,0,,,,0,0,,,
100381,56478,864861,1,0,,99,0,0,,0,0,0,0,,,,0,0,1379,,
100382,56479,864867,1,0,,25,0,0,,1,1,1,0,,,,1,1,1379,,
100383,56479,864868,1,0,,35,0,0,,1,1,1,0,,,,0,1,1379,,
100384,56480,864953,1,1,,75,1,0,,1,1,1,0,,,,1,1,1378,,
100385,56480,864954,1,0,,20,0,0,,1,1,1,0,,,,0,0,1378,,
100386,56480,864955,1,0,,99,0,0,,0,0,0,0,,,,0,0,1378,,
99791,56480,856197,1,1,,95,0,0,,1,1,1,1,"Outpatient Services",,,0,0,1380,,
101937,56480,884124,1,0,,75,0,0,,0,0,0,0,,,,0,0,1379,,
100411,56482,865035,0,0,,,0,0,,0,0,0,0,,,,0,0,1381,,
100412,56483,865038,1,1,,98,0,0,,1,1,1,0,,,,0,0,1378,,
100413,56484,865052,0,0,,,0,0,,0,0,0,0,,,,0,0,1379,,
100414,56485,865059,1,1,">24 months",95,0,0,,1,1,1,0,,,,0,0,1379,,
100415,56486,865091,1,1,,75,0,0,,1,1,1,0,,,,1,1,1380,,
100416,56487,865101,1,0,,,0,0,,0,0,0,0,,,,0,0,1379,,
100417,56488,865115,1,0,,75,0,0,,0,1,0,0,,,,0,0,,,
100418,56489,865117,1,1,,,1,0,,1,1,1,0,,,,1,1,1379,,
100419,56489,865118,1,0,,85,0,0,,1,1,1,0,,,,0,0,1379,,
100420,56490,865185,1,0,,,0,0,,0,1,1,0,,,,0,0,1379,,
100421,56491,865192,1,0,,50,0,0,,1,1,1,0,,,"Within 12 months",1,0,1379,,
100422,56492,865234,1,1,,,0,0,,0,1,1,0,,,,0,0,1378,,
100423,56493,865251,1,1,,95,0,0,,1,1,0,0,,,,0,0,1378,,
100424,56493,865252,1,0,,95,1,0,,1,1,1,0,,,,0,1,1381,,
100425,56494,865291,1,1,,80,1,0,,1,1,0,0,,,,0,0,1381,,
100426,56495,865358,1,0,,65,0,0,,1,1,1,0,,,,0,0,1379,,
100192,56338,861681,1,0,,75,0,0,,1,1,1,0,,,,0,0,1378,,
100377,56476,864792,1,1,,75,0,0,,1,1,1,0,,,,0,0,1381,,
100428,56496,865383,1,1,,85,0,1,,1,1,1,1,"Ambulatory Clinics, Chemo Infusion",,,1,1,1381,,
100438,56502,865542,1,0,,75,0,0,,1,1,1,0,,,,0,0,,,
100439,56503,865552,1,0,,85,0,0,,1,1,1,0,,,,0,0,1379,,
100440,56504,865570,1,0,,100,0,0,,1,1,1,0,,,,0,0,1379,,
100441,56505,865579,1,1,,80,0,0,,1,1,1,0,,,,0,0,1381,,
100442,56505,865580,1,1,,40,0,0,,1,1,0,0,,,,0,0,1381,,
100443,56505,865581,1,1,,95,0,0,,1,1,1,0,,,,0,0,1378,,
100444,56505,865582,1,0,,95,0,0,,1,1,1,0,,,,0,0,1380,,
100445,56505,865583,1,1,,95,0,0,,1,1,1,0,,,,0,0,1380,,
100456,56508,865747,1,0,,90,0,0,,1,1,1,1,"ICU, OB/GYN",,,0,0,1379,,
100457,56509,865769,1,1,,85,1,0,,1,1,1,0,,,,0,0,1378,,
100458,56510,865798,1,0,,75,0,0,,1,1,1,0,,,,0,0,1379,,
100502,56519,866254,1,1,,90,0,0,,1,0,1,0,,,,0,0,1380,,
100503,56520,866381,1,0,,90,0,0,,1,1,0,0,,,,0,0,1378,,
100504,56521,866390,1,0,,60,1,0,,1,1,1,0,,,,1,1,1379,,
100505,56522,866405,0,0,,,0,0,,0,0,0,0,,,,0,0,1378,,
100506,56523,866410,1,1,"Within 12-24 months",80,0,0,,1,1,0,0,,,,0,0,1378,,
100507,56524,866416,1,1,"Within 12-24 months",75,0,0,,1,1,1,0,,,,0,0,,,
100508,56525,866422,1,1,"Within 12-24 months",90,0,0,,1,1,1,0,,,,0,0,1380,,
100509,56526,866444,1,1,,90,0,0,,1,1,1,0,,,,0,0,1379,,
100510,56527,866471,0,0,,,0,0,,0,0,0,0,,,,0,0,1378,,
100511,56528,866478,1,1,,70,0,0,,0,1,0,0,,,,0,0,1378,,
100515,56530,866506,0,0,,,0,0,,0,0,0,0,,,,0,0,1381,,
100513,56531,866494,1,1,,70,0,0,,1,1,1,0,,,,0,0,1379,,
100514,56531,866495,1,0,,95,0,0,,1,1,1,0,,,,0,0,1378,,
100516,56532,866511,1,1,,40,0,0,,1,1,1,0,,,,0,0,1378,,
100517,56533,866529,1,1,,90,0,0,,1,1,1,0,,,,1,1,1379,,
100518,56533,866530,1,1,,90,0,0,,1,1,1,0,,,,1,1,1379,,
100519,56534,866569,1,1,,95,0,0,,1,1,1,0,,,,0,0,1379,,
100520,56534,866570,1,1,">24 months",95,0,0,,1,1,1,0,,,,0,0,1379,,
100466,56515,865962,0,0,,,0,0,,0,0,0,0,,,,0,0,1381,,
100548,56544,867079,1,1,,95,0,0,,1,1,0,0,,,,1,1,1381,,
100549,56545,867125,1,1,,80,0,0,,1,1,1,0,,,,0,0,1378,,
100550,56545,867126,1,1,,80,0,0,,1,1,1,0,,,,0,0,1378,,
100551,56545,867127,1,1,,80,0,0,,1,1,1,0,,,,0,0,1378,,
100552,56546,867212,1,1,,85,0,0,,1,1,0,0,,,,0,0,,,
100553,56546,867213,1,1,,90,0,0,,1,1,1,0,,,,0,0,1379,,
100554,56546,867214,1,1,,80,0,0,,1,1,0,0,,,,0,0,1378,,
100555,56547,867286,1,0,,50,1,0,,1,1,1,0,,,,0,0,1379,,
100556,56547,867287,1,0,,40,0,0,,1,1,1,0,,,,0,0,1379,,
100557,56547,867288,1,0,,50,0,0,,1,1,1,0,,,,0,0,1379,,
100558,56547,867289,1,0,,90,0,0,,1,1,1,0,,,,0,0,1379,,
100559,56547,867290,1,0,,95,1,0,,0,0,0,0,,,,0,1,1379,,
100690,56547,869064,1,1,,90,1,0,,0,1,0,1,"ICU, NICU, OB/GYN, Pediatric",,,1,1,1381,,
100560,56548,867418,1,1,,90,0,0,,1,1,1,0,,,,0,0,1379,,
100561,56549,867429,1,0,,80,1,0,,0,0,0,0,,,,0,1,1381,,
100535,56539,866749,1,1,,90,0,0,,1,1,1,0,,,,1,1,1379,,
100536,56539,866750,1,1,,95,0,0,,1,1,1,1,"ICU, OB/GYN",,,1,1,,,
100537,56539,866751,1,1,,90,0,0,,1,1,1,1,"ICU, OB/GYN",,,1,1,1379,,
100538,56539,866752,1,1,,95,0,0,,1,0,0,0,,,,0,0,,,
100539,56540,866823,1,1,,90,0,0,,1,1,1,0,,,,1,1,1381,,
100540,56541,866842,1,1,,95,0,0,,1,0,1,0,,,,1,1,1379,,
100541,56541,866843,1,1,,80,0,0,,1,1,0,0,,,,1,1,1380,,
100542,56541,866844,1,1,,85,0,0,,1,1,0,0,,,,1,1,1379,,
100543,56541,866845,1,1,,90,1,0,,1,1,1,0,,,,1,1,1379,,
100584,56554,867580,1,1,"Within 12-24 months",80,0,0,,1,1,1,0,,,,0,0,1381,,
100585,56554,867581,1,1,"Within 12-24 months",70,0,0,,1,1,0,0,,,,0,0,1378,,
100586,56555,867654,1,0,,50,1,0,,1,1,0,0,,,,0,0,1379,,
100587,56556,867687,1,1,,85,0,0,,1,1,1,0,,,,0,0,1378,,
100588,56556,867688,1,1,,90,0,0,,1,1,1,0,,,,1,1,1378,,
100589,56556,867689,1,1,,90,0,0,,1,1,1,0,,,,1,1,1378,,
100590,56557,867731,1,1,,100,0,0,,1,1,1,1,"OB/GYN, PACU",,,0,0,1381,,
100593,56560,867798,1,1,,90,0,0,,1,1,1,1,"Cardiac Cath-Lab., Day Surgery & Day Surgery Extended",,,0,0,1381,,
100594,56560,867799,1,1,,90,1,0,,1,1,1,1,"Hospital Based Clinics",,,0,0,1381,,
100595,56560,867800,1,1,,100,1,0,,1,1,1,1,"Hospital Based Clinics",,,1,1,1381,,
100602,56562,867952,1,1,,95,0,0,,1,1,1,0,,,,0,0,1379,,
100611,56568,868056,1,0,,95,0,0,,1,1,1,0,,,,0,0,1379,,
100612,56568,868057,0,0,,,0,0,,0,0,0,0,,,,0,0,1378,,
100613,56569,868089,1,0,,90,0,0,,1,1,1,0,,,,0,0,1379,,
100614,56569,868090,1,0,,80,0,0,,1,0,1,0,,,,0,0,,,
100615,56569,868091,1,0,,80,0,0,,1,1,1,0,,,,0,0,1381,,
100616,56569,868092,1,0,,90,0,0,,1,0,0,0,,,,0,0,,,
100617,56570,868330,1,1,"Within 12 months",45,0,0,,1,1,1,0,,,"Within 12 months",1,1,1379,,
100618,56571,868347,1,0,,80,1,0,,1,1,1,0,,,,0,1,1379,,
100619,56571,868348,1,0,,80,1,0,,1,1,0,0,,,,0,1,1379,,
100620,56571,868349,1,0,,80,1,0,,1,1,1,0,,,,0,1,1379,,
100621,56571,868350,1,0,,80,1,0,,1,1,1,0,,,,0,1,1379,,
100622,56571,868351,1,0,,80,1,0,,1,1,1,0,,,,0,1,1380,,
100623,56571,868352,1,0,,90,0,0,,1,1,0,0,,,,0,0,1378,,
100624,56572,868407,1,0,,85,0,0,,1,1,1,0,,,,0,0,1378,,
100625,56573,868422,1,0,,95,0,0,,1,1,1,0,,,,0,0,1381,,
100626,56573,868423,1,0,,95,0,0,,1,1,1,0,,,,0,0,1381,,
100627,56573,868424,1,0,,95,0,0,,1,1,1,0,,,,0,0,1381,,
100629,56574,868476,1,0,,90,0,0,,1,0,0,0,,,,0,0,,,
100630,56574,868477,1,0,,90,0,0,,1,1,1,0,,,,0,0,1379,,
100631,56574,868478,1,0,,90,0,0,,1,1,1,0,,,,0,0,1380,,
100632,56575,868489,1,0,,90,0,0,,1,1,1,0,,,,0,0,1379,,
100633,56576,868508,1,0,,85,0,0,,1,1,1,0,,,,0,0,,,
100634,56576,868509,1,0,,85,0,0,,1,1,1,0,,,,0,0,,,
100635,56576,868510,1,0,,90,0,0,,1,1,1,0,,,,0,0,,,
100636,56576,868511,1,0,,90,0,0,,1,1,1,0,,,,0,0,,,
100637,56576,868512,1,0,,65,0,0,,1,1,1,0,,,,0,0,,,
100638,56576,868513,1,0,,85,0,0,,1,1,1,0,,,,0,0,,,
100639,56576,868514,1,0,,90,0,0,,1,1,1,0,,,,0,0,,,
100640,56576,868515,1,0,,10,0,0,,1,1,1,0,,,,0,0,,,
100641,56576,868516,1,0,,80,1,0,,1,1,1,0,,,,0,0,,,
100642,56576,868517,1,0,,40,0,0,,1,1,1,0,,,,0,0,,,
100643,56576,868518,1,0,,90,0,0,,1,1,0,0,,,,0,0,,,
100644,56576,868519,1,0,,95,0,0,,1,1,1,0,,,,0,0,,,
100645,56576,868520,1,0,,85,0,0,,1,1,1,0,,,,0,0,,,
100646,56576,868521,1,0,,86,0,0,,1,1,1,0,,,,0,0,,,
100647,56576,868522,1,0,,95,1,0,,1,1,1,0,,,,0,1,1379,,
100648,56576,868523,1,0,,99,0,0,,1,1,1,0,,,,0,0,,,
100649,56576,868524,1,0,,80,0,0,,1,1,1,0,,,,0,0,1379,,
101542,56576,878466,1,1,,90,0,0,,1,1,1,0,,,,0,0,1381,,
101543,56576,878467,1,0,,50,0,0,,1,1,1,1,"ICU, OB/GYN, TCU, ",,,0,1,1381,,
101544,56576,878468,1,1,,90,0,0,,1,1,1,0,,,,0,0,1381,,
100653,56578,868815,1,1,,90,0,0,,1,1,1,0,,,,0,0,1379,,
100655,56580,868838,0,0,,,0,0,,0,0,0,0,,,,0,0,1379,,
100656,56580,868839,1,0,,,0,0,,0,0,0,0,,,,0,0,1379,,
100657,56580,868840,1,0,,75,0,0,,1,0,1,0,,,,0,0,1379,,
100658,56580,868841,1,0,,,0,0,,0,0,0,0,,,,0,0,1379,,
100659,56580,868842,1,0,,,0,0,,0,0,0,0,,,,0,0,1379,,
100660,56580,868843,1,0,,,0,0,,0,0,0,0,,,,0,0,1378,,
100661,56580,868844,1,0,,,0,0,,0,0,0,0,,,,0,0,1379,,
100662,56580,868845,0,0,,,0,0,,0,0,0,0,,,,0,0,1379,,
100663,56580,868846,1,0,,,0,0,,0,0,0,0,,,,0,0,1379,,
100664,56580,868847,0,0,,,0,0,,0,0,0,0,,,,0,0,1379,,
100665,56580,868848,1,0,,,0,0,,0,0,0,0,,,,0,0,1379,,
100666,56580,868849,0,0,,,0,0,,0,0,0,0,,,,0,0,1379,,
100667,56580,868850,1,0,,,0,0,,0,0,0,0,,,,0,0,1379,,
100668,56580,868851,1,0,,,0,0,,0,0,0,0,,,,0,0,1379,,
100669,56580,868852,0,0,,,0,0,,0,0,0,0,,,,0,0,1379,,
100670,56580,868853,1,0,,,0,0,,0,0,0,0,,,,0,0,1378,,
100671,56580,868854,0,0,,,0,0,,0,0,0,0,,,,0,0,1379,,
100672,56580,868855,1,0,,,0,0,,0,0,0,0,,,,0,0,1379,,
100674,56580,868857,0,0,,,0,0,,0,0,0,0,,,,0,0,1379,,
100675,56581,868862,1,0,,80,0,0,,1,1,1,0,,,,0,0,1379,,
100676,56582,868873,1,1,,75,0,0,,1,1,1,0,,,,0,0,1378,,
100677,56582,868874,1,1,,75,0,0,,1,1,1,0,,,,0,0,1381,,
100678,56582,868875,1,1,,75,0,0,,1,1,1,0,,,,0,0,1381,,
100679,56582,868876,1,1,,80,0,0,,1,1,1,0,,,,0,0,1381,,
100680,56582,868877,1,1,,75,0,0,,1,0,1,0,,,,0,0,1381,,
100681,56582,868878,1,1,,70,0,0,,1,1,1,0,,,,0,0,1381,,
100682,56582,868879,1,1,,75,0,0,,1,1,1,0,,,,0,0,1381,,
102055,56582,885555,1,0,,70,0,0,,1,1,0,0,,,,0,0,1381,,
100606,56564,867995,1,1,,100,0,0,,1,1,0,0,,,,0,0,1378,,
100607,56565,868013,1,1,,85,0,0,,1,1,1,0,,,,0,0,1379,,
100608,56566,868033,1,0,,95,0,0,,1,0,0,0,,,,0,0,1379,,
100609,56566,868034,1,0,,95,0,0,,1,1,1,0,,,,0,0,1379,,
100684,56584,868990,1,0,,70,0,0,,1,1,1,0,,,,0,0,1379,,
100685,56585,868996,1,0,,90,0,0,,1,1,1,1,"ICU, OB/GYN",,,0,0,1378,,
100686,56586,869001,1,1,,50,0,0,,1,1,1,0,,,,0,0,1381,,
100687,56586,869002,1,1,,50,0,0,,1,1,1,0,,,,0,0,1381,,
102884,56594,892322,1,1,,90,0,0,,1,1,1,0,,,,0,0,1378,,
100693,56591,869124,1,1,,80,0,0,,1,1,1,0,,,,0,0,1380,,
100694,56591,869125,1,0,,80,0,0,,1,1,1,0,,,,0,0,1380,,
100695,56592,869204,1,0,,90,0,0,,1,1,1,0,,,,0,1,1381,,
100696,56593,869223,1,0,,25,0,0,,1,1,0,0,,,,0,0,1379,,
100707,56596,869434,1,0,,90,0,0,,1,1,1,0,,,,0,0,1381,,
100604,56563,867969,1,1,"Within 12 months",35,0,0,,1,1,1,0,,,,0,0,1378,,
100711,56598,869495,1,0,,60,0,0,,1,1,0,0,,,,0,0,1379,,
100713,56598,869497,1,1,,75,1,0,,1,1,1,0,,,,0,1,1379,,
100714,56599,869520,1,0,,95,0,0,,1,0,1,0,,,,0,0,,,
100715,56600,869540,1,1,"Within 12 months",50,0,0,,1,1,0,0,,,,0,0,1379,,
100717,56602,869570,1,1,,50,0,0,,1,1,0,0,,,,0,0,1379,,
100718,56603,869578,1,0,,95,1,0,,1,1,1,0,,,,0,1,1379,,
100719,56604,869600,1,0,,80,0,0,,1,1,0,0,,,,1,1,1379,,
100720,56605,869618,1,1,,90,0,0,,1,1,1,0,,,,0,0,1379,,
100721,56606,869631,1,1,,75,0,0,,1,1,1,0,,,,0,0,1381,,
100722,56607,869641,1,1,,90,1,0,,1,1,1,0,,,,0,0,1379,,
100723,56607,869642,1,1,,90,1,0,,1,1,1,0,,,,0,0,1379,,
100727,56611,869776,1,0,,90,0,0,,1,1,1,0,,,,0,0,1380,,
100728,56611,869777,1,0,,98,0,0,,1,1,1,0,,,,0,0,1380,,
100729,56611,869778,1,0,,70,0,0,,1,1,1,0,,,,0,0,1378,,
100730,56611,869779,1,0,,95,0,0,,1,1,1,0,,,,0,0,,,
100731,56611,869780,0,0,,,0,0,,0,0,0,0,,,,0,0,1380,,
100732,56611,869781,1,0,,95,0,0,,1,1,1,0,,,,0,0,1379,,
100725,56609,869743,1,1,,100,0,0,,1,1,1,0,,,,1,1,1378,,
100738,56615,869969,1,0,,95,0,0,,1,1,1,0,,,,0,0,1379,,
100739,56615,869970,1,0,,95,0,0,,1,1,1,0,,,,0,1,1378,,
100740,56616,869990,1,0,,90,0,0,,1,1,1,0,,,,0,0,,,
100741,56616,869991,1,0,,90,0,0,,1,1,1,0,,,,0,0,1381,,
100742,56616,869992,1,0,,90,0,0,,1,1,1,0,,,,0,0,1379,,
100743,56616,869993,1,0,,90,0,0,,0,1,1,0,,,,0,0,1379,,
100747,56619,870070,1,0,,80,0,0,,1,1,1,0,,,,0,0,,,
100748,56619,870071,1,0,,40,0,0,,1,1,1,1,"OB/GYN",,,0,0,1381,,
100749,56620,870111,1,0,,30,0,0,,1,1,1,0,,,,0,0,1379,,
100763,56623,870235,1,1,,50,0,0,,1,1,1,0,,,,0,0,1379,,
100764,56623,870236,1,0,,,0,0,,1,1,1,0,,,,0,0,1379,,
100765,56623,870237,1,1,"Within 12-24 months",50,1,0,,1,1,1,1,"Endoscopy, OB/GYN",,,0,0,1379,,
100766,56624,870336,1,0,,50,0,1,"Within 12-24 months",1,1,1,0,,,,0,0,1379,,
100754,56622,870179,1,0,,50,0,0,,1,1,1,0,,,,0,0,1380,,
100770,56628,870390,1,1,,90,0,0,,1,1,1,0,,,,1,1,1379,,
100775,56630,870438,1,0,,60,1,0,,1,1,1,0,,,,0,0,1379,,
100776,56630,870439,1,0,,90,0,0,,1,0,1,0,,,,0,0,1379,,
100777,56631,870443,1,0,,95,0,0,,1,1,1,0,,,,0,1,1379,,
100797,56653,870851,1,1,"Within 12 months",85,0,0,,1,1,0,0,,,,0,0,1379,,
100798,56653,870852,1,1,"Within 12-24 months",85,0,0,,1,1,1,0,,,,0,0,1379,,
100799,56654,870888,1,0,,,0,0,,1,1,1,0,,,,0,0,1380,,
100800,56654,870889,1,0,,,0,0,,1,1,1,0,,,,0,0,1380,,
100801,56654,870890,0,0,,,0,0,,0,0,0,0,,,,0,0,1381,,
100802,56654,870891,1,0,,,0,0,,1,1,1,0,,,,0,0,1380,,
100803,56654,870892,0,0,,,0,0,,0,0,0,0,,,,0,0,1381,,
100804,56654,870893,1,0,,80,1,0,,1,1,1,0,,,,0,0,1380,,
100805,56654,870894,1,0,,,0,0,,1,0,0,0,,,,0,0,1380,,
100806,56654,870895,1,0,,,0,0,,1,1,0,0,,,,0,0,1380,,
100807,56654,870896,1,0,,65,0,0,,1,1,1,0,,,,0,0,1380,,
100808,56654,870897,1,0,,,0,0,,1,1,1,0,,,,0,0,1378,,
100809,56654,870898,1,0,,,0,0,,1,1,1,0,,,,0,0,1380,,
100810,56654,870899,1,0,,,0,0,,1,1,1,0,,,,0,0,1381,,
100811,56654,870900,1,0,,,1,0,,1,1,1,0,,,,0,0,1380,,
100812,56654,870901,1,1,,,0,0,,1,1,1,0,,,,0,0,1380,,
100813,56654,870902,1,0,,,0,0,,1,0,0,0,,,,0,0,1380,,
100814,56654,870903,1,0,,,1,0,,1,1,1,0,,,,0,0,1380,,
100815,56654,870904,1,0,,,0,0,,1,1,1,0,,,,0,0,1380,,
100816,56654,870905,1,1,,,0,0,,1,1,1,0,,,,0,0,1380,,
100817,56654,870906,1,0,,,0,0,,1,1,1,0,,,,0,0,1380,,
100818,56654,870907,0,0,,,0,0,,0,0,0,0,,,,0,0,1380,,
100819,56654,870908,1,0,,,0,0,,1,1,1,0,,,,0,0,1380,,
100820,56655,871136,1,0,,80,0,0,,1,1,1,0,,,,0,0,1380,,
100821,56655,871137,1,0,,85,0,0,,1,1,1,0,,,,0,0,,,
100822,56655,871138,1,0,,,0,0,,1,1,1,0,,,,0,0,,,
100823,56655,871139,1,0,,90,0,0,,1,1,1,0,,,,0,0,,,
100824,56655,871140,1,0,,80,0,0,,1,1,1,0,,,,0,0,,,
100825,56655,871141,1,0,,75,0,0,,1,1,1,0,,,,0,0,1380,,
100826,56655,871142,1,0,,90,1,0,,1,1,1,0,,,,0,0,,,
100827,56655,871143,1,0,,,1,0,,1,1,1,0,,,,0,0,,,
100828,56655,871144,1,0,,95,0,0,,1,1,1,0,,,,0,0,,,
100829,56655,871145,1,0,,90,0,0,,1,1,1,0,,,,0,0,1380,,
100831,56655,871147,1,0,,80,0,0,,1,1,1,0,,,,0,0,1380,,
100832,56655,871148,1,0,,95,0,0,,1,1,1,0,,,,0,0,1380,,
100833,56655,871149,1,0,,95,0,0,,1,1,1,0,,,,0,0,1378,,
100834,56655,871150,1,0,,95,0,0,,1,1,1,0,,,,0,0,1380,,
100835,56655,871151,1,0,,75,0,0,,0,0,0,0,,,,0,0,1381,,
100836,56655,871152,1,0,,95,0,0,,1,1,1,0,,,,0,0,1378,,
100837,56655,871153,1,0,,75,0,0,,1,1,1,0,,,,0,0,1378,,
100838,56655,871154,0,0,,,0,0,,0,0,0,0,,,,0,0,,,
100839,56655,871155,1,0,,95,0,0,,1,1,1,0,,,,0,0,1379,,
100840,56655,871156,1,0,,75,0,0,,1,1,1,0,,,,0,0,1381,,
100842,56655,871158,1,0,,75,0,0,,1,1,1,0,,,,0,0,1381,,
100843,56655,871159,1,1,,99,0,0,,1,1,1,0,,,,1,1,1381,,
100844,56655,871160,1,0,,,0,0,,1,1,1,0,,,,0,0,,,
100845,56655,871161,1,0,,100,0,0,,1,1,1,0,,,,0,0,,,
100846,56655,871162,1,0,,90,0,0,,1,1,1,0,,,,0,0,1379,,
100847,56656,871369,1,0,,10,0,0,,0,0,1,0,,,,0,0,1378,,
100848,56657,871377,1,0,,85,0,0,,1,1,1,0,,,,0,0,1378,,
100849,56657,871378,1,0,,90,0,0,,1,1,1,0,,,,0,1,1379,,
100857,56659,871450,1,1,,95,0,1,"Within 12 months",1,1,1,1,"OB/GYN, Psychiatry, Rehabilitation",,,1,1,1381,,
100858,56661,871508,1,1,,95,0,0,,1,1,1,0,,,,0,0,1378,,
100859,56661,871509,1,1,,90,0,0,,1,1,1,0,,,,0,0,1378,,
100860,56661,871510,1,1,,85,0,0,,1,1,1,0,,,,0,0,1378,,
100861,56663,871577,1,1,,,0,0,,1,1,0,0,,,,0,0,1378,,
100862,56664,871583,1,0,,75,0,0,,1,1,1,0,,,,0,0,,,
100863,56664,871584,1,0,,85,0,0,,1,1,1,0,,,,0,0,,,
100864,56664,871585,1,0,,90,0,0,,1,1,1,0,,,,0,0,,,
100865,56664,871586,1,0,,95,0,0,,1,1,1,0,,,,0,0,,,
100866,56664,871587,1,0,,90,0,0,,1,1,1,0,,,,0,0,,,
100867,56664,871588,1,0,,90,0,0,,1,1,1,0,,,,0,0,,,
100868,56664,871589,1,0,,95,0,0,,1,1,1,0,,,,0,0,,,
100869,56664,871590,1,0,,80,0,0,,1,1,1,0,,,,0,0,,,
100870,56664,871591,1,0,,90,0,0,,1,1,1,0,,,,0,0,,,
100871,56664,871592,1,0,,95,0,0,,1,1,1,0,,,,0,0,,,
100872,56664,871593,1,0,,99,0,0,,1,1,1,0,,,,0,0,,,
100873,56664,871594,1,0,,95,0,0,,1,1,1,0,,,,0,0,,,
100874,56664,871595,1,0,,90,0,0,,1,1,1,0,,,,0,0,,,
100875,56664,871596,1,0,,90,0,0,,1,1,1,0,,,,0,0,,,
100876,56664,871597,1,0,,75,0,0,,1,1,1,0,,,,0,0,,,
100877,56664,871598,1,0,,,0,0,,0,0,0,0,,,,0,0,,,
100878,56664,871599,1,0,,90,0,0,,1,1,1,0,,,,0,0,,,
100879,56664,871600,1,0,,50,0,0,,1,1,1,0,,,,0,0,,,
100880,56664,871601,1,0,,90,0,0,,1,1,1,0,,,,0,0,,,
100881,56664,871602,1,0,,75,0,0,,1,1,0,0,,,,0,0,,,
100882,56664,871603,1,0,,,0,0,,0,0,0,0,,,,0,0,,,
100883,56664,871604,1,0,,90,0,0,,1,1,1,0,,,,0,0,,,
100884,56664,871605,1,0,,90,0,0,,1,1,1,0,,,,0,0,,,
100885,56664,871606,1,0,,90,0,0,,1,1,1,0,,,,0,0,,,
100886,56664,871607,1,0,,95,0,0,,1,1,1,0,,,,0,0,,,
100887,56664,871608,1,0,,90,0,0,,1,1,1,0,,,,0,0,,,
100888,56664,871609,1,0,,95,0,0,,1,1,1,0,,,,0,0,,,
100889,56664,871610,1,0,,90,0,0,,1,1,1,0,,,,0,0,,,
100890,56664,871611,1,0,,95,0,0,,1,1,1,0,,,,0,0,,,
100891,56664,871612,1,0,,90,0,0,,1,1,1,0,,,,0,0,,,
100892,56664,871613,1,0,,80,0,0,,1,1,1,0,,,,0,0,,,
100893,56664,871614,1,0,,80,0,0,,1,1,1,0,,,,0,0,,,
100894,56664,871615,1,0,,80,0,0,,1,1,1,0,,,,0,0,,,
100896,56664,871617,1,0,,,0,0,,0,0,0,0,,,,0,0,,,
100897,56664,871618,1,0,,95,0,0,,1,1,1,0,,,,0,0,,,
100898,56664,871619,1,0,,90,0,0,,1,1,1,0,,,,0,0,1381,,
100899,56664,871620,1,0,,80,0,0,,1,1,1,0,,,,0,0,1379,,
102385,56664,887613,1,1,,95,0,0,,1,1,1,0,,,,0,0,1379,,
102418,56664,887646,1,1,,80,1,0,,1,1,1,0,,,,0,0,1379,,
100900,56665,871916,1,1,"Within 12 months",90,0,0,,1,1,1,0,,,,0,0,1380,,
100901,56666,871943,1,1,,80,0,0,,1,1,1,0,,,,0,0,1378,,
100902,56667,871950,1,1,,40,0,0,,1,1,1,0,,,,0,0,,,
100903,56668,871984,1,0,,85,0,0,,1,1,1,0,,,,0,0,1379,,
100905,56670,872022,1,0,,85,0,0,,1,1,1,0,,,,0,0,1379,,
100906,56671,872051,1,0,,,0,0,,1,0,1,0,,,,0,0,,,
100907,56671,872052,1,0,,,0,0,,1,0,0,0,,,,0,0,,,
100908,56671,872053,1,0,,,1,0,,1,1,0,0,,,,0,0,1381,,
100909,56671,872054,1,0,,90,0,0,,1,1,1,0,,,,0,0,1379,,
100910,56671,872055,1,0,,,1,0,,1,1,0,0,,,,0,0,,,
100911,56671,872056,1,0,,,1,0,,1,1,0,0,,,,0,0,,,
100912,56672,872157,1,1,,75,0,0,,1,1,1,0,,,,0,0,,,
100913,56673,872178,1,1,"Within 12 months",95,0,0,,1,1,1,0,,,"Within 12 months",1,1,1379,,
100914,56673,872179,1,1,"Within 12 months",95,0,0,,1,1,1,0,,,"Within 12 months",1,1,1379,,
100915,56673,872180,1,1,"Within 12 months",95,0,0,,1,1,1,0,,,"Within 12 months",1,1,1379,,
100916,56673,872181,1,1,"Within 12 months",95,0,0,,1,1,1,0,,,"Within 12 months",1,1,1379,,
100917,56673,872182,1,1,"Within 12 months",95,0,0,,1,0,0,0,,,"Within 12 months",1,1,1379,,
100918,56673,872183,1,1,"Within 12 months",95,0,0,,1,1,1,0,,,"Within 12 months",1,1,1379,,
100919,56673,872184,1,1,"Within 12 months",95,0,0,,1,1,1,0,,,"Within 12 months",1,1,1379,,
100920,56673,872185,1,1,"Within 12 months",95,0,0,,1,1,1,0,,,"Within 12 months",1,1,1379,,
100921,56673,872186,1,1,"Within 12 months",95,0,0,,1,1,1,0,,,"Within 12 months",1,1,1379,,
100922,56673,872187,1,1,"Within 12 months",95,0,0,,1,1,1,0,,,"Within 12 months",1,1,1379,,
100923,56673,872188,1,1,"Within 12 months",95,0,0,,1,1,1,0,,,,1,1,1379,,
102914,56673,876704,1,0,,,0,0,,1,0,0,0,,,,0,1,1379,,
103127,56673,895015,1,0,,95,0,0,,1,1,1,0,,,"Within 12 months",1,1,1379,,
100924,56674,872284,1,0,,100,0,0,,1,1,1,0,,,,0,0,1378,,
100925,56675,872294,1,0,,83,0,0,,1,1,1,0,,,,0,0,1381,,
100926,56675,872295,1,0,,50,0,0,,1,1,1,0,,,,0,0,1379,,
100927,56675,872296,1,1,,50,0,0,,1,1,1,0,,,,0,0,1379,,
100928,56675,872297,1,1,,90,0,0,,1,1,1,0,,,,0,0,,,
100929,56675,872298,1,0,,90,0,0,,1,1,1,0,,,,0,0,,,
100930,56675,872299,1,0,,90,0,0,,1,1,1,0,,,,0,0,1379,,
100931,56675,872300,1,0,,90,0,0,,1,1,1,0,,,,0,0,,,
100932,56675,872301,1,1,,90,0,0,,1,1,1,0,,,,0,0,,,
100933,56675,872302,1,0,,99,0,0,,1,1,1,0,,,,0,0,1379,,
100934,56675,872303,1,0,,50,0,0,,1,1,1,0,,,,0,0,,,
100935,56675,872304,1,1,,95,1,0,,0,0,0,0,,,,1,1,1379,,
100936,56675,872305,1,1,,50,1,0,,1,1,1,0,,,,1,1,1381,,
100783,56643,870598,1,1,,90,0,0,,1,1,0,0,,,,0,0,1379,,
100787,56645,870725,1,1,,50,0,0,,0,0,0,0,,,,0,0,1381,,
100788,56646,870733,1,1,,80,0,0,,1,0,1,0,,,,0,0,1380,,
100791,56649,870760,1,1,,80,0,0,,1,1,1,0,,,,0,0,1378,,
100792,56650,870771,1,0,,90,0,0,,1,1,1,1,"ACU, CCU, OB/GYN, PACU",,,0,0,1381,,
100793,56651,870783,1,1,,25,0,0,,0,1,1,0,,,,0,0,1379,,
100794,56651,870784,1,1,,95,0,0,,0,1,1,0,,,,0,0,1381,,
100795,56651,870785,1,1,,50,0,0,,0,1,1,0,,,,0,0,1381,,
100781,56641,870550,1,1,,90,0,0,,1,1,0,0,,,,0,0,1379,,
100944,56679,872510,1,0,,75,1,0,,1,1,1,0,,,,0,0,1379,,
100945,56679,872511,1,1,,20,0,0,,1,1,1,0,,,,0,0,1378,,
100946,56679,872512,1,0,,,0,0,,1,1,1,0,,,,0,0,1378,,
100947,56680,872525,1,1,,95,0,0,,1,1,1,0,,,,0,0,1379,,
100948,56681,872537,1,1,"Within 12-24 months",40,0,0,,1,1,1,0,,,,1,1,1380,,
100949,56682,872565,1,1,,90,0,0,,1,1,1,0,,,,0,0,1381,,
100950,56682,872566,1,0,,90,1,0,,1,1,1,0,,,,0,0,1381,,
100951,56682,872567,1,1,,85,0,0,,1,1,1,0,,,,0,0,1379,,
100952,56682,872568,1,0,,85,0,0,,1,1,1,0,,,,0,0,1379,,
100953,56682,872569,1,1,,95,0,0,,1,1,1,0,,,,0,0,1381,,
100954,56682,872570,1,1,,95,0,0,,1,1,1,1,"OB",,,0,0,1381,,
100955,56682,872571,0,0,,,0,0,,0,0,0,0,,,,0,0,,,
100956,56683,872757,1,1,,15,1,1,,1,1,1,0,,,,1,1,1379,,
100957,56683,872758,1,0,,65,0,0,,1,1,1,0,,,,0,0,1378,,
100958,56683,872759,1,0,,45,0,0,,1,1,1,0,,,,0,0,1379,,
100959,56683,872760,1,0,,65,0,0,,1,1,1,0,,,,0,0,1379,,
100960,56683,872761,1,0,,45,0,0,,1,1,1,0,,,,0,0,1378,,
100961,56683,872762,1,0,,99,0,0,,1,1,0,0,,,,0,0,1381,,
101985,56683,884761,0,0,,,0,0,,0,0,0,0,,,,0,0,1380,,
100963,56685,873108,1,1,,95,0,0,,1,1,1,0,,,,0,0,1381,,
100964,56685,873109,1,1,,90,0,0,,1,1,1,0,,,,0,0,1379,,
100965,56685,873110,1,1,,95,0,0,,1,1,1,0,,,,0,0,1381,,
100967,56686,873219,1,1,">24 months",75,0,0,,1,1,1,0,,,,0,0,1380,,
100981,56689,873384,1,0,,,0,0,,1,0,0,0,,,,0,0,,,
101131,56692,873708,1,1,"Within 12 months",36,1,0,,1,1,1,0,,,,0,0,1378,,
102306,56693,887534,1,0,,75,0,0,,1,1,1,0,,,,0,0,,,
101419,56729,876218,1,1,,50,0,0,,1,1,1,0,,,,1,1,1381,,
101420,56729,876219,1,1,,50,0,0,,1,1,1,0,,,,1,1,1381,,
101421,56730,876581,0,0,,,0,0,,0,0,0,0,,,,0,0,1378,,
101459,56746,877129,0,0,,,0,0,,0,0,0,0,,,,0,0,,,
101460,56746,877130,1,0,,75,0,0,,1,1,1,0,,,,0,0,,,
101461,56746,877131,1,0,,75,0,0,,1,1,1,0,,,,0,0,,,
101462,56746,877132,1,0,,99,0,0,,1,1,1,0,,,,0,0,1379,,
101463,56746,877133,1,1,,40,0,0,,0,1,1,0,,,,0,0,1378,,
101464,56746,877134,1,1,,95,1,0,,1,1,1,0,,,,0,0,1381,,
101465,56747,877267,1,1,,80,1,0,,1,1,1,0,,,,0,1,1379,,
101466,56747,877268,1,0,,90,0,0,,1,0,1,0,,,,0,0,,,
101467,56747,877269,1,0,,,0,0,,0,0,0,0,,,,0,0,,,
101468,56747,877270,1,0,,,0,0,,0,0,0,0,,,,0,0,,,
101469,56748,877331,1,0,,,0,0,,0,0,0,0,,,,0,0,1379,,
101470,56748,877332,1,0,,100,0,0,,1,1,1,0,,,,0,1,1380,,
101471,56748,877333,1,1,"Within 12 months",95,0,0,,1,1,1,0,,,"Within 12 months",1,1,1379,,
101472,56748,877334,1,1,"Within 12 months",95,0,0,,1,0,1,1,"PACU, Radiology",,,0,0,1379,,
101473,56748,877335,1,0,,,0,0,,1,1,1,0,,,,0,0,1379,,
101474,56748,877336,1,1,"Within 12 months",95,0,0,,1,1,1,1,"OB/GYN, Oncology, PACU, Radiology",,,0,0,1379,,
101475,56748,877337,1,1,,95,0,0,,0,0,0,0,,,,0,0,1379,,
101476,56748,877338,1,1,,98,0,0,,1,1,1,0,,,"Within 12-24 months",1,1,1381,,
101477,56748,877339,1,0,,90,1,0,,0,0,0,0,,,,0,1,1379,,
101478,56748,877340,1,1,"Within 12 months",95,0,0,,1,1,1,0,,,,0,0,1379,,
101479,56748,877341,1,0,,100,0,0,,1,1,0,0,,,,0,0,1381,,
101480,56748,877342,1,0,,95,0,0,,1,1,1,0,,,,0,0,1379,,
101481,56748,877343,0,0,,,0,0,,0,0,0,0,,,,0,0,1381,,
101482,56748,877344,1,0,,95,0,0,,1,1,1,0,,,,0,0,1379,,
101484,56748,877346,1,1,,95,0,0,,1,1,1,1,"ASU, GI, ICU, OB/GYN, PACU",,,0,0,1379,,
101485,56748,877347,1,1,,90,1,0,,1,1,0,0,,,,0,0,1379,,
101486,56748,877348,1,0,,98,0,0,,1,1,1,0,,,,0,1,1381,,
101487,56748,877349,1,1,,90,0,0,,1,1,1,0,,,,0,0,1379,,
101488,56748,877350,1,0,,75,0,0,,1,1,1,0,,,,0,1,1381,,
101489,56748,877351,1,0,,95,0,0,,0,0,0,0,,,,0,0,1379,,
101490,56748,877352,1,0,,95,0,0,,1,1,1,0,,,,0,0,1379,,
101491,56749,877477,1,1,"Within 12 months",90,0,0,,0,1,1,0,,,,0,0,1379,,
101427,56731,876614,1,1,,100,0,0,,1,0,1,0,,,,0,0,,,
101429,56733,876706,1,0,,,0,0,,0,0,0,0,,,,0,0,,,
101430,56733,876707,1,0,,,0,0,,0,0,0,0,,,,0,0,,,
101431,56733,876708,1,0,,100,0,0,,1,0,0,0,,,,0,0,,,
101432,56733,876709,1,0,,75,0,0,,1,0,0,0,,,,0,0,,,
101433,56733,876710,1,0,,75,0,0,,1,1,1,0,,,,0,0,1379,,
101435,56734,876782,1,1,">24 months",80,1,0,,1,1,1,0,,,,0,1,1379,,
101437,56735,876832,1,0,,95,0,0,,1,1,1,0,,,,0,0,,,
101438,56736,876852,1,1,,95,0,0,,1,1,0,0,,,,0,0,1378,,
101164,56693,873907,1,0,,95,0,0,,1,1,1,0,,,,0,0,1378,,
101165,56693,873908,1,0,,90,0,0,,1,1,1,0,,,,0,0,1378,,
101424,56731,876611,1,1,,100,0,0,,1,1,1,0,,,,0,0,1379,,
101425,56731,876612,1,1,,100,0,0,,1,1,1,0,,,,1,1,1379,,
101443,56739,876877,1,0,,50,0,0,,0,0,0,0,,,,0,0,1378,,
101448,56743,876950,0,0,,,0,0,,0,0,0,0,,,,0,0,,,
101449,56744,876954,1,1,"Within 12 months",90,0,0,,1,1,1,0,,,,0,0,1380,,
101450,56744,876955,1,0,,30,0,0,,1,0,0,0,,,,0,0,1379,,
101451,56745,877068,1,0,,,0,0,,1,1,1,0,,,,0,0,1380,,
101452,56745,877069,1,0,,90,0,0,,1,1,1,0,,,,0,0,1380,,
101453,56745,877070,1,1,,90,1,0,,1,1,1,0,,,,1,1,1378,,
101454,56745,877071,1,1,,60,1,0,,1,1,0,0,,,,0,0,1381,,
101455,56745,877072,1,0,,,0,0,,1,0,1,0,,,,0,0,1380,,
101493,56769,877723,1,0,,85,0,0,,1,1,1,0,,,,0,0,1378,,
101494,56770,877766,1,1,"Within 12 months",70,1,0,,1,1,1,1,"Ambulatory Clinic",,,1,1,1381,,
101497,56771,877873,1,1,,95,1,0,,1,1,1,1,"Dialysis, GI/Endoscopy, Hospital Based Clinics, Nuclear Medicine, Radiation Oncology, Radiology",,,1,1,1381,,
101503,56774,878102,1,0,,98,0,0,,1,0,0,0,,,,0,0,1378,,
103940,56775,904896,1,1,,95,0,0,,1,1,1,0,,,,0,0,1378,,
101507,56776,878140,1,1,,50,0,0,,0,1,0,0,,,,0,0,1378,,
101508,56777,878145,1,1,,50,0,0,,0,0,0,0,,,,0,0,1379,,
101509,56778,878175,1,1,,75,0,0,,1,1,1,0,,,,0,0,1379,,
101510,56779,878180,1,1,,95,1,0,,1,1,1,0,,,,1,1,1381,,
101511,56780,878189,1,1,,95,0,0,,1,1,1,0,,,,0,0,1380,,
101512,56781,878192,1,1,,98,0,0,,1,1,1,1,"ICU",,,0,0,1380,,
101513,56781,878193,1,1,,100,0,0,,1,1,1,0,,,,0,0,1380,,
101514,56782,878230,1,0,,95,0,0,,1,1,0,0,,,,0,0,1380,,
101515,56783,878233,1,0,,70,0,0,,1,1,0,0,,,,0,0,1378,,
101516,56784,878237,1,0,,,0,0,,0,0,0,0,,,,0,0,1381,,
101517,56785,878240,1,0,,90,0,0,,1,1,1,0,,,,0,0,,,
101518,56785,878241,1,0,,90,0,0,,1,1,1,0,,,,0,0,,,
101519,56785,878242,1,0,,90,0,0,,1,0,0,0,,,,0,0,,,
101520,56785,878243,1,0,,90,0,0,,1,1,1,0,,,,0,0,,,
101521,56785,878244,1,0,,90,0,0,,1,1,1,0,,,,0,0,1378,,
101522,56785,878245,1,0,,95,0,0,,1,1,1,0,,,,0,0,1378,,
101523,56785,878246,1,0,,90,0,0,,1,1,0,0,,,,0,0,1378,,
101524,56786,878304,1,0,,75,0,0,,1,1,1,0,,,,0,0,1380,,
101526,56788,878338,1,1,,50,0,0,,0,1,1,0,,,,0,0,1379,,
101527,56789,878343,0,0,,,0,0,,0,0,0,0,,,,0,0,1379,,
101528,56790,878345,1,1,,75,0,0,,1,1,0,0,,,,0,0,1379,,
101538,56799,878435,1,1,,80,0,0,,1,1,1,0,,,,0,0,1381,,
101539,56800,878452,1,1,,90,0,0,,1,1,1,0,,,,0,0,1378,,
101540,56801,878456,1,1,,90,0,0,,0,1,0,0,,,,0,0,1378,,
101541,56802,878459,1,1,,95,0,0,,0,1,1,0,,,,0,0,1379,,
101545,56804,878497,1,1,,98,0,0,,0,1,1,0,,,,0,0,1378,,
101546,56805,878508,0,0,,,0,0,,0,0,0,0,,,,0,0,,,
101547,56806,878513,1,1,,90,0,0,,1,0,0,0,,,,0,0,1379,,
101548,56807,878517,1,1,,75,0,0,,1,1,1,0,,,,0,0,1379,,
101549,56807,878518,1,1,,75,0,0,,1,1,1,0,,,,0,0,1379,,
103100,56807,895053,1,1,,75,0,0,,1,1,1,0,,,,0,0,,,
101531,56793,878367,1,1,,25,0,0,,1,0,0,0,,,,0,0,1378,,
101532,56794,878373,1,0,,90,0,0,,1,1,1,0,,,,0,0,1381,,
101533,56795,878385,1,1,,80,0,0,,0,1,1,0,,,,0,0,1379,,
101534,56796,878391,1,1,,80,0,0,,1,1,1,0,,,,0,0,1380,,
101536,56797,878406,1,1,,90,0,0,,1,1,1,0,,,,0,0,1380,,
101559,56814,878635,1,0,,90,0,0,,1,1,1,0,,,,0,0,1379,,
101560,56814,878636,1,0,,90,0,0,,1,0,1,0,,,,0,0,1379,,
101561,56814,878637,1,0,,,0,0,,1,0,0,0,,,,0,0,1379,,
101566,56819,878700,1,0,,90,0,0,,1,1,0,0,,,,0,0,1378,,
101567,56819,878701,1,0,,95,1,0,,1,1,1,0,,,,0,0,1378,,
101568,56820,878741,1,0,,95,0,0,,1,1,1,0,,,,0,0,1379,,
101569,56821,878801,1,1,,90,1,0,,1,1,1,0,,,,1,1,1379,,
101570,56822,878827,1,1,,80,0,0,,1,1,1,0,,,,0,0,,,
101571,56823,878830,1,0,,90,0,0,,1,1,1,1,"Cardiac Catheterization Lab., OB/GYN, Pediatrics, Wound Care",,,0,0,1379,,
101572,56824,878833,1,0,,50,0,0,,0,1,0,0,,,,0,0,1378,,
101573,56825,878839,1,0,,75,0,0,,1,1,0,0,,,,0,0,1378,,
101574,56826,878842,0,0,,,0,0,,0,0,0,0,,,,0,0,1378,,
101589,56841,878915,1,1,,100,0,0,,1,0,1,0,,,,0,0,1378,,
101590,56842,878926,1,0,,65,0,0,,1,1,0,0,,,,0,0,1378,,
101591,56842,878927,1,0,,85,0,0,,1,1,1,0,,,,0,0,1379,,
101592,56842,878928,1,0,,90,0,0,,1,1,1,0,,,,0,0,,,
101593,56842,878929,1,0,,50,0,0,,1,1,1,0,,,,0,0,1379,,
101594,56842,878930,1,0,,50,0,0,,1,1,1,0,,,,0,0,1381,,
101595,56843,879020,1,0,,60,0,0,,1,1,1,0,,,,0,0,,,
101596,56844,879027,1,0,,80,0,0,,0,1,1,0,,,,0,0,1379,,
101597,56845,879031,1,1,,,0,0,,1,1,1,0,,,,0,0,,,
101599,56847,879056,1,1,,,0,0,,0,1,1,0,,,,0,0,1378,,
101600,56848,879061,0,0,,,0,0,,0,0,0,0,,,,0,0,1378,,
101601,56849,879064,1,0,,20,0,0,,1,1,1,0,,,,0,0,1378,,
101602,56850,879078,1,0,,50,0,0,,0,0,0,0,,,,0,0,1379,,
101603,56850,879079,1,0,,100,0,0,,0,0,0,0,,,,0,0,1379,,
101604,56850,879080,1,0,,95,0,0,,0,0,0,0,,,,0,0,1379,,
101605,56850,879081,1,1,,80,0,0,,0,1,1,0,,,,0,0,1379,,
101606,56851,879128,1,1,,85,0,0,,1,1,0,0,,,,0,0,1381,,
101617,56861,879358,1,1,,90,0,0,,0,1,1,0,,,,0,0,1380,,
101618,56862,879399,1,1,,90,0,0,,1,1,1,0,,,,0,0,,,
101619,56863,879408,1,1,,95,0,0,,0,1,1,0,,,,0,0,1378,,
101620,56864,879414,0,1,,,0,0,,0,0,0,0,,,,0,0,1380,,
101621,56865,879420,1,0,,95,0,0,,0,1,1,1,"OB/GYN, Psychiatry",,,0,0,1378,,
101622,56866,879428,1,1,,50,0,0,,1,1,1,0,,,,0,0,,,
101623,56866,879429,1,1,,50,0,0,,1,1,1,0,,,,0,0,,,
101624,56866,879430,1,1,,50,0,0,,1,1,1,0,,,,0,0,,,
101625,56866,879431,1,1,,95,0,0,,1,1,1,0,,,,0,0,1379,,
101626,56867,879495,1,1,,95,0,0,,1,1,1,0,,,,0,0,1381,,
101627,56867,879496,1,1,,95,0,0,,1,1,1,0,,,,0,0,1381,,
101628,56867,879497,1,1,,95,0,0,,1,1,0,0,,,,0,0,1381,,
101629,56867,879498,1,1,,95,0,0,,1,1,1,0,,,,0,0,1381,,
101630,56867,879499,1,1,,85,0,0,,1,1,1,0,,,,0,0,1381,,
101631,56867,879500,1,1,,95,0,0,,1,1,1,0,,,,0,0,1381,,
101632,56867,879501,1,1,,95,0,0,,1,1,1,0,,,,0,0,1381,,
101633,56868,879556,1,0,,95,0,0,,1,1,1,0,,,,0,0,,,
101634,56868,879557,1,0,,95,0,0,,1,1,1,0,,,,0,0,1378,,
101635,56868,879558,0,0,,,0,0,,0,0,0,0,,,,0,0,,,
101636,56868,879559,1,0,,95,0,0,,1,1,1,0,,,,0,0,,,
101637,56868,879560,1,0,,60,0,0,,1,1,1,0,,,,0,0,1379,,
101638,56868,879561,1,0,,50,0,0,,1,1,1,0,,,,0,0,1378,,
101639,56868,879562,0,0,,,0,0,,0,0,0,0,,,,0,0,,,
101640,56868,879563,1,0,,50,0,0,,1,1,1,0,,,,0,0,,,
101641,56868,879564,1,0,,85,0,0,,0,0,0,0,,,,0,0,,,
101642,56868,879565,1,0,,95,0,0,,1,1,1,0,,,,0,0,,,
103567,56868,901106,0,0,,,0,0,,0,0,0,0,,,,0,0,,,
101643,56869,879677,1,0,,50,0,0,,1,1,1,0,,,,0,0,1379,,
101644,56869,879678,1,0,,95,1,0,,1,1,1,0,,,,0,0,1379,,
101645,56869,879679,1,0,,95,1,0,,1,1,0,0,,,,0,0,,,
101646,56869,879680,0,0,,,0,0,,0,0,0,0,,,,0,0,,,
101647,56870,879732,1,1,,50,0,0,,1,0,1,0,,,,0,0,1381,,
101648,56871,879742,1,0,,80,0,0,,1,1,1,0,,,,0,0,1379,,
101649,56872,879754,1,0,,80,0,0,,1,1,1,0,,,,0,0,1378,,
101650,56872,879755,1,0,,80,0,0,,1,1,1,0,,,,0,0,1378,,
101651,56872,879756,1,0,,80,0,0,,1,1,1,0,,,,0,0,1378,,
101652,56872,879757,1,0,,80,0,0,,1,1,1,0,,,,0,0,1378,,
101653,56873,879788,1,1,,70,0,0,,0,1,1,0,,,,0,0,1379,,
101446,56741,876926,1,0,,,1,0,,0,0,0,0,,,,0,1,1381,,
101576,56828,878848,0,0,,,0,0,,0,0,0,0,,,,0,0,1379,,
101577,56829,878854,1,1,,90,0,0,,1,1,1,0,,,,0,0,1379,,
101579,56831,878862,1,0,,90,0,0,,1,1,0,0,,,,0,0,1381,,
101581,56833,878879,1,1,,99,0,0,,0,1,1,0,,,,0,0,1381,,
101582,56834,878883,0,0,,,0,0,,0,0,0,0,,,,0,0,1378,,
101609,56853,879184,1,0,,98,0,0,,1,1,0,0,,,,0,0,1379,,
101610,56854,879205,0,0,,,0,0,,0,0,0,0,,,,0,0,1379,,
101611,56855,879219,1,0,,80,1,0,,1,1,1,0,,,,0,0,1379,,
101612,56856,879240,0,0,,,0,0,,0,0,0,0,,,,0,0,1378,,
101613,56857,879242,0,0,,,0,0,,0,0,0,0,,,,0,0,1379,,
101614,56858,879253,1,1,,100,0,0,,1,1,0,0,,,,1,1,1379,,
101615,56859,879274,1,1,,30,0,0,,1,1,1,0,,,,0,0,1379,,
101584,56836,878894,0,0,,,0,0,,0,0,0,0,,,,0,0,,,
101585,56837,878899,1,1,,95,0,0,,0,1,1,0,,,,0,0,1380,,
101586,56838,878906,1,1,,100,0,0,,0,0,0,0,,,,0,0,,,
101656,56876,879822,1,1,,50,0,0,,1,1,0,1,"ICU, Senior Care",,,0,0,1379,,
101709,56886,880142,1,1,,95,0,0,,1,1,1,0,,,,0,0,1379,,
102410,56886,887638,1,1,,65,0,0,,1,1,1,0,,,,0,0,1379,,
101710,56887,880149,1,1,,90,0,0,,0,1,0,1,"OB/GYN",,,0,0,1379,,
101711,56888,880157,0,0,,,0,0,,0,0,0,0,,,,0,0,1378,,
101712,56889,880166,1,1,,50,0,0,,1,1,1,0,,,,0,0,1379,,
101713,56890,880169,1,0,,95,0,0,,1,1,1,0,,,,0,0,,,
101714,56890,880170,0,0,,,0,0,,0,0,0,0,,,,0,0,1378,,
101715,56890,880171,0,0,,,0,0,,0,0,0,0,,,,0,0,,,
101716,56891,880182,1,0,,,0,0,,0,1,0,0,,,,0,0,,,
101717,56892,880186,1,1,,75,0,0,,1,1,1,0,,,,0,0,,,
101718,56893,880190,0,0,,,0,0,,0,0,0,0,,,,0,0,,,
101725,56899,880256,1,1,,80,0,0,,1,1,1,0,,,,0,0,1381,,
101726,56899,880257,1,1,,80,0,0,,1,1,1,0,,,,0,0,1381,,
101727,56899,880258,1,1,,60,0,0,,0,1,1,0,,,,0,0,1380,,
101728,56899,880259,1,1,,80,0,0,,1,1,1,0,,,,1,1,1380,,
101729,56899,880260,1,1,,80,0,0,,1,1,1,0,,,,1,1,1380,,
101730,56899,880261,1,1,,90,0,0,,1,1,1,0,,,,0,0,1379,,
101731,56899,880262,1,1,,100,0,0,,1,1,1,0,,,,0,0,1379,,
101732,56899,880263,1,1,,98,0,0,,1,0,1,0,,,,0,0,1380,,
101733,56899,880264,1,1,,95,0,0,,1,1,1,0,,,,0,0,1379,,
101734,56900,880352,1,0,,50,0,0,,0,1,1,1,"CCU, Hospice, OB/GYN, Psychiatry",,,0,0,1379,,
101735,56901,880361,0,0,,,0,0,,0,0,0,0,,,,0,0,1378,,
101703,56881,880059,0,0,,,0,0,,0,0,0,0,,,,0,0,1378,,
101706,56884,880080,1,0,,75,0,0,,0,1,0,0,,,,0,0,1379,,
101745,56905,880675,1,1,,100,1,0,,1,1,1,0,,,,1,1,1381,,
101746,56905,880676,1,1,,100,1,0,,1,1,1,0,,,,1,1,1381,,
101747,56906,880744,1,1,,60,0,0,,1,1,1,0,,,,1,1,1379,,
101748,56906,880745,1,0,,,0,0,,1,1,1,0,,,,0,0,1378,,
101749,56906,880746,1,0,,93,0,0,,1,1,1,0,,,,0,0,1380,,
101750,56906,880747,1,0,,,0,0,,0,0,0,0,,,,0,0,1378,,
101751,56906,880748,1,0,,70,0,0,,1,0,1,0,,,,0,0,1380,,
101752,56906,880749,0,0,,,0,0,,0,0,0,0,,,,0,0,,,
101753,56906,880750,1,0,,90,0,0,,1,1,1,0,,,,0,0,1379,,
101754,56906,880751,1,0,,70,0,0,,1,1,1,0,,,,0,0,1380,,
101755,56906,880752,1,0,,,0,0,,1,1,1,0,,,,0,0,1379,,
101756,56906,880753,1,0,,,0,0,,1,1,0,0,,,,0,0,1378,,
101722,56896,880239,1,1,,50,0,0,,0,1,1,0,,,,0,0,,,
101742,56904,880642,1,1,,90,1,0,,1,1,1,1,"ICU, OB/GYN, Pediatrics",,,0,0,1380,,
101743,56905,880673,1,1,,100,1,0,,1,1,1,1,"ICU, OB/GYN",,,1,1,1381,,
101758,56907,881332,1,1,,50,0,0,,1,1,1,0,,,,0,0,1379,,
101759,56907,881333,1,0,,75,0,0,,1,1,0,0,,,,0,0,,,
101760,56907,881334,1,1,,75,0,0,,0,1,1,0,,,,0,0,,,
101761,56907,881335,1,1,,75,0,0,,1,1,1,0,,,,0,0,,,
101768,56909,881577,1,0,,40,0,0,,0,1,1,0,,,,0,0,1378,,
101769,56910,881584,0,0,,,0,0,,0,0,0,0,,,,0,0,1378,,
101770,56911,881589,0,0,,,0,0,,0,0,0,0,,,,0,0,1379,,
101771,56912,881592,0,0,,,0,0,,0,0,0,0,,,,0,0,1379,,
101772,56913,881597,1,1,,100,0,0,,1,1,1,0,,,,0,0,1381,,
101773,56914,881600,1,0,,90,0,0,,1,0,0,0,,,,0,0,1379,,
101774,56915,881605,1,0,,75,0,0,,1,0,0,0,,,,0,0,1379,,
101775,56916,881608,0,0,,,0,0,,0,0,0,0,,,,0,0,1378,,
101776,56917,881610,1,1,,90,0,0,,1,1,1,0,,,,1,1,1379,,
101780,56921,881733,0,0,,,0,0,,0,0,0,0,,,,0,0,1379,,
101781,56922,881735,1,1,,95,0,0,,1,1,1,0,,,,0,0,1378,,
101782,56922,881736,1,1,,95,0,0,,1,0,0,0,,,,0,0,1378,,
101783,56922,881737,1,1,,95,1,0,,1,1,1,0,,,,0,1,1381,,
101784,56923,881766,1,0,,90,0,0,,0,1,1,0,,,,0,0,1379,,
101785,56924,881771,1,0,,,1,0,,1,1,1,0,,,,0,1,1381,,
101786,56924,881772,1,0,,,0,0,,1,1,1,0,,,,0,0,1381,,
101763,56907,881337,1,1,,90,0,0,,1,1,1,0,,,,0,0,,,
101764,56907,881338,1,1,,40,0,0,,1,1,1,0,,,,0,0,,,
101765,56907,881339,1,1,,80,0,0,,1,1,1,0,,,,0,0,,,
101766,56907,881340,1,1,,80,0,0,,1,0,0,0,,,,0,0,1378,,
101806,56929,882369,1,1,,90,0,0,,1,1,1,0,,,,0,0,1379,,
101814,56930,882393,1,1,,20,0,0,,0,1,1,0,,,,0,0,1381,,
101815,56930,882394,1,1,,95,0,0,,1,1,1,0,,,,0,0,,,
101816,56930,882395,0,0,,,0,0,,0,0,0,0,,,,0,0,,,
101817,56930,882396,1,1,,95,0,0,,1,1,1,0,,,,0,0,1380,,
101818,56931,882627,1,0,,50,0,0,,1,1,1,0,,,,0,0,1380,,
101819,56931,882628,1,0,,80,1,0,,1,1,1,0,,,,0,0,,,
101820,56931,882629,1,0,,80,1,0,,1,1,1,0,,,,0,0,1381,,
101821,56931,882630,0,0,,,0,0,,0,0,0,0,,,,0,0,1380,,
101822,56931,882631,1,0,,50,0,0,,1,0,0,0,,,,0,0,,,
101823,56931,882632,1,0,,50,1,0,,1,1,1,0,,,,0,1,1379,,
101824,56931,882633,1,0,,80,0,0,,1,1,1,0,,,,0,0,1379,,
101825,56932,882769,1,0,,95,0,0,,1,1,1,0,,,,0,0,,,
101826,56933,882793,1,1,"Within 12-24 months",90,0,0,,1,1,1,0,,,,0,0,,,
101827,56934,882807,1,1,,95,0,0,,1,1,0,0,,,,0,0,,,
101828,56936,882920,1,1,,,0,0,,0,0,0,0,,,,0,0,1378,,
101830,56938,882926,1,0,,90,0,0,,1,1,1,0,,,,0,0,1379,,
101831,56938,882927,1,0,,80,0,0,,1,1,1,0,,,,0,0,1379,,
101832,56938,882928,1,0,,90,0,0,,1,1,1,0,,,,0,0,1379,,
101833,56938,882929,1,0,,95,0,0,,1,1,1,0,,,,0,0,1379,,
101834,56938,882930,1,0,,80,0,0,,1,1,1,0,,,,0,0,1379,,
101835,56938,882931,1,0,,85,0,0,,1,1,1,0,,,,0,0,1379,,
101836,56938,882932,1,0,,75,0,0,,1,1,0,0,,,,0,0,1379,,
101778,56919,881725,0,0,,,0,0,,0,0,0,0,,,,0,0,1378,,
101838,56938,882934,1,0,,95,0,0,,1,1,1,0,,,,0,0,1378,,
101839,56939,883042,1,0,,85,0,0,,1,1,1,0,,,,0,0,1381,,
101840,56939,883043,1,0,,85,0,0,,1,1,1,0,,,,0,0,1381,,
101841,56939,883044,1,1,,85,0,0,,1,1,1,0,,,,0,0,1381,,
101842,56939,883045,1,0,,85,0,0,,1,1,1,0,,,,0,0,1381,,
101843,56939,883046,1,0,,85,0,0,,1,1,1,0,,,,0,0,1381,,
101844,56939,883047,1,0,,85,0,0,,1,1,1,0,,,,0,0,1381,,
102346,56941,887574,1,0,,95,0,0,,1,1,0,0,,,,0,0,1379,,
101866,56942,883535,1,0,,73,0,0,,1,1,1,0,,,,0,0,,,
101867,56942,883536,1,0,,95,0,0,,0,1,1,0,,,,0,0,,,
101868,56942,883537,1,0,,95,0,0,,1,1,1,0,,,,0,0,,,
101869,56942,883538,1,0,,95,0,0,,1,1,1,0,,,,0,0,,,
101871,56942,883540,1,0,,70,0,0,,1,1,1,0,,,,0,0,,,
101873,56942,883542,1,0,,60,1,0,,1,1,1,0,,,,0,0,,,
101876,56942,883545,1,0,,100,1,0,,1,1,1,0,,,,0,0,,,
101877,56942,883546,1,0,,90,0,0,,1,1,1,0,,,,0,0,,,
101878,56942,883547,1,0,,90,0,0,,1,1,1,0,,,,0,0,,,
101882,56942,883551,1,0,,70,0,0,,1,1,1,0,,,,0,0,,,
101880,56942,883549,1,0,,50,0,0,,1,1,1,0,,,,0,0,1378,,
101887,56942,883556,1,0,,95,0,0,,1,1,1,0,,,,0,0,,,
101904,56942,883573,0,0,,,0,0,,0,0,0,0,,,,0,0,,,
101905,56942,883574,0,0,,,0,0,,0,0,0,0,,,,0,0,,,
101906,56943,883844,0,0,,,0,0,,0,0,0,0,,,,0,0,1378,,
101907,56944,883846,0,0,,,0,0,,0,0,0,0,,,,0,0,1378,,
101908,56945,883850,1,1,,95,0,0,,1,1,1,0,,,,1,1,1381,,
101909,56946,883853,0,0,,,0,0,,0,0,0,0,,,,0,0,1378,,
101910,56947,883857,1,1,,95,1,0,,1,1,1,0,,,,1,1,1379,,
101911,56947,883858,1,1,,95,0,0,,1,1,1,0,,,,0,0,1379,,
101912,56947,883859,1,1,,95,0,0,,1,1,1,0,,,,0,0,1379,,
101913,56947,883860,1,1,,80,0,0,,0,1,0,0,,,,0,0,1380,,
101914,56947,883861,0,0,,,0,0,,0,0,0,0,,,,0,0,1378,,
101915,56948,883881,1,1,,95,0,0,,1,0,0,0,,,,0,0,1378,,
101916,56949,883883,1,1,,85,0,0,,1,1,0,0,,,,0,0,1380,,
101917,56949,883884,1,1,,85,0,0,,1,1,1,0,,,,0,0,1380,,
101918,56950,883904,1,1,,50,0,0,,1,1,1,0,,,,0,0,1380,,
101919,56951,883913,1,1,,90,0,0,,1,1,1,0,,,,1,1,1379,,
101920,56952,883947,1,1,,90,0,0,,0,1,0,0,,,,0,0,1381,,
101921,56953,883984,0,0,,,0,0,,0,0,0,0,,,,0,0,1379,,
101922,56954,883991,1,0,,75,0,0,,0,1,1,0,,,,0,0,,,
101923,56955,883997,1,1,,95,0,0,,1,1,1,0,,,,0,0,,,
101924,56956,884005,1,1,,45,0,0,,0,1,1,0,,,,0,0,1378,,
101925,56957,884014,1,0,,70,0,0,,1,1,0,0,,,,0,0,1378,,
101926,56958,884016,0,0,,,0,0,,0,0,0,0,,,,0,0,1379,,
101927,56959,884019,1,0,,97,0,0,,1,1,1,0,,,,0,0,1381,,
101928,56960,884046,1,0,,85,0,0,,1,0,0,0,,,,0,0,1378,,
101929,56961,884048,1,0,,100,0,0,,1,1,0,0,,,,0,0,1381,,
101930,56962,884053,1,1,,100,0,0,,1,1,0,0,,,,0,0,1380,,
101931,56963,884056,1,0,,75,0,0,,0,1,1,0,,,,0,0,1378,,
101933,56964,884067,1,1,,90,0,0,,1,0,0,0,,,,0,0,1378,,
101934,56964,884068,1,1,,95,1,0,,1,1,1,0,,,,0,0,1381,,
101935,56964,884069,1,1,,90,1,0,,1,1,1,0,,,,1,1,1380,,
101936,56965,884121,1,1,,40,0,0,,1,0,0,0,,,,0,0,1378,,
101938,56967,884127,0,0,,,0,0,,0,0,0,0,,,,0,0,,,
101939,56967,884128,0,0,,,0,0,,0,0,0,0,,,,0,0,,,
101940,56967,884129,0,0,,,0,0,,0,0,0,0,,,,0,0,1378,,
101941,56967,884130,0,0,,,0,0,,0,0,0,0,,,,0,0,,,
101942,56967,884131,1,0,,40,0,0,,1,1,1,0,,,,0,0,,,
101943,56967,884132,0,0,,,0,0,,0,0,0,0,,,,0,0,,,
101944,56967,884133,0,0,,,0,0,,0,0,0,0,,,,0,0,,,
101945,56968,884166,0,0,,,0,0,,0,0,0,0,,,,0,0,1379,,
101892,56942,883561,1,0,,75,0,0,,1,1,1,0,,,,0,0,,,
101893,56942,883562,1,0,,,0,0,,1,1,1,0,,,,0,0,,,
101894,56942,883563,0,0,,,0,0,,0,0,0,0,,,,0,0,,,
101889,56942,883558,1,0,,95,0,0,,1,1,1,0,,,,0,0,,,
101890,56942,883559,1,0,,90,0,0,,1,1,1,0,,,,0,0,,,
101896,56942,883565,1,0,,70,0,0,,1,1,1,0,,,,0,0,,,
101897,56942,883566,1,0,,60,0,0,,1,1,1,0,,,,0,0,,,
101899,56942,883568,1,0,,75,0,0,,1,1,1,0,,,,0,0,,,
101900,56942,883569,1,0,,90,0,0,,1,1,1,0,,,,0,0,,,
101902,56942,883571,1,0,,40,0,0,,1,1,1,0,,,,0,0,,,
101950,56972,884306,1,1,,75,0,0,,1,1,1,0,,,,0,0,1378,,
101967,56981,884509,1,1,,60,0,0,,1,1,1,0,,,,0,0,1378,,
101968,56982,884517,1,0,,95,0,0,,1,1,1,0,,,,0,0,,,
101969,56982,884518,1,1,,90,0,0,,1,1,1,0,,,,1,1,1381,,
101970,56983,884579,0,0,,,0,0,,0,0,0,0,,,,0,0,1378,,
101973,56985,884592,1,1,,75,0,0,,0,1,1,0,,,,0,0,1379,,
101974,56986,884601,1,1,,100,0,0,,1,1,1,0,,,,0,0,1378,,
101975,56987,884611,0,0,,,0,0,,0,0,0,0,,,,0,0,1378,,
101976,56988,884618,1,1,,100,0,0,,1,1,1,0,,,,0,0,1381,,
101977,56989,884688,1,1,,60,0,0,,0,1,0,0,,,,0,0,1380,,
101978,56990,884705,0,0,,,0,0,,0,0,0,0,,,,0,0,1380,,
101980,56992,884733,1,0,,100,0,0,,1,0,1,0,,,,0,0,1380,,
101981,56993,884738,1,1,,80,0,0,,1,1,1,0,,,,0,0,1379,,
101982,56994,884742,1,0,,100,0,0,,1,1,0,0,,,,0,0,1381,,
101983,56994,884743,1,1,,100,0,0,,1,1,1,0,,,,0,0,1381,,
101984,56995,884751,1,1,,100,0,0,,1,1,1,0,,,,0,0,1379,,
101986,56997,884765,1,1,,100,0,0,,1,1,0,0,,,,0,0,1380,,
101987,56998,884769,0,0,,,0,0,,0,0,0,0,,,,0,0,1380,,
101988,56999,884772,1,0,,75,0,0,,1,1,1,0,,,,0,0,1381,,
101989,56999,884773,1,0,,95,0,0,,1,1,0,0,,,,0,0,1380,,
101990,56999,884774,1,0,,95,0,0,,1,1,1,0,,,,0,0,1381,,
101991,57000,884796,1,1,,70,0,0,,1,1,1,0,,,,0,0,1378,,
101955,56977,884341,0,0,,,0,0,,0,0,0,0,,,,0,0,1379,,
101993,57002,884803,1,0,,80,0,0,,1,1,1,0,,,,0,0,1379,,
101994,57002,884804,1,0,,95,0,0,,1,1,1,0,,,,0,0,1379,,
101995,57002,884805,1,1,,90,0,0,,1,1,1,0,,,,1,1,1381,,
101997,57002,884807,0,0,,,0,0,,0,0,0,0,,,,0,0,,,
101998,57002,884808,0,0,,,0,0,,0,0,0,0,,,,0,0,,,
101999,57002,884809,1,1,,60,0,0,,1,1,1,0,,,,0,0,1381,,
102000,57002,884810,1,1,,90,0,0,,1,1,1,0,,,,0,0,1381,,
102002,57002,884812,1,0,,80,0,0,,1,1,1,0,,,,0,0,1381,,
102004,57003,885015,1,0,,95,0,0,,1,1,1,0,,,,0,0,,,
102005,57004,885035,1,1,,85,0,0,,0,0,0,0,,,,0,0,1380,,
102006,57005,885040,1,1,,80,0,0,,1,1,1,0,,,,0,0,1381,,
102007,57005,885041,1,0,,90,0,0,,1,1,0,0,,,,0,0,1379,,
102008,57005,885042,1,1,,80,0,0,,1,1,1,0,,,,0,0,1379,,
102009,57005,885043,1,1,,,0,0,,1,1,1,0,,,,0,0,1381,,
102010,57006,885085,1,1,,90,0,0,,1,1,1,0,,,,0,0,1380,,
102011,57007,885096,1,1,,25,0,0,,0,1,0,1,"PACU",,,0,0,1379,,
102012,57008,885108,1,1,,90,0,0,,0,1,1,0,,,,0,0,1379,,
102013,57009,885119,1,0,,20,0,0,,0,1,0,0,,,,0,0,1379,,
102014,57010,885129,1,0,,85,0,0,,0,0,0,0,,,,0,0,1379,,
102015,57011,885134,1,1,,90,0,0,,1,1,1,0,,,,0,0,,,
102016,57012,885143,1,1,,80,0,0,,1,1,1,0,,,,1,1,1379,,
102017,57012,885144,1,1,,75,0,0,,1,1,1,0,,,,0,0,1378,,
102018,57013,885147,1,0,,70,0,0,,0,0,0,0,,,,0,0,1379,,
102019,57014,885157,0,1,,,0,0,,0,0,0,0,,,,0,0,1379,,
102020,57015,885160,1,0,,75,0,0,,1,0,0,0,,,,0,0,1379,,
102021,57016,885165,1,0,,,0,0,,1,1,1,0,,,,0,0,1378,,
102022,57017,885171,1,1,,95,0,0,,1,1,1,0,,,,0,0,1380,,
102023,57018,885179,1,1,,80,0,0,,1,1,0,0,,,,0,0,1379,,
102024,57019,885183,0,0,,,0,0,,0,0,0,0,,,,0,0,1378,,
102025,57020,885187,1,0,,95,0,0,,1,1,0,0,,,,0,0,1378,,
102026,57021,885194,1,1,,90,0,0,,1,1,0,1,"PACU",,,0,0,1378,,
102027,57022,885200,1,1,,95,0,0,,1,1,1,0,,,,0,0,1381,,
102028,57022,885201,1,1,,95,0,0,,1,1,1,0,,,,1,1,1381,,
102029,57023,885253,1,1,,95,1,0,,1,1,1,0,,,,1,1,1379,,
102030,57023,885254,1,1,,90,0,0,,1,0,0,0,,,,0,0,,,
102031,57023,885255,1,1,,90,0,0,,1,1,1,0,,,,0,0,1381,,
102032,57023,885256,1,1,,95,0,0,,1,1,1,0,,,,0,0,1381,,
102033,57023,885257,1,1,,60,0,0,,1,1,1,0,,,,0,0,1380,,
102034,57023,885258,1,1,,,0,0,,1,1,1,0,,,,0,0,1381,,
102035,57023,885259,1,1,,50,0,0,,0,1,0,0,,,,0,0,1381,,
102036,57024,885368,1,0,,95,0,0,,0,0,0,0,,,,0,0,1379,,
102037,57024,885369,1,0,,50,0,0,,1,1,0,0,,,,0,0,,,
102038,57024,885370,1,0,,50,0,0,,1,1,0,0,,,,0,0,,,
102039,57024,885371,1,0,,50,0,0,,1,1,0,0,,,,0,0,,,
102040,57024,885372,1,0,,50,0,0,,1,1,0,0,,,,0,0,,,
102041,57024,885373,1,0,,50,0,0,,0,0,0,0,,,,0,0,,,
102042,57025,885431,1,0,,80,0,0,,1,1,1,0,,,,0,0,1378,,
102043,57026,885467,0,0,,,0,0,,0,0,0,0,,,,0,0,1378,,
102044,57027,885471,1,1,,50,0,0,,1,1,0,0,,,,0,0,,,
102045,57027,885472,0,0,,,0,0,,0,0,0,0,,,,0,0,1378,,
102046,57027,885473,1,1,,90,0,0,,1,1,0,0,,,,0,0,1379,,
102053,57031,885544,0,0,,,0,0,,0,0,0,0,,,,0,0,1378,,
102054,57032,885548,0,1,,,0,0,,0,0,0,0,,,,0,0,1378,,
102056,57034,885569,1,1,,95,0,0,,1,1,1,0,,,,0,0,1379,,
102057,57035,885572,1,0,,35,1,0,,1,1,1,0,,,,0,1,,,
102058,57035,885573,1,0,,35,1,0,,1,1,1,0,,,,0,1,,,
102059,57035,885574,1,0,,,1,0,,1,0,1,0,,,,0,0,,,
102060,57035,885575,1,0,,,1,0,,0,0,0,0,,,,0,0,,,
102061,57035,885576,1,0,,60,1,0,,1,0,1,0,,,,0,1,1381,,
102062,57036,885640,0,0,,,0,0,,0,0,0,0,,,,0,0,1378,,
102063,57037,885643,1,1,,95,0,0,,1,1,1,0,,,,0,0,,,
102064,57037,885644,1,1,,95,0,0,,0,1,0,0,,,,0,0,,,
102065,57037,885645,0,0,,,0,0,,0,0,0,0,,,,0,0,,,
102066,57038,885650,0,0,,,0,0,,0,0,0,0,,,,0,0,1378,,
102067,57039,885653,0,0,,,0,0,,0,0,0,0,,,,0,0,1378,,
102068,57040,885656,1,1,,90,0,0,,1,1,1,0,,,,0,0,1379,,
102069,57042,885681,1,1,,98,0,1,"Within 12 months",1,1,1,0,,,,1,1,1381,,
102073,57045,885719,1,1,,80,0,0,,0,1,0,0,,,,0,0,1381,,
102074,57046,885721,1,1,,95,0,0,,1,1,1,0,,,,0,0,1379,,
102075,57046,885722,1,1,,90,0,0,,1,1,1,0,,,,0,0,1379,,
102076,57046,885723,1,1,,90,0,0,,1,1,1,0,,,,0,0,1379,,
102361,57046,887589,1,1,"Within 12 months",50,0,0,,1,1,1,0,,,,0,0,1379,,
102408,57046,887636,0,0,,,0,0,,0,0,0,0,,,,0,0,1379,,
102384,57046,887612,1,1,"Within 12 months",70,0,0,,1,1,0,0,,,,0,0,1379,,
102077,57047,885732,0,0,,,0,0,,0,0,0,0,,,,0,0,,,
102078,57047,885733,1,0,,,0,0,,0,0,0,0,,,,0,0,1380,,
101965,56979,884484,1,0,,98,0,0,,1,1,1,0,,,,0,0,1379,,
102086,57055,885831,1,0,,70,0,0,,1,0,0,0,,,,0,0,1379,,
102087,57055,885832,1,1,,70,0,0,,1,0,0,0,,,,0,0,1378,,
102089,57057,885849,1,1,,90,0,0,,1,0,0,1,"Oncology",,,1,1,1379,,
102092,57060,885893,1,1,"Within 12 months",95,0,0,,1,1,1,0,,,,0,0,1381,,
102097,57062,885930,1,1,,75,0,0,,1,1,1,0,,,,0,0,1379,,
102098,57063,885949,1,1,,70,0,0,,1,1,1,0,,,,0,0,1379,,
102099,57064,885951,0,0,,,0,0,,0,0,0,0,,,,0,0,,,
102100,57065,885955,1,0,,95,0,0,,1,1,1,0,,,"Within 12 months",1,1,1379,,
102101,57066,885962,1,1,,80,1,0,,1,1,0,0,,,,0,0,1379,,
102102,57066,885963,1,1,,40,0,0,,1,1,1,0,,,,0,0,1379,,
102103,57066,885964,1,1,,40,0,0,,1,1,0,0,,,,0,0,1379,,
102104,57066,885965,1,1,,50,0,0,,1,1,1,0,,,,0,0,1378,,
102105,57067,886032,1,1,,90,0,0,,1,1,1,0,,,"Within 12 months",1,1,1379,,
102116,57071,886211,1,0,,,0,0,,1,1,0,0,,,,0,0,,,
102117,57071,886212,1,0,,95,1,0,,1,1,1,0,,,,0,1,1381,,
102119,57075,886310,0,0,,,0,0,,0,0,0,0,,,,0,0,1378,,
102120,57076,886316,1,1,,95,0,0,,1,1,1,0,,,,0,0,1381,,
102121,57077,886321,0,0,,,0,0,,0,0,0,0,,,,0,0,1378,,
102141,57089,886545,0,0,,,0,0,,0,0,0,0,,,,0,0,,,
102142,57089,886546,1,0,,75,0,0,,1,1,1,0,,,,0,0,,,
102143,57089,886547,1,0,,65,0,0,,1,1,1,0,,,,0,0,,,
102144,57089,886548,1,0,,75,0,0,,1,1,1,0,,,,0,0,,,
102145,57089,886549,1,0,,,0,0,,1,1,1,0,,,,0,0,1378,,
102139,57087,886511,1,0,,90,0,0,,1,1,1,1,"OB/GYN",,,0,0,1379,,
102151,57092,886588,1,0,,50,0,0,,1,1,1,0,,,,0,0,1379,,
102152,57092,886589,1,0,,70,0,0,,1,1,1,0,,,,0,0,1379,,
102156,57092,886593,1,0,,70,0,0,,1,1,0,0,,,,0,0,1379,,
102157,57092,886594,1,0,,1,0,0,,1,1,1,0,,,,0,0,1379,,
102158,57092,886595,1,0,,85,0,0,,1,1,1,0,,,,0,0,1378,,
102160,57092,886597,1,0,,100,0,0,,1,0,1,0,,,,0,0,1380,,
102162,57092,886599,1,0,,75,0,0,,1,1,1,0,,,,0,0,1378,,
102164,57092,886601,1,0,,20,1,0,,1,1,1,0,,,,0,0,1380,,
102165,57092,886602,1,0,,75,1,0,,1,1,0,0,,,,0,0,1378,,
102166,57092,886603,1,0,,90,0,0,,1,0,0,0,,,,0,0,1379,,
102170,57092,886607,1,0,,70,0,0,,0,1,0,0,,,,0,0,1379,,
102271,57094,887499,1,1,,95,0,0,,1,1,1,0,,,,0,0,1379,,
102274,57094,887502,1,0,,90,0,0,,1,1,1,0,,,,0,0,,,
102275,57094,887503,1,1,,95,0,0,,1,1,1,0,,,,0,0,1379,,
102279,57094,887507,1,1,,95,0,0,,1,1,1,0,,,,0,0,1379,,
102280,57094,887508,1,1,,85,0,0,,1,1,1,0,,,,0,0,1379,,
102282,57094,887510,1,1,,95,0,0,,1,1,1,0,,,,0,0,1379,,
102285,57094,887513,1,0,,80,0,0,,1,1,1,0,,,,0,0,,,
102287,57094,887515,1,1,,95,0,0,,1,1,1,0,,,,0,0,1379,,
102292,57094,887520,1,1,,95,0,0,,1,1,1,0,,,,0,0,1379,,
102293,57094,887521,1,1,,93,0,0,,1,1,1,0,,,,0,0,,,
102295,57094,887523,1,1,,95,0,0,,1,1,1,0,,,,0,0,,,
102297,57094,887525,1,1,,95,0,0,,1,1,1,0,,,,0,0,,,
102299,57094,887527,1,1,,95,0,0,,1,1,1,0,,,,0,0,1379,,
102300,57094,887528,1,1,,90,0,0,,1,1,1,0,,,,0,0,1379,,
102302,57094,887530,1,1,,100,0,0,,1,1,1,0,,,,0,0,1379,,
102303,57094,887531,1,1,,90,0,0,,1,1,1,0,,,,0,0,1379,,
102304,57094,887532,1,1,,95,0,0,,1,1,1,0,,,,0,0,,,
102305,57094,887533,1,1,,95,0,0,,1,1,1,0,,,,0,0,1379,,
102311,57094,887539,1,1,,80,0,0,,1,1,1,0,,,,0,0,1379,,
102312,57094,887540,1,1,,95,0,0,,1,1,1,0,,,,0,0,1379,,
102313,57094,887541,1,1,,100,0,0,,1,1,1,0,,,,0,0,,,
102314,57094,887542,1,1,,100,0,0,,1,1,1,0,,,,0,0,1379,,
102315,57094,887543,1,1,,75,0,0,,1,1,1,0,,,,0,0,,,
102308,57094,887536,1,1,,80,0,0,,1,1,0,0,,,,0,0,1379,,
102309,57094,887537,1,1,,95,0,0,,1,1,1,0,,,,0,0,1379,,
102317,57094,887545,1,1,,75,0,0,,1,1,1,0,,,,0,0,,,
102321,57094,887549,1,1,,99,0,0,,1,1,1,0,,,,0,0,,,
102322,57094,887550,1,1,,85,0,0,,1,1,1,0,,,,0,0,1379,,
102323,57094,887551,1,1,,95,0,0,,1,1,1,0,,,,0,0,1378,,
102325,57094,887553,1,1,,95,0,0,,1,1,1,0,,,,0,0,1379,,
102326,57094,887554,1,1,,80,0,0,,1,1,1,0,,,,0,0,,,
102327,57094,887555,1,1,,50,0,0,,1,1,1,0,,,,0,0,1379,,
102328,57094,887556,1,1,,95,0,0,,1,1,1,0,,,,0,0,1378,,
102330,57094,887558,1,1,,90,0,0,,1,1,1,0,,,,0,0,1379,,
102331,57094,887559,1,1,,95,0,0,,1,1,1,0,,,,0,0,1380,,
102332,57094,887560,1,1,,80,0,0,,1,1,1,0,,,,0,0,,,
102333,57094,887561,1,1,,95,0,0,,1,1,1,0,,,,0,0,,,
102334,57094,887562,1,1,,95,0,0,,1,1,1,0,,,,0,0,,,
102335,57094,887563,1,0,,95,0,0,,1,1,1,0,,,,0,0,,,
102338,57094,887566,1,0,,95,0,0,,0,0,0,0,,,,0,0,1379,,
102339,57094,887567,1,1,,95,0,0,,1,1,1,0,,,,0,0,1378,,
102343,57094,887571,1,1,,95,0,0,,1,1,1,0,,,,0,0,,,
102344,57094,887572,1,0,,85,0,0,,1,1,1,0,,,,0,0,1379,,
102348,57094,887576,1,1,,95,0,0,,1,1,1,0,,,,0,0,1378,,
102360,57094,887588,1,1,,95,0,0,,1,1,1,0,,,,0,0,1379,,
102362,57094,887590,1,1,,95,0,0,,1,1,1,0,,,,0,0,1379,,
102363,57094,887591,1,1,,95,0,0,,1,1,1,0,,,,0,0,1379,,
102364,57094,887592,1,1,,95,0,0,,1,1,1,0,,,,0,0,1379,,
102366,57094,887594,1,1,,90,0,0,,1,1,1,0,,,,0,0,1379,,
102367,57094,887595,1,1,,65,0,0,,1,1,1,0,,,,0,0,1378,,
102368,57094,887596,1,1,,90,0,0,,1,1,1,0,,,,0,0,1379,,
102369,57094,887597,1,1,,90,0,0,,1,1,1,0,,,,0,0,1379,,
102370,57094,887598,1,1,,90,0,0,,1,1,1,0,,,,0,0,1379,,
102371,57094,887599,1,1,,95,0,0,,1,1,1,0,,,,0,0,1379,,
102372,57094,887600,1,1,,80,0,0,,1,1,1,0,,,,0,0,1379,,
102374,57094,887602,1,1,,90,0,0,,1,1,1,0,,,,0,0,1379,,
102375,57094,887603,1,1,,70,0,0,,1,1,1,0,,,,0,1,1379,,
102377,57094,887605,1,0,,80,0,0,,1,1,1,0,,,,0,0,1379,,
102378,57094,887606,1,1,">24 months",100,0,0,,1,1,1,0,,,,0,0,1379,,
102379,57094,887607,1,1,,90,0,0,,1,1,1,0,,,,0,0,1379,,
102350,57094,887578,1,1,,50,0,0,,1,1,1,0,,,,0,0,1379,,
102351,57094,887579,1,1,,90,0,0,,1,1,1,0,,,,0,0,1379,,
102352,57094,887580,1,1,,90,0,0,,1,1,1,0,,,,0,0,1379,,
102356,57094,887584,1,1,,65,0,0,,1,1,1,0,,,,0,0,1379,,
102357,57094,887585,1,1,,85,0,0,,1,1,1,0,,,,0,0,1379,,
102358,57094,887586,1,1,,95,0,0,,1,1,1,0,,,,0,0,1379,,
102394,57094,887622,1,1,,90,0,0,,1,1,1,0,,,,0,0,1379,,
102395,57094,887623,1,1,,95,0,0,,1,1,1,0,,,,0,0,1379,,
102396,57094,887624,1,1,,95,0,0,,1,1,1,0,,,,0,0,1379,,
102397,57094,887625,1,1,,95,0,0,,1,1,1,0,,,,0,0,1379,,
102398,57094,887626,1,1,,90,0,0,,0,1,1,0,,,,0,0,1379,,
102399,57094,887627,1,1,,90,0,0,,1,1,1,0,,,,0,0,1379,,
102400,57094,887628,1,1,,95,0,0,,0,1,1,0,,,,0,0,1379,,
102409,57094,887637,1,1,,90,0,0,,1,1,1,0,,,,0,0,1379,,
102411,57094,887639,1,1,,95,0,0,,1,1,1,0,,,,0,0,1379,,
102412,57094,887640,1,1,,65,0,0,,1,1,1,0,,,,0,0,1379,,
102413,57094,887641,1,1,,65,0,0,,0,1,1,0,,,,0,0,1379,,
102414,57094,887642,1,1,,65,0,0,,0,1,1,0,,,,0,0,1379,,
102416,57094,887644,1,1,,80,0,0,,1,0,0,0,,,,0,0,1379,,
102419,57094,887647,1,1,,60,0,0,,1,1,1,0,,,,0,0,,,
102420,57094,887648,1,1,,90,0,0,,1,1,1,0,,,,0,0,1381,,
102421,57094,887649,1,1,,80,0,0,,1,1,1,0,,,,0,0,1380,,
102422,57094,887650,1,1,,80,0,0,,1,1,1,0,,,,0,0,1380,,
102423,57094,887651,0,0,,,0,0,,0,0,0,0,,,,0,0,,,
102424,57095,888531,1,1,,80,0,0,,1,1,1,0,,,,0,0,1379,,
102425,57095,888532,1,1,,95,0,0,,1,1,1,0,,,,0,0,1381,,
102426,57095,888533,1,1,,90,0,0,,1,1,1,1,"Radiology",,,0,0,1381,,
102427,57095,888534,1,1,,90,0,0,,1,1,1,1,"CCU, ICU, NICU, OB/GYN",,,1,1,1381,,
102428,57095,888535,1,1,,99,0,0,,1,1,1,0,,,,0,0,1381,,
102429,57095,888536,1,1,,90,0,0,,1,1,1,0,,,,0,0,1381,,
102430,57095,888537,1,1,,80,0,0,,1,1,1,0,,,,0,0,1381,,
102458,57095,888565,1,1,,90,0,0,,1,1,1,0,,,,0,0,1381,,
102459,57095,888566,1,1,,80,0,0,,1,1,1,0,,,,0,0,1381,,
102460,57095,888567,1,1,,70,0,0,,1,1,1,0,,,,0,0,1379,,
102461,57095,888568,1,0,,80,0,0,,1,1,1,0,,,,0,0,1379,,
102462,57095,888569,1,0,,,0,0,,0,0,0,0,,,,0,0,,,
102463,57095,888570,1,1,,89,0,0,,1,1,1,0,,,,0,0,1378,,
102464,57095,888571,1,1,,,0,0,,0,0,0,0,,,,0,0,1378,,
102465,57095,888572,1,1,,95,0,0,,1,1,1,0,,,,0,0,1378,,
102466,57095,888573,1,1,,85,1,0,,1,1,1,0,,,,1,1,1378,,
102467,57095,888574,1,1,,65,0,0,,1,1,1,0,,,,0,0,1378,,
102468,57095,888575,1,0,,,1,0,,1,1,1,0,,,,0,0,1378,,
102469,57095,888576,1,1,,35,1,0,,1,1,1,0,,,,0,0,1378,,
102470,57095,888577,1,0,,75,0,0,,1,1,1,0,,,,0,0,1378,,
102471,57095,888578,1,1,,,0,0,,0,0,0,0,,,,0,0,1378,,
102473,57095,888580,1,1,,90,0,0,,1,1,0,0,,,,0,0,1379,,
102474,57095,888581,1,0,,50,1,0,,1,1,1,0,,,,0,0,1379,,
102475,57095,888582,1,1,,50,0,0,,1,0,0,0,,,,0,0,1379,,
102476,57095,888583,1,1,,90,1,0,,1,1,1,0,,,,1,1,1379,,
102477,57095,888584,1,1,,90,1,0,,1,1,1,0,,,,1,1,1379,,
102479,57095,888586,1,1,,60,0,0,,1,1,0,0,,,,0,0,1381,,
102480,57095,888587,1,1,,60,0,0,,1,1,1,0,,,,0,0,1381,,
102481,57095,888588,1,1,,60,0,0,,0,1,0,0,,,,0,0,1381,,
102482,57095,888589,1,1,,60,0,0,,1,1,1,0,,,,0,0,1381,,
102483,57095,888590,1,1,,100,0,0,,1,1,1,0,,,,0,0,1378,,
102484,57095,888591,1,1,,70,0,0,,0,1,0,0,,,,0,0,1381,,
102485,57095,888592,1,1,,80,0,0,,1,1,1,0,,,,0,0,1379,,
102486,57095,888593,1,1,,95,0,0,,1,1,1,0,,,,0,0,1381,,
102487,57095,888594,1,1,,90,0,0,,1,1,1,0,,,,0,0,1381,,
102488,57095,888595,1,1,,85,0,0,,0,1,1,0,,,,0,0,1381,,
102489,57095,888596,1,1,,75,0,0,,0,1,0,0,,,,0,0,1381,,
102490,57095,888597,0,0,,,0,0,,0,0,0,0,,,,0,0,,,
102491,57095,888598,1,1,,,0,0,,0,0,0,0,,,,0,0,,,
102492,57095,888599,0,0,,,0,0,,0,0,0,0,,,,0,0,1381,,
102493,57095,888600,1,1,,95,0,0,,1,1,1,0,,,,0,0,1381,,
102381,57094,887609,1,1,,95,0,0,,1,1,1,0,,,,0,0,1379,,
102383,57094,887611,1,1,,65,0,0,,1,1,1,0,,,,0,0,1379,,
102386,57094,887614,1,0,,95,0,0,,1,1,1,0,,,,0,0,1379,,
102387,57094,887615,1,0,,90,0,0,,1,1,1,0,,,,0,0,1379,,
102388,57094,887616,1,1,,90,0,0,,1,1,1,0,,,,0,0,1379,,
102390,57094,887618,1,1,,95,0,0,,1,1,1,0,,,,0,0,1379,,
102319,57094,887547,1,1,,85,0,0,,1,1,1,0,,,,0,0,,,
102432,57095,888539,1,0,,90,0,0,,1,1,0,0,,,,0,0,1381,,
102435,57095,888542,1,1,,,0,0,,0,0,0,0,,,,0,0,1381,,
102436,57095,888543,1,1,,90,0,0,,1,1,1,0,,,,1,1,,,
102437,57095,888544,1,0,,90,0,0,,1,1,1,0,,,,1,1,1381,,
102438,57095,888545,1,0,,,0,0,,1,1,1,0,,,,0,0,,,
102439,57095,888546,1,1,,90,1,0,,1,1,1,0,,,,1,1,1379,,
102440,57095,888547,1,1,,90,0,0,,1,1,1,0,,,,0,0,1381,,
102441,57095,888548,1,1,,70,0,0,,1,1,0,0,,,,0,0,,,
102442,57095,888549,1,1,,80,0,0,,1,1,1,0,,,,1,1,,,
102443,57095,888550,1,1,,90,0,0,,1,1,1,0,,,,0,0,,,
102444,57095,888551,1,1,,95,0,0,,1,1,1,0,,,,0,0,1381,,
102445,57095,888552,1,0,,,0,0,,1,1,1,0,,,,0,0,1381,,
102446,57095,888553,1,1,,90,1,0,,1,1,0,0,,,,1,1,1379,,
102451,57095,888558,1,1,,90,1,0,,1,1,1,0,,,,0,0,1381,,
102452,57095,888559,1,1,,90,0,0,,1,1,1,0,,,,0,0,1381,,
102453,57095,888560,1,1,,90,0,0,,1,1,1,0,,,,1,1,1381,,
102454,57095,888561,1,1,,90,0,0,,1,1,1,0,,,,1,1,1381,,
102448,57095,888555,1,1,,,0,0,,0,0,0,0,,,,0,0,,,
102456,57095,888563,1,1,,90,0,0,,1,1,1,0,,,,1,1,1378,,
102496,57095,888603,1,0,,99,0,0,,1,1,1,0,"PACU",,,0,0,1381,,
102497,57095,888604,1,1,,,0,0,,0,0,0,0,,,,0,0,1381,,
102498,57095,888605,1,1,,75,0,0,,1,1,1,1,"ICU, Skilled Nursing",,,0,0,1381,,
102500,57095,888607,1,1,,90,0,0,,1,1,1,0,,,,0,0,1381,,
102502,57095,888609,1,1,,95,0,0,,1,1,0,0,,,,1,1,,,
99834,57095,856962,0,0,,,0,0,,0,0,0,0,,,,0,0,1380,,
102583,57141,890089,1,1,,65,0,0,,1,1,1,0,,,,0,0,1379,,
102584,57142,890112,1,1,,95,0,0,,1,1,0,0,,,,0,0,1379,,
102585,57143,890126,1,1,,85,0,0,,1,1,1,0,,,,0,0,1378,,
102586,57144,890133,0,0,,,0,0,,0,0,0,0,,,,0,0,,,
102587,57145,890137,0,0,,,0,0,,0,0,0,0,,,,0,0,,,
102588,57145,890138,1,1,,100,0,0,,1,1,1,0,,,,0,0,1379,,
102589,57145,890139,1,1,,100,0,0,,0,1,0,0,,,,0,0,1379,,
102590,57146,890146,1,1,,50,0,0,,0,1,0,0,,,,0,0,1381,,
102503,57096,889237,1,1,,80,0,0,,0,0,0,0,,,,0,0,1379,,
102504,57096,889238,1,1,,80,0,0,,0,0,0,0,,,,0,0,1379,,
102505,57096,889239,0,0,,,0,0,,0,0,0,0,,,,0,0,1379,,
102506,57096,889240,1,1,,95,0,0,,1,1,0,0,,,,0,0,,,
102507,57096,889241,1,1,,80,0,0,,0,0,0,0,,,,0,0,,,
100019,57096,859303,1,1,,90,0,0,,0,1,0,0,,,,0,0,1379,,
102512,57098,889343,1,1,,90,0,0,,1,1,1,0,,,,0,0,1379,,
102513,57099,889356,1,1,"Within 12 months",100,0,0,,1,1,1,0,,,,0,0,1380,,
102514,57099,889357,1,1,,80,0,0,,1,1,1,0,,,,0,0,1380,,
102515,57099,889358,0,0,,,0,0,,0,0,0,0,,,,0,0,1380,,
102516,57099,889359,0,0,,,0,0,,0,0,0,0,,,,0,0,1380,,
102517,57099,889360,1,1,,75,0,0,,1,1,1,0,,,,0,0,1380,,
102518,57099,889361,0,0,,,0,0,,0,0,0,0,,,,0,0,1380,,
102519,57099,889362,0,0,,,0,0,,0,0,0,0,,,,0,0,1380,,
102520,57099,889363,1,1,,90,0,0,,1,0,1,0,,,,0,0,1378,,
102521,57099,889364,1,1,,75,0,0,,0,0,0,0,,,,0,0,1380,,
102522,57099,889365,1,1,,80,1,0,,1,1,0,0,,,,1,1,1379,,
102523,57099,889366,1,1,,80,0,0,,1,1,1,0,,,,0,0,1378,,
102524,57099,889367,1,1,,80,0,0,,1,1,1,0,,,,0,0,1380,,
102525,57099,889368,1,1,,70,0,0,,0,0,0,0,,,,0,0,1380,,
102526,57099,889369,1,1,,70,0,0,,0,1,0,0,,,,0,0,1378,,
102527,57099,889370,1,1,,95,0,0,,1,1,1,0,,,,0,0,1380,,
102533,57101,889563,0,0,,,0,0,,0,0,0,0,,,,0,0,1380,,
102542,57105,889706,1,0,,75,0,0,,1,1,1,0,,,,0,0,,,
102543,57105,889707,1,0,,75,0,0,,1,1,1,0,,,,0,0,,,
102544,57106,889752,1,0,,95,0,0,,1,1,1,0,,,,0,0,1381,,
102545,57106,889753,1,0,,95,0,0,,0,1,0,0,,,,0,0,1381,,
102546,57106,889754,1,0,,95,0,0,,1,1,0,0,,,,0,0,1381,,
102547,57107,889777,0,0,,,0,0,,0,0,0,0,,,,0,0,1379,,
102548,57108,889781,0,0,,,0,0,,0,0,0,0,,,,0,0,,,
102549,57109,889784,1,1,,90,0,0,,1,1,1,0,,,,0,0,1379,,
102550,57110,889814,0,0,,,0,0,,0,0,0,0,,,,0,0,1379,,
102551,57111,889821,0,0,,,0,0,,0,0,0,0,,,,0,0,1379,,
102552,57112,889826,1,0,,60,0,0,,1,1,1,0,,,,0,0,1379,,
102559,57118,889874,0,0,,,0,0,,0,0,0,0,,,,0,0,1378,,
102560,57119,889880,0,0,,,0,0,,0,0,0,0,,,,0,0,,,
102561,57120,889884,1,0,,70,1,0,,1,1,1,0,,,,0,1,1379,,
102562,57121,889912,0,0,,,0,0,,0,0,0,0,,,,0,0,,,
102563,57122,889917,1,1,,95,0,0,,1,1,1,0,,,,1,1,1381,,
102564,57122,889918,1,1,,95,0,0,,1,1,1,0,,,,0,0,1381,,
102567,57125,890007,1,0,,100,0,0,,0,0,0,0,,,,0,0,1379,,
102568,57126,890009,1,0,,90,0,0,,1,1,0,0,,,,0,0,1379,,
102569,57127,890012,1,0,,95,0,0,,1,1,0,0,,,,0,0,1378,,
102570,57128,890016,1,0,,95,0,0,,1,1,0,0,,,,0,0,1378,,
102571,57129,890020,1,0,,75,0,0,,1,1,0,0,,,,0,0,1381,,
102572,57130,890027,0,0,,,0,0,,0,0,0,0,,,,0,0,1378,,
102573,57131,890030,0,0,,,0,0,,0,0,0,0,,,,0,0,1378,,
102574,57132,890033,0,0,,,0,0,,0,0,0,0,,,,0,0,1379,,
102575,57133,890038,0,0,,,0,0,,0,0,0,0,,,,0,0,,,
102576,57134,890042,1,0,,50,0,0,,1,1,1,0,,,,0,0,1379,,
102577,57135,890049,1,1,,75,0,0,,1,1,1,0,,,,0,0,1378,,
102579,57137,890065,1,0,,90,0,0,,1,1,1,0,,,,0,0,1378,,
102580,57138,890072,1,1,,80,0,0,,1,1,1,0,,,,0,0,1380,,
102581,57139,890080,1,0,,95,0,0,,1,1,1,0,,,,0,0,1380,,
102663,57149,890681,1,1,,95,0,0,,1,1,1,0,,,,0,0,1381,,
102664,57149,890682,1,1,,75,1,0,,1,1,1,0,,,,0,0,1381,,
102665,57149,890683,1,1,,75,0,0,,1,1,1,0,,,,1,1,1381,,
102666,57149,890684,1,1,,75,1,0,,1,1,1,0,,,,0,0,1381,,
102667,57149,890685,1,1,,85,0,0,,1,1,1,0,,,,0,0,1381,,
102668,57149,890686,1,1,,70,0,0,,1,1,1,0,,,,0,0,1381,,
102669,57149,890687,1,1,,98,0,0,,1,1,1,0,,,,0,0,1381,,
102670,57149,890688,1,1,,90,0,0,,1,1,1,0,,,,0,0,1381,,
102671,57149,890689,1,1,,75,0,0,,1,1,0,0,,,,0,0,1381,,
102672,57149,890690,1,1,,60,0,0,,1,1,1,0,,,,1,1,1381,,
102673,57149,890691,1,0,,90,0,0,,1,1,0,0,,,,0,0,1381,,
102674,57149,890692,1,1,,60,0,0,,1,1,1,0,,,,0,0,1381,,
102675,57149,890693,1,0,,75,0,0,,1,1,1,0,,,,0,0,1381,,
102676,57149,890694,1,1,,80,0,0,,1,1,1,0,,,,0,0,1381,,
102554,57114,889835,1,0,,100,0,0,,0,1,1,0,,,,0,0,1379,,
102555,57114,889836,1,0,,100,0,0,,1,1,0,0,,,,0,0,1379,,
102556,57115,889850,0,0,,,0,0,,0,0,0,0,,,,0,0,1379,,
102557,57116,889855,1,1,,85,0,0,,1,1,1,0,,,,0,0,1379,,
102677,57150,890814,0,0,,,0,0,,0,0,0,0,,,,0,0,,,
102686,57153,890899,0,0,,,0,0,,0,0,0,0,,,,0,0,,,
103569,57153,901114,0,0,,,1,0,,0,0,0,0,,,,0,0,1380,,
102690,57157,890937,1,0,,90,0,0,,1,1,1,0,,,,0,0,1379,,
102692,57159,890951,1,0,,,0,0,,1,1,1,0,,,,0,1,1379,,
102693,57160,890966,1,1,,95,0,0,,1,1,1,0,,,,0,0,,,
102694,57161,890971,1,0,,95,0,0,,1,1,1,0,,,,0,0,1379,,
102695,57162,890977,1,1,,90,0,0,,1,1,1,0,,,,0,0,1379,,
102697,57164,891032,1,1,,98,0,0,,1,1,1,0,,,,0,0,1379,,
102698,57165,891037,1,0,,90,0,0,,1,1,0,0,,,,0,0,1379,,
102699,57166,891044,0,0,,,0,0,,0,0,0,0,,,,0,0,1379,,
102701,57168,891065,1,0,,25,0,0,,0,1,0,0,,,,0,0,1379,,
102702,57169,891068,1,0,,60,0,0,,0,1,1,0,,,,0,0,1379,,
102703,57170,891072,1,1,,,0,0,,1,1,0,0,,,,0,0,1379,,
102706,57172,891096,0,0,,,0,0,,0,0,0,0,,,,0,0,1379,,
102708,57174,891109,0,0,,,0,0,,0,0,0,0,,,,0,0,1381,,
102709,57175,891115,1,0,,10,0,0,,1,1,1,0,,,,0,0,,,
102710,57175,891116,1,0,,80,0,0,,1,1,1,0,,,,0,0,,,
102711,57175,891117,1,0,,75,0,0,,1,1,1,0,,,,0,0,,,
102712,57175,891118,1,0,,,0,0,,1,1,1,0,,,,0,0,,,
102713,57175,891119,1,0,,50,0,0,,1,1,1,0,,,,0,0,,,
102714,57175,891120,1,0,,,0,0,,1,1,1,0,,,,0,0,,,
102715,57175,891121,1,0,,,0,0,,1,1,1,0,,,,0,0,,,
102716,57175,891122,1,0,,,0,0,,1,1,1,0,,,,0,0,,,
102717,57175,891123,1,0,,,0,0,,1,1,1,0,,,,0,0,,,
102718,57175,891124,1,0,,95,0,0,,1,1,1,0,,,,0,0,,,
102719,57175,891125,1,0,,80,0,0,,1,1,1,0,,,,0,0,,,
102720,57175,891126,1,0,,,0,0,,1,1,1,0,,,,0,0,,,
102721,57175,891127,1,0,,90,0,0,,1,1,1,0,,,,0,0,,,
102722,57175,891128,0,0,,,0,0,,0,0,0,0,,,,0,0,,,
102723,57175,891129,1,0,,65,0,0,,1,1,0,0,,,,0,0,,,
102724,57175,891130,1,0,,65,0,0,,1,1,1,0,,,,0,0,,,
102725,57175,891131,1,0,,,0,0,,1,1,1,0,,,,0,0,,,
102726,57175,891132,1,0,,,0,0,,1,1,1,0,,,,0,0,,,
102727,57175,891133,1,0,,,0,0,,1,1,1,0,,,,0,0,,,
102728,57175,891134,1,0,,90,0,0,,1,1,1,0,,,,0,0,,,
102729,57175,891135,1,0,,,0,0,,1,1,0,0,,,,0,0,,,
102730,57175,891136,1,0,,75,0,0,,1,1,1,0,,,,0,0,,,
102731,57175,891137,1,0,,,0,0,,1,1,1,0,,,,0,0,,,
102732,57175,891138,1,0,,30,0,0,,1,1,1,0,,,,0,0,,,
102733,57175,891139,1,0,,80,0,0,,1,1,1,0,,,,0,0,,,
102734,57175,891140,1,0,,15,0,0,,1,1,1,0,,,,0,0,,,
102735,57175,891141,1,0,,25,0,0,,1,1,1,0,,,,0,0,,,
102736,57175,891142,1,0,,85,0,0,,1,1,1,0,,,,0,0,,,
102737,57175,891143,1,0,,92,0,0,,1,1,1,0,,,,0,0,1378,,
102738,57175,891144,1,0,,90,0,0,,1,1,1,0,,,,0,0,,,
102739,57175,891145,1,0,,85,0,0,,1,1,1,0,,,,0,0,,,
102740,57175,891146,1,0,,80,0,0,,1,1,1,0,,,,0,0,,,
102741,57175,891147,1,0,,60,0,0,,1,1,1,0,,,,0,0,,,
102742,57175,891148,1,0,,70,0,0,,1,1,1,0,,,,0,0,,,
102743,57175,891149,1,0,,,0,0,,1,1,1,0,,,,0,0,,,
102744,57175,891150,1,0,,,0,0,,1,1,1,0,,,,0,0,,,
102745,57175,891151,1,0,,85,0,0,,1,1,1,0,,,,0,0,,,
102746,57175,891152,1,0,,,0,0,,1,1,1,0,,,,0,0,,,
102749,57177,891551,0,0,,,0,0,,0,0,0,0,,,,0,0,1381,,
102750,57178,891553,0,0,,,0,0,,0,0,0,0,,,,0,0,1378,,
102751,57178,891554,1,1,">24 months",25,0,0,,1,0,0,0,,,,0,0,1378,,
102753,57178,891556,1,1,">24 months",75,0,0,,1,1,1,0,,,,0,0,1379,,
102754,57178,891557,1,1,">24 months",75,0,0,,0,1,1,0,,,,0,0,1379,,
102755,57179,891643,1,1,,95,0,0,,1,1,1,1,"Procedural Rooms",,,0,0,1381,,
102756,57179,891644,1,1,,95,0,0,,1,1,1,0,,,,0,0,1381,,
102757,57179,891645,1,1,,95,0,0,,1,1,1,0,,,,0,0,1381,,
102758,57179,891646,1,1,,95,0,0,,1,1,1,0,,,,0,0,1381,,
102759,57179,891647,1,1,,95,0,0,,1,1,1,1,"Procedural Rooms",,,0,0,1381,,
102760,57179,891648,1,1,,95,0,0,,1,1,1,0,,,,0,0,1381,,
102761,57179,891649,1,1,,100,0,0,,1,1,1,0,,,,0,0,1381,,
102763,57179,891651,1,1,,95,0,0,,1,1,1,1,"Procedural Rooms",,,0,0,1381,,
102764,57179,891652,1,1,,95,0,0,,1,1,1,0,,,,0,0,1381,,
102765,57179,891653,1,1,,95,0,0,,1,1,1,0,,,,0,0,1381,,
102766,57179,891654,1,1,,95,0,0,,1,1,1,0,,,,0,0,1381,,
102767,57179,891655,1,1,,95,0,0,,1,1,1,1,"Procedural Rooms",,,0,0,1381,,
102768,57179,891656,1,1,,95,0,0,,1,1,1,0,,,,0,0,1381,,
102769,57179,891657,1,1,,95,0,0,,1,1,1,0,,,,0,0,1381,,
102770,57179,891658,1,1,,95,1,0,,1,1,1,0,,,,0,0,1381,,
102771,57179,891659,1,1,,95,0,0,,1,1,1,0,,,,0,0,1381,,
102772,57179,891660,1,1,,95,1,0,,1,1,0,0,,,,0,0,1381,,
102773,57179,891661,1,1,,95,0,0,,1,1,1,0,,,,0,0,1381,,
102774,57179,891662,1,1,,95,0,0,,1,1,1,0,,,,0,0,1381,,
102775,57179,891663,0,0,,,0,0,,0,0,0,0,,,,0,0,1381,,
102776,57179,891664,1,1,,95,0,0,,1,1,1,1,"Procedural Rooms",,,0,0,1381,,
102777,57179,891665,1,1,,85,0,0,,1,1,1,0,,,,0,0,1381,,
102778,57179,891666,1,1,,90,0,0,,1,1,1,0,,,,0,0,1380,,
102779,57179,891667,1,1,,95,0,0,,1,1,1,0,,,,0,0,1381,,
102780,57179,891668,1,1,,75,0,0,,1,1,1,0,,,,0,0,1381,,
102781,57179,891669,1,1,,75,0,0,,1,1,1,0,,,,0,0,1381,,
102782,57179,891670,1,1,,75,0,0,,1,1,0,0,,,,0,0,1381,,
102783,57179,891671,1,1,,75,0,0,,1,1,0,0,,,,0,0,1381,,
102784,57179,891672,1,1,,75,0,0,,1,1,1,0,,,,0,0,1381,,
102785,57179,891673,1,1,,75,0,0,,1,1,1,0,,,,0,0,1381,,
102787,57179,891675,1,1,,95,0,0,,1,1,1,0,,,,0,0,1381,,
102788,57179,891676,1,1,,75,0,0,,1,1,1,0,,,,0,0,1381,,
102789,57179,891677,1,1,,75,0,0,,1,1,1,0,,,,0,0,1381,,
102790,57179,891678,1,1,,75,0,0,,1,1,1,0,,,,0,0,1381,,
102791,57179,891679,1,1,,75,0,0,,1,1,1,0,,,,0,0,1381,,
102792,57179,891680,1,1,,95,0,0,,1,1,1,0,,,,0,0,1381,,
102793,57179,891681,1,1,,90,0,0,,1,1,1,0,,,,0,0,1381,,
102794,57179,891682,1,1,,75,0,0,,1,1,1,0,,,,0,0,1381,,
102795,57179,891683,1,1,,75,0,0,,1,1,1,0,,,,0,0,1381,,
102796,57179,891684,1,1,,100,0,0,,1,1,1,0,,,,0,0,1381,,
102797,57179,891685,1,1,,75,0,0,,1,1,1,0,,,,0,0,1381,,
102798,57179,891686,1,0,,75,0,0,,0,0,0,0,,,,0,0,1381,,
102799,57179,891687,1,1,,75,0,0,,1,1,1,0,,,,0,0,1381,,
102800,57179,891688,1,1,,80,0,0,,1,1,1,0,,,,0,0,1381,,
102802,57179,891690,1,1,,75,0,0,,1,1,0,0,,,,0,0,1381,,
102803,57179,891691,1,1,,75,0,0,,0,1,1,0,,,,0,0,1381,,
102804,57179,891692,1,1,,90,0,0,,0,1,1,0,,,,0,0,1379,,
102805,57179,891693,1,0,,,0,0,,1,1,1,0,,,,0,0,,,
102806,57179,891694,1,0,,90,0,0,,1,1,1,0,,,,0,0,1381,,
102807,57179,891695,1,1,,94,0,0,,1,1,1,0,,,,0,0,1381,,
102808,57179,891696,1,1,,94,0,0,,1,1,1,0,,,,0,0,1381,,
102809,57179,891697,1,1,,94,0,0,,1,1,1,1,"OB/GYN",,,0,0,1381,,
102810,57179,891698,1,1,,98,0,0,,1,1,1,0,,,,0,0,1378,,
102811,57179,891699,1,1,,90,0,0,,1,1,1,0,,,,0,0,1378,,
102812,57179,891700,1,1,,90,0,0,,1,1,1,0,,,,0,0,,,
102813,57179,891701,1,1,,98,0,0,,0,1,1,0,,,,0,0,1378,,
102814,57179,891702,1,1,,,0,0,,1,0,1,0,,,,0,0,1379,,
102816,57179,891704,1,1,,75,0,0,,1,1,1,0,,,,0,0,1381,,
102817,57179,891705,1,1,,75,0,0,,1,1,1,0,,,,0,0,1381,,
102819,57179,891707,1,1,,75,0,0,,1,1,1,0,,,,0,0,1381,,
102821,57179,891709,1,1,,85,0,0,,1,1,1,0,,,,0,0,1381,,
102822,57179,891710,1,1,,95,0,0,,1,1,1,0,,,,0,0,1381,,
102823,57179,891711,1,1,,75,0,0,,1,1,1,0,,,,0,0,1381,,
102824,57179,891712,1,1,,75,0,0,,1,1,1,0,,,,0,0,1381,,
102825,57179,891713,1,1,,75,0,0,,1,1,1,0,,,,0,0,1381,,
102827,57179,891715,1,1,,80,0,0,,1,1,1,0,,,,0,0,1381,,
102828,57179,891716,1,1,,75,0,0,,1,1,1,0,,,,0,0,1381,,
102829,57179,891717,1,1,,95,0,0,,1,1,1,0,,,,0,0,1381,,
102830,57179,891718,1,1,,95,0,0,,1,1,1,0,,,,0,0,1381,,
102831,57179,891719,0,0,,,0,0,,0,0,0,0,,,,0,0,,,
102832,57179,891720,0,0,,,0,0,,0,0,0,0,,,,0,0,,,
102833,57179,891721,0,0,,,0,0,,0,0,0,0,,,,0,0,,,
102834,57179,891722,0,0,,,0,0,,0,0,0,0,,,,0,0,,,
102835,57179,891723,0,0,,,0,0,,0,0,0,0,,,,0,0,,,
102836,57179,891724,0,0,,,0,0,,0,0,0,0,,,,0,0,,,
104062,57179,901906,0,0,,,0,0,,0,0,0,0,,,,0,0,,,
102269,57180,887497,1,1,,50,0,0,,1,1,1,0,,,,0,0,1379,,
102284,57180,887512,1,1,,95,0,0,,1,1,1,0,,,,0,0,1379,,
102288,57180,887516,1,1,,90,0,0,,1,1,1,0,,,,0,0,,,
102290,57180,887518,1,1,,85,0,0,,1,1,0,0,,,,0,0,,,
102345,57180,887573,1,1,,95,0,0,,1,1,1,0,,,,0,0,1379,,
102854,57182,892286,0,0,,,0,0,,0,0,0,0,,,,0,0,1378,,
102855,57183,892292,0,0,,,0,0,,0,0,0,0,,,,0,0,1379,,
102856,57183,892293,0,0,,,0,0,,0,0,0,0,,,,0,0,,,
102857,57183,892294,0,0,,,0,0,,0,0,0,0,,,,0,0,1379,,
102870,57184,892308,1,1,,95,0,0,,1,1,1,0,,,,0,0,1378,,
102871,57184,892309,1,1,,90,0,0,,1,1,1,0,,,,0,0,1379,,
102872,57184,892310,1,1,,98,0,0,,1,1,1,0,,,,0,0,1379,,
102873,57184,892311,1,0,,95,0,0,,1,1,1,0,,,,0,0,,,
102874,57184,892312,1,1,,95,0,0,,1,1,1,0,,,,0,0,,,
102875,57184,892313,1,1,,99,0,0,,0,0,0,0,,,,0,0,1379,,
102876,57184,892314,1,1,,95,0,0,,1,1,1,0,,,,0,0,,,
102877,57184,892315,1,1,,80,0,0,,0,0,0,0,,,,0,0,,,
102878,57184,892316,1,1,,90,0,0,,1,1,1,0,,,,0,0,1379,,
102879,57184,892317,1,1,,50,0,0,,1,1,1,0,,,,0,0,1379,,
102859,57184,892297,1,1,,95,0,0,,1,1,1,0,,,,0,0,,,
102860,57184,892298,1,1,,85,0,0,,1,1,0,0,,,,0,0,1379,,
102861,57184,892299,1,1,,90,0,0,,1,1,1,0,,,,0,0,1379,,
102862,57184,892300,1,1,,80,0,0,,1,1,0,0,,,,0,0,1379,,
102863,57184,892301,1,1,,90,0,0,,1,1,1,0,,,,0,0,1379,,
102864,57184,892302,1,1,,95,0,0,,1,1,1,0,,,,0,0,1379,,
102881,57184,892319,1,1,,80,0,0,,1,1,1,0,,,,0,0,1379,,
102882,57184,892320,1,1,,90,0,0,,1,1,1,0,,,,0,0,,,
102885,57184,892323,1,1,,95,0,0,,1,0,1,0,,,,0,0,1379,,
102886,57184,892324,1,1,,80,0,0,,1,1,1,0,,,,0,0,1379,,
102887,57184,892325,1,1,,95,0,0,,1,1,1,0,,,,0,0,1378,,
102889,57184,892327,1,1,,90,0,0,,1,1,1,0,,,,0,0,1379,,
102890,57184,892328,1,1,,75,0,0,,1,1,1,0,,,,0,0,1378,,
102891,57184,892329,1,1,,80,0,0,,1,1,1,0,,,,0,0,1379,,
102894,57185,892416,0,0,,,0,0,,0,0,0,0,,,,0,0,1378,,
102895,57186,892419,0,0,,,0,0,,0,0,0,0,,,,0,0,1378,,
102941,57195,893425,1,1,,90,0,0,,1,1,1,0,,,,0,0,1381,,
102942,57195,893426,1,1,,90,0,0,,1,1,0,0,,,,0,0,1381,,
102943,57195,893427,1,1,,90,0,0,,1,1,1,0,,,,0,0,1381,,
102944,57196,893452,1,1,,50,1,0,,1,1,1,0,,,,1,1,1379,,
102945,57196,893453,1,0,,40,1,0,,1,1,1,0,,,,0,0,1379,,
102946,57196,893454,1,0,,50,1,0,,1,0,0,0,,,,0,1,1379,,
102947,57196,893455,1,0,,50,1,0,,0,1,1,0,,,,0,1,1379,,
102948,57196,893456,1,0,,50,1,0,,1,1,1,0,,,,0,1,1379,,
102949,57196,893457,1,0,,75,0,0,,0,1,1,0,,,,0,0,1379,,
102950,57196,893458,1,0,,75,0,0,,1,0,1,1,"Anesthesia",,,0,0,1379,,
102951,57196,893459,1,0,,90,0,0,,1,1,1,0,,,,1,1,1381,,
102915,57190,892694,1,1,,75,0,0,,1,1,1,0,,,,0,0,1378,,
102916,57190,892695,1,1,,99,0,0,,1,1,1,0,,,,0,0,1381,,
102917,57191,892722,1,1,,100,0,0,,1,1,1,0,,,,0,0,1381,,
102918,57192,892730,1,0,,100,1,0,,1,1,1,0,,,,0,1,1379,,
102919,57192,892731,1,0,,100,1,0,,1,1,1,0,,,,0,1,,,
102920,57192,892732,1,0,,100,0,0,,1,1,1,0,,,,0,1,,,
102921,57192,892733,1,0,,90,0,0,,1,1,1,0,,,,0,1,1379,,
102922,57192,892734,1,0,,100,1,0,,1,1,1,0,,,,0,1,,,
102923,57192,892735,1,0,,100,0,0,,1,1,1,0,,,,0,1,,,
102924,57192,892736,1,0,,90,0,0,,1,1,1,0,,,,0,0,,,
102925,57192,892737,1,0,,100,0,0,,1,1,1,0,,,,0,1,,,
102926,57192,892738,1,0,,90,0,0,,1,1,1,0,,,,0,1,1379,,
102927,57192,892739,1,0,,10,0,0,,1,1,1,0,,,,0,0,1379,,
102928,57192,892740,1,0,,100,0,0,,1,1,1,0,,,,0,1,1379,,
102929,57192,892741,1,0,,100,1,0,,1,1,1,0,,,,0,1,1379,,
102930,57192,892742,1,0,,100,0,0,,1,1,1,0,,,,0,1,,,
102931,57192,892743,1,0,,90,1,0,,1,0,0,0,,,,0,1,1379,,
102932,57192,892744,1,0,,100,0,0,,1,1,1,0,,,,0,1,,,
102933,57192,892745,1,0,,100,1,0,,1,1,1,0,,,,0,0,,,
102934,57192,892746,1,0,,95,0,0,,1,1,0,0,,,,0,0,1380,,
102935,57192,892747,1,0,,100,1,0,,1,1,0,0,,,,0,0,1379,,
102936,57192,892748,1,0,,100,0,0,,1,1,1,0,,,,0,0,1379,,
102937,57192,892749,1,0,,20,0,0,,0,1,1,0,,,,0,0,1378,,
102865,57192,892303,1,1,,95,0,0,,1,1,1,0,,,,0,0,,,
102869,57192,892307,1,1,,90,0,0,,1,1,1,0,,,,0,0,,,
102939,57193,893388,1,1,,80,0,0,,1,1,1,0,,,,0,0,1381,,
102867,57184,892305,1,1,,75,0,0,,1,1,1,0,,,,0,0,,,
103016,57197,893683,1,0,,75,0,0,,1,0,1,0,,,,0,0,1381,,
102762,57197,891650,1,1,,95,0,0,,1,1,1,0,,,,1,1,1381,,
103023,57198,894223,1,0,,80,0,0,,1,1,1,0,,,,0,0,1379,,
103025,57200,894322,1,1,,80,0,0,,1,1,1,1,"Cardiology, ICU, OB/GYN, Psychiatric Unit",,,0,0,1378,,
103026,57201,894368,1,0,,,0,0,,0,1,1,0,,,,0,0,1379,,
103027,57201,894369,1,0,,,0,0,,0,1,1,0,,,,0,0,1379,,
103028,57201,894370,1,0,,,0,0,,0,1,1,0,,,,0,0,1379,,
103029,57201,894371,1,0,,,0,0,,0,1,1,0,,,,0,0,1379,,
103030,57201,894372,1,0,,,0,0,,0,1,1,0,,,,0,0,1379,,
103031,57201,894373,1,0,,,0,0,,0,1,1,0,,,,0,0,1379,,
103032,57201,894374,1,0,,,0,0,,0,1,1,0,,,,0,0,1379,,
103033,57201,894375,1,0,,,0,0,,0,1,1,0,,,,0,0,,,
103034,57201,894376,1,0,,,0,0,,0,1,1,0,,,,0,0,1379,,
103035,57201,894377,1,1,,,0,0,,0,1,1,0,,,,0,0,1379,,
103036,57201,894378,1,0,,,0,0,,1,1,1,0,,,,0,0,1379,,
103037,57201,894379,1,0,,90,0,0,,1,1,1,0,,,,0,0,,,
103038,57201,894380,1,1,,90,0,0,,0,1,1,0,,,,0,0,1379,,
103039,57201,894381,1,0,,95,0,0,,0,1,1,0,,,,0,0,1379,,
103040,57201,894382,1,1,,95,0,0,,1,1,1,0,,,,1,1,1379,,
103049,57202,894774,1,1,,75,0,0,,1,1,1,0,,,,0,0,1379,,
103042,57201,894384,1,0,,,0,0,,1,1,1,0,,,,0,0,1379,,
103071,57202,894796,1,1,,90,0,0,,1,1,1,0,,,,0,0,1381,,
103072,57202,894797,1,1,,90,0,0,,1,1,1,0,,,,1,1,1381,,
103073,57202,894798,1,1,,75,0,0,,1,1,1,0,,,,0,0,1381,,
103075,57202,894800,1,0,,100,0,0,,1,1,1,0,,,,0,1,1379,,
103077,57202,894802,1,1,,99,0,0,,1,1,1,0,,,,0,0,1379,,
103084,57202,894809,1,1,,75,0,0,,1,1,1,0,,,,0,0,1379,,
103086,57202,894811,1,1,"Within 12-24 months",40,0,0,,1,1,0,0,,,,0,0,1379,,
103090,57203,894946,1,1,,100,0,0,,1,1,1,0,,,,0,0,1379,,
102090,57202,885868,1,1,,85,0,0,,1,1,1,0,,,,0,0,1380,,
103088,57203,894944,1,1,,90,0,0,,1,1,0,0,,,,0,0,1379,,
103094,57203,894950,1,1,,90,0,0,,1,1,1,0,,,,1,1,1379,,
103096,57203,894952,1,1,,90,0,0,,1,1,1,0,,,,0,0,1378,,
103097,57203,894953,1,1,,90,0,0,,1,1,1,0,,,,0,0,1380,,
103098,57203,894954,1,1,,90,0,0,,1,1,1,0,,,,0,0,1380,,
103113,57208,896028,1,0,,20,0,0,,1,1,1,0,,,,0,0,1378,,
103114,57208,896029,1,0,,30,0,0,,1,1,1,0,,,,0,0,1378,,
103115,57208,896030,1,1,,,0,0,,0,0,0,0,,,,0,0,1378,,
103116,57208,896031,1,0,,85,1,0,,1,1,1,0,,,,0,1,1378,,
103117,57208,896032,1,0,,,0,0,,0,0,0,0,,,,0,0,1378,,
103118,57208,896033,1,1,,,0,0,,0,0,0,0,,,,0,0,1378,,
103119,57208,896034,1,1,,,0,0,,0,0,0,0,,,,0,0,1378,,
103120,57208,896035,1,0,,90,0,0,,1,1,1,0,,,,0,0,1378,,
103121,57208,896036,1,1,,,0,0,,0,0,0,0,,,,0,0,1378,,
103122,57208,896037,1,1,,,0,0,,0,0,0,0,,,,0,0,1378,,
103123,57208,896038,1,1,,75,0,0,,1,0,1,0,,,,0,0,1378,,
103124,57208,896039,1,1,,,0,0,,0,0,0,0,,,,0,0,1378,,
103125,57208,896040,1,1,,,0,0,,0,0,0,0,,,,0,0,1378,,
103126,57208,896041,1,1,,70,0,0,,1,0,0,0,,,,0,0,,,
101498,57208,878070,1,1,,90,1,0,,1,1,1,0,,,,0,0,1379,,
101500,57208,878072,1,1,,,0,0,,1,1,0,0,,,,0,0,1379,,
101501,57208,878073,1,1,,60,0,0,,1,1,1,0,,,,0,0,1378,,
103128,57209,896287,0,0,,,0,0,,0,0,0,0,,,,0,0,1381,,
103129,57209,896288,0,0,,,0,0,,0,0,0,0,,,,0,0,1381,,
103130,57209,896289,0,0,,,0,0,,0,0,0,0,,,,0,0,1381,,
103131,57209,896290,0,0,,,0,0,,0,0,0,0,,,,0,0,1381,,
103132,57209,896291,0,0,,,0,0,,0,0,0,0,,,,0,0,1381,,
103133,57209,896292,0,0,,,0,0,,0,0,0,0,,,,0,0,1381,,
103134,57209,896293,0,0,,,0,0,,0,0,0,0,,,,0,0,1381,,
103135,57209,896294,0,0,,,0,0,,0,0,0,0,,,,0,0,1381,,
103136,57209,896295,0,0,,,0,0,,0,0,0,0,,,,0,0,1381,,
103137,57209,896296,0,0,,,0,0,,0,0,0,0,,,,0,0,1381,,
103138,57209,896297,0,0,,,0,0,,0,0,0,0,,,,0,0,1381,,
103139,57209,896298,0,0,,,0,0,,0,0,0,0,,,,0,0,1381,,
103140,57209,896299,0,0,,,0,0,,0,0,0,0,,,,0,0,1381,,
103141,57209,896300,0,0,,,0,0,,0,0,0,0,,,,0,0,1381,,
103142,57209,896301,0,0,,,0,0,,0,0,0,0,,,,0,0,1381,,
103143,57209,896302,0,0,,,0,0,,0,0,0,0,,,,0,0,1381,,
103144,57209,896303,0,0,,,0,0,,0,0,0,0,,,,0,0,1381,,
103145,57209,896304,0,0,,,0,0,,0,0,0,0,,,,0,0,1381,,
103146,57209,896305,0,0,,,0,0,,0,0,0,0,,,,0,0,1381,,
103147,57209,896306,0,0,,,0,0,,0,0,0,0,,,,0,0,1381,,
103148,57209,896307,0,0,,,0,0,,0,0,0,0,,,,0,0,1381,,
103149,57209,896308,0,0,,,0,0,,0,0,0,0,,,,0,0,1381,,
103150,57209,896309,0,0,,,0,0,,0,0,0,0,,,,0,0,1381,,
103151,57209,896310,0,0,,,0,0,,0,0,0,0,,,,0,0,1381,,
103152,57209,896311,0,0,,,0,0,,0,0,0,0,,,,0,0,1381,,
103153,57209,896312,0,0,,,0,0,,0,0,0,0,,,,0,0,1381,,
103154,57209,896313,0,0,,,0,0,,0,0,0,0,,,,0,0,1381,,
103155,57209,896314,0,0,,,0,0,,0,0,0,0,,,,0,0,1381,,
103156,57209,896315,0,0,,,0,0,,0,0,0,0,,,,0,0,1381,,
103157,57209,896316,0,0,,,0,0,,0,0,0,0,,,,0,0,1381,,
103158,57209,896317,1,1,,30,0,0,,0,0,0,1,"ICU",,,0,0,1381,,
103159,57209,896318,0,0,,,0,0,,0,0,0,0,,,,0,0,1381,,
103160,57209,896319,0,0,,,0,0,,0,0,0,0,,,,0,0,1381,,
103161,57209,896320,0,0,,,0,0,,0,0,0,0,,,,0,0,1381,,
103162,57209,896321,0,0,,,0,0,,0,0,0,0,,,,0,0,1381,,
103164,57209,896323,0,0,,,0,0,,0,0,0,0,,,,0,0,1381,,
103165,57209,896324,0,0,,,0,0,,0,0,0,0,,,,0,0,1381,,
103166,57209,896325,0,0,,,0,0,,0,0,0,0,,,,0,0,1381,,
103168,57209,896327,0,0,,,0,0,,0,0,0,0,,,,0,0,1381,,
103170,57209,896329,0,0,,,0,0,,0,0,0,0,,,,0,0,1381,,
103171,57209,896330,0,0,,,0,0,,0,0,0,0,,,,0,0,1381,,
103172,57209,896331,0,0,,,0,0,,0,0,0,0,,,,0,0,1381,,
103173,57209,896332,0,0,,,0,0,,0,0,0,0,,,,0,0,1381,,
103175,57209,896334,0,0,,,0,0,,0,0,0,0,,,,0,0,1381,,
103176,57209,896335,0,0,,,0,0,,0,0,0,0,,,,0,0,1381,,
103177,57209,896336,0,0,,,0,0,,0,0,0,0,,,,0,0,1381,,
103178,57209,896337,0,0,,,0,0,,0,0,0,0,,,,0,0,1381,,
103179,57209,896338,0,0,,,0,0,,0,0,0,0,,,,0,0,1381,,
103180,57209,896339,0,0,,,0,0,,0,0,0,0,,,,0,0,,,
103181,57209,896340,1,1,,100,0,0,,0,0,0,1,"Nursing Floor",,,0,0,1379,,
103182,57209,896341,1,1,,50,0,0,,1,0,0,0,,,,0,0,1379,,
103183,57209,896342,1,1,,20,0,0,,0,0,0,1,"Nursing Floor",,,0,0,1379,,
103184,57209,896343,1,1,,50,0,0,,0,0,0,1,"Nursing Floor",,,0,0,1379,,
103185,57209,896344,1,1,,50,0,0,,0,0,0,1,"Nursing Floor",,,0,0,1379,,
103186,57209,896345,0,0,,,0,0,,0,0,0,0,,,,0,0,1381,,
103187,57209,896346,0,0,,,0,0,,0,0,0,0,,,,0,0,1381,,
103188,57209,896347,0,0,,,0,0,,0,0,0,0,,,,0,0,1378,,
103189,57209,896348,0,0,,,0,0,,0,0,0,0,,,,0,0,1381,,
103190,57209,896349,0,0,,,0,0,,0,0,0,0,,,,0,0,1381,,
103191,57209,896350,0,0,,,0,0,,0,0,0,0,,,,0,0,1381,,
103192,57209,896351,0,0,,,0,0,,0,0,0,0,,,,0,0,1381,,
103193,57209,896352,0,0,,,0,0,,0,0,0,0,,,,0,0,1381,,
103194,57209,896353,0,0,,,0,0,,0,0,0,0,,,,0,0,1381,,
103195,57209,896354,0,0,,,0,0,,0,0,0,0,,,,0,0,1381,,
103196,57209,896355,0,0,,,0,0,,0,0,0,0,,,,0,0,1381,,
103197,57209,896356,0,0,,,0,0,,0,0,0,0,,,,0,0,1381,,
103199,57209,896358,0,0,,,0,0,,0,0,0,0,,,,0,0,1381,,
103200,57209,896359,0,0,,,0,0,,0,0,0,0,,,,0,0,1381,,
103201,57209,896360,0,0,,,0,0,,0,0,0,0,,,,0,0,1381,,
103202,57209,896361,0,0,,,0,0,,0,0,0,0,,,,0,0,1381,,
103203,57209,896362,0,0,,,0,0,,0,0,0,0,,,,0,0,1381,,
103204,57209,896363,0,0,,,0,0,,0,0,0,0,,,,0,0,1381,,
103205,57209,896364,0,0,,,0,0,,0,0,0,0,,,,0,0,1381,,
103206,57209,896365,0,0,,,0,0,,0,0,0,0,,,,0,0,1381,,
103207,57209,896366,0,0,,,0,0,,0,0,0,0,,,,0,0,1381,,
103208,57209,896367,0,0,,,0,0,,0,0,0,0,,,,0,0,1381,,
103209,57209,896368,0,0,,,0,0,,0,0,0,0,,,,0,0,1381,,
103210,57209,896369,0,0,,,0,0,,0,0,0,0,,,,0,0,1381,,
103211,57209,896370,0,0,,,0,0,,0,0,0,0,,,,0,0,1381,,
100248,57211,862642,1,0,,90,0,0,,0,0,0,0,,,,0,0,1379,,
103212,57213,896987,1,1,"Within 12-24 months",80,0,0,,1,1,0,1,"Ancillary Departments",,,0,0,1380,,
103213,57213,896988,1,1,,80,0,0,,1,1,1,0,,,,0,0,1380,,
103214,57213,896989,1,1,,80,0,0,,1,0,0,0,,,,1,1,1380,,
103215,57213,896990,1,1,"Within 12-24 months",65,0,0,,1,1,0,0,,,,0,0,1378,,
103216,57214,897108,1,0,,95,0,0,,1,1,1,0,,,,0,0,1378,,
103217,57215,897121,0,0,,,0,0,,0,0,0,0,,,,0,0,,,
103218,57215,897122,1,1,,95,1,0,,1,1,1,0,,,,1,1,,,
103219,57215,897123,0,0,,,0,0,,0,0,0,0,,,,0,0,,,
103220,57215,897124,0,0,,,0,0,,0,0,0,0,,,,0,0,,,
103221,57215,897125,0,0,,,0,0,,0,0,0,0,,,,0,0,,,
103222,57215,897126,1,1,,50,0,0,,0,1,0,0,,,,0,0,,,
103223,57215,897127,1,1,,,0,0,,1,1,1,0,,,,0,0,,,
103224,57220,897204,1,0,,95,0,0,,1,1,1,0,,,,0,0,,,
103225,57221,897366,1,1,,95,0,0,,1,1,1,0,,,,0,0,1381,,
103226,57221,897367,1,1,,85,0,0,,1,1,0,0,,,,0,0,,,
103227,57221,897368,1,1,,,0,0,,0,0,0,0,,,,0,0,,,
103228,57221,897369,0,0,,,0,0,,0,0,0,0,,,,0,0,,,
103229,57221,897370,0,0,,,0,0,,0,0,0,0,,,,0,0,,,
103230,57221,897371,0,0,,,0,0,,0,0,0,0,,,,0,0,1380,,
103231,57221,897372,0,0,,,0,0,,0,0,0,0,,,,0,0,,,
103232,57221,897373,0,0,,,0,0,,0,0,0,0,,,,0,0,,,
103233,57221,897374,0,0,,,0,0,,0,0,0,0,,,,0,0,,,
103234,57221,897375,1,1,,,0,0,,1,1,1,0,,,,0,0,1380,,
103235,57221,897376,0,0,,,0,0,,0,0,0,0,,,,0,0,,,
103236,57221,897377,1,0,,97,0,0,,1,1,0,0,,,,0,0,1378,,
103237,57221,897378,1,0,,,0,0,,0,0,0,0,,,,0,0,1378,,
103238,57221,897379,1,1,,100,0,0,,1,0,0,0,,,,0,0,,,
103239,57221,897380,1,0,,,0,0,,0,0,0,0,,,,0,0,1378,,
103240,57221,897381,1,1,,90,0,0,,1,0,0,0,,,,0,0,,,
103241,57221,897382,0,0,,,0,0,,0,0,0,0,,,,0,0,1378,,
103242,57221,897383,1,1,,90,0,0,,1,1,0,0,,,,0,0,1378,,
103243,57221,897384,1,0,,,0,0,,0,0,0,0,,,,0,0,,,
103244,57221,897385,1,0,,80,0,0,,0,0,0,0,,,,0,0,1378,,
103245,57221,897386,1,1,,90,0,0,,0,0,0,0,,,,0,0,,,
103246,57221,897387,1,1,,50,0,0,,1,1,0,0,,,,0,0,1380,,
103247,57221,897388,1,1,,90,0,0,,1,1,0,0,,,,0,0,1379,,
103248,57221,897389,0,1,,,0,0,,0,0,0,0,,,,0,0,,,
103249,57221,897390,1,1,,83,0,0,,1,0,0,0,,,,0,0,1381,,
103276,57231,897537,0,0,,,0,0,,0,0,0,0,,,,0,0,1378,,
100750,57231,870146,1,0,,95,1,0,,1,1,1,0,,,,0,0,1379,,
103277,57232,897782,1,1,,90,0,0,,1,1,1,0,,,,0,0,1378,,
103278,57232,897783,1,1,,90,0,0,,1,1,1,0,,,,1,1,1381,,
103279,57232,897784,1,1,,90,0,0,,1,0,1,0,,,,0,0,,,
103280,57232,897785,1,1,,90,0,0,,1,1,1,0,,,,1,1,1381,,
103281,57232,897786,1,1,,90,1,0,,1,1,1,0,,,,0,0,1381,,
103282,57232,897787,1,1,,90,0,0,,1,1,1,0,,,,0,0,1381,,
103283,57232,897788,1,1,,90,0,0,,1,1,1,0,,,,0,0,,,
103284,57232,897789,1,1,,90,0,0,,1,1,1,0,,,,1,1,1381,,
103285,57232,897790,1,1,,90,0,0,,1,1,1,0,,,,0,0,1378,,
103286,57232,897791,1,1,,90,0,0,,1,1,1,0,,,,0,0,,,
103287,57232,897792,1,1,,90,0,0,,1,1,1,0,,,,0,0,,,
103288,57232,897793,1,1,,90,0,0,,1,1,1,0,,,,0,0,,,
103289,57232,897794,1,1,,90,0,0,,1,1,1,0,,,,0,0,1381,,
103290,57233,898136,1,1,,90,0,0,,1,1,1,0,,,,0,0,1380,,
103291,57233,898137,1,1,,90,0,0,,1,1,1,0,,,,1,1,1380,,
103292,57233,898138,1,1,,90,0,0,,1,1,1,0,,,,0,0,1380,,
103293,57233,898139,1,1,,90,0,0,,0,0,0,0,,,,0,0,1380,,
103294,57233,898140,1,1,,90,0,0,,1,1,1,0,,,,0,0,1380,,
103295,57233,898141,1,1,,90,0,0,,1,1,1,0,,,,0,0,1380,,
103296,57233,898142,1,1,,80,0,0,,1,0,0,0,,,,0,0,1381,,
103253,57226,897473,1,1,,95,0,0,,1,1,1,0,,,,0,0,1379,,
103254,57227,897477,1,1,,90,0,0,,1,1,1,1,"Ambulatory Clinic",,,0,0,1378,,
103255,57228,897479,1,1,,75,0,0,,1,1,1,0,,,,0,0,,,
103256,57229,897492,1,0,,75,0,0,,1,1,1,0,,,,0,0,1379,,
103257,57230,897498,1,0,,25,0,0,,1,1,1,0,,,,0,0,1379,,
103110,57204,895089,1,1,,50,0,0,,1,1,1,0,,,,0,0,1381,,
103251,57223,897454,1,1,,100,0,0,,1,1,0,0,,,,0,0,1378,,
101499,57234,878071,1,1,,95,1,0,,1,0,0,0,,,,0,0,1379,,
103422,57236,899900,1,0,,50,0,0,,1,0,1,0,,,,0,0,,,
103423,57236,899901,1,0,,40,0,0,,1,1,1,0,,,,0,0,,,
103424,57236,899902,1,0,,50,0,0,,1,1,1,0,,,,0,0,,,
103425,57237,899957,1,1,,80,1,0,,1,1,1,0,,,,0,0,1380,,
103426,57237,899958,1,1,,80,0,0,,1,1,1,0,,,,0,0,1380,,
103427,57237,899959,1,1,,80,0,0,,1,1,1,0,,,,0,0,1378,,
103428,57238,899976,1,0,,95,0,0,,1,1,1,0,,,,0,0,1379,,
103429,57238,899977,1,0,,95,0,0,,1,1,1,0,,,,0,0,1379,,
103430,57238,899978,1,0,,95,0,0,,1,1,1,0,,,,0,0,1381,,
103431,57238,899979,1,0,,100,0,0,,1,1,1,0,,,,0,1,1379,,
103432,57238,899980,1,0,,,0,0,,0,0,0,0,,,,0,0,1379,,
103433,57238,899981,1,0,,60,0,0,,1,1,1,0,,,,0,0,1378,,
103435,57238,899983,1,0,,95,0,0,,1,1,1,0,,,,0,0,1379,,
103436,57238,899984,1,0,,95,0,0,,1,1,1,0,,,,0,1,1379,,
103437,57238,899985,1,0,,95,0,0,,1,1,1,0,,,,0,0,1379,,
103438,57238,899986,1,0,,95,0,0,,1,1,1,0,,,,0,0,1379,,
103439,57238,899987,1,0,,100,0,0,,1,1,1,0,,,,0,1,1379,,
103440,57239,900210,1,0,,95,0,0,,1,1,1,0,,,,0,0,1381,,
103441,57239,900211,1,0,,95,0,0,,1,1,1,0,,,,0,0,1381,,
103442,57239,900212,1,0,,95,0,0,,1,1,1,0,,,,0,0,1381,,
103443,57239,900213,1,0,,95,0,0,,1,1,0,0,,,,0,0,1381,,
103444,57239,900214,1,0,,95,0,0,,1,1,0,0,,,,0,0,1381,,
103445,57239,900215,1,0,,95,0,0,,1,1,0,0,,,,0,0,1381,,
103446,57240,900253,0,0,,,0,0,,0,0,0,0,,,,0,0,1379,,
103447,57240,900254,0,0,,,0,0,,0,0,0,0,,,,0,0,1379,,
103448,57240,900255,1,0,,,0,0,,0,0,0,0,,,,0,0,1379,,
103449,57240,900256,0,0,,,0,0,,0,0,0,0,,,,0,0,1379,,
103450,57240,900257,1,0,,,0,0,,1,1,1,0,,,,0,0,1379,,
103451,57240,900258,1,0,,80,1,0,,1,1,1,0,,,,0,1,1381,,
103452,57240,900259,1,0,,90,0,0,,1,1,1,0,,,,0,0,1379,,
103453,57240,900260,0,0,,,0,0,,0,0,0,0,,,,0,0,1379,,
103454,57240,900261,0,0,,,0,0,,0,0,0,0,,,,0,0,1379,,
103455,57240,900262,0,0,,,0,0,,0,0,0,0,,,,0,0,1379,,
103456,57240,900263,0,0,,,0,0,,0,0,0,0,,,,0,0,1379,,
103457,57240,900264,0,0,,,0,0,,0,0,0,0,,,,0,0,1379,,
103458,57240,900265,0,0,,,0,0,,0,0,0,0,,,,0,0,1379,,
103459,57241,900379,1,1,,80,0,0,,1,1,1,0,,,,0,0,1378,,
103461,57242,900404,1,0,,100,0,0,,1,1,1,0,,,,0,0,1379,,
103462,57242,900405,1,0,,90,0,0,,1,1,1,0,,,,0,0,1379,,
103463,57242,900406,1,1,"Within 12 months",80,0,0,,1,1,1,0,,,,0,0,1378,,
103464,57242,900407,1,0,,90,0,0,,1,1,1,0,,,,0,0,,,
103465,57243,900415,1,1,"Within 12-24 months",85,0,0,,1,1,1,0,,,,0,0,1378,,
103466,57244,900428,1,1,,50,0,0,,1,1,0,0,,,,0,0,1378,,
103468,57246,900433,1,1,,80,0,0,,1,0,0,0,,,,0,0,1380,,
103478,57255,900527,0,0,,,0,0,,0,0,0,0,,,,0,0,1379,,
103479,57256,900530,1,1,,80,0,0,,0,1,1,0,,,,0,0,1379,,
103480,57257,900539,1,1,,25,0,0,,1,0,0,0,,,,0,0,1379,,
103481,57258,900542,1,1,,95,0,0,,1,1,1,0,,,,1,1,1381,,
103482,57259,900551,1,1,,35,0,0,,1,1,0,0,,,,0,0,1378,,
103483,57260,900564,1,1,,50,0,0,,1,1,0,0,,,,0,0,1381,,
103484,57261,900569,1,1,,80,0,0,,1,1,0,0,,,,0,0,1379,,
103485,57262,900573,1,1,,100,0,0,,1,1,1,0,,,,0,0,1379,,
103486,57263,900578,1,1,,65,0,0,,0,1,0,0,,,,0,0,1379,,
103487,57264,900581,1,1,,70,0,0,,0,1,1,0,,,,0,0,1381,,
103488,57265,900593,1,1,,85,0,0,,1,1,1,1,"ICU, OB/GYN",,,0,0,1379,,
103489,57266,900600,0,0,,,0,0,,0,0,0,0,,,,0,0,1378,,
103490,57267,900602,1,1,,80,0,0,,1,1,0,0,,,,0,0,1381,,
103493,57270,900619,1,1,,100,0,0,,1,1,1,0,,,,0,0,1379,,
103494,57271,900630,1,1,,100,0,0,,1,1,1,0,,,,0,0,1378,,
103495,57272,900633,0,0,,,0,0,,0,0,0,0,,,,0,0,1378,,
103496,57273,900636,1,1,,90,0,0,,1,1,1,0,,,,0,0,1379,,
103497,57274,900661,1,1,,75,0,0,,1,1,0,0,,,,0,0,1380,,
103498,57275,900664,1,1,,50,0,0,,0,1,0,0,,,,0,0,1380,,
103499,57276,900668,1,1,,95,0,0,,1,1,0,1,"ICU",,,0,0,1378,,
103500,57277,900670,1,1,,100,0,0,,1,0,0,0,,,,0,0,1380,,
103501,57278,900675,1,0,,100,0,0,,1,1,0,0,,,,0,0,1379,,
103502,57279,900680,0,0,,,0,0,,0,0,0,0,,,,0,0,1380,,
103503,57280,900685,1,1,,50,0,0,,0,1,0,0,,,,0,0,1380,,
103504,57281,900690,1,1,,95,0,0,,0,0,0,0,,,,0,0,1378,,
103505,57282,900695,1,1,"Within 12-24 months",100,0,0,,1,1,1,0,,,,0,0,1378,,
103506,57283,900698,0,0,,,0,0,,0,0,0,0,,,,0,0,1380,,
103507,57284,900702,0,0,,,0,0,,0,0,0,0,,,,0,0,1378,,
103508,57285,900705,1,1,,95,0,0,,0,1,1,0,,,,0,0,1378,,
103474,57252,900476,1,0,,50,0,0,,0,1,0,0,,,,0,0,1378,,
103475,57253,900480,0,0,,,0,0,,0,0,0,0,,,,0,0,1378,,
103476,57253,900481,1,1,,90,0,0,,1,1,1,0,,,,0,0,1378,,
103471,57249,900462,0,0,,,0,0,,0,0,0,0,,,,0,0,1378,,
103510,57287,900712,1,1,,,0,0,,0,0,0,0,,,,0,0,1378,,
103518,57295,900756,0,0,,,0,0,,0,0,0,0,,,,0,0,1378,,
103519,57296,900758,0,0,,,0,0,,0,0,0,0,,,,0,0,1378,,
103520,57297,900764,1,1,,80,0,0,,0,1,1,0,,,,0,0,1381,,
103521,57297,900765,1,1,,80,0,0,,0,1,1,0,,,,0,0,1381,,
103522,57297,900766,1,1,,80,0,0,,0,1,1,0,,,,0,0,1381,,
103523,57297,900767,0,0,,,0,0,,0,0,0,0,,,,0,0,1381,,
103524,57297,900768,1,1,,100,0,0,,1,1,1,0,,,,0,0,1379,,
103525,57298,900826,1,1,,100,0,0,,1,1,1,0,,,,0,0,1379,,
103526,57299,900834,1,1,,100,0,0,,0,1,1,0,,,,0,0,1378,,
103527,57300,900837,1,1,,,0,0,,1,1,1,0,,,,0,0,,,
103528,57301,900841,1,1,,75,0,0,,1,1,1,0,,,,0,0,,,
103529,57302,900844,1,1,,30,0,0,,1,1,1,0,,,,0,0,,,
103530,57303,900848,1,1,,75,0,0,,1,1,1,0,,,,0,0,,,
103531,57304,900881,0,0,,,0,0,,0,0,0,0,,,,0,0,,,
103536,57308,900899,1,0,,85,0,0,,0,1,0,0,,,,0,1,1379,,
103537,57309,900903,0,0,,,0,0,,0,0,0,0,,,,0,0,1378,,
103538,57310,900908,1,0,,75,0,0,,0,1,0,0,,,,0,0,,,
103539,57311,900932,1,0,,75,0,0,,1,1,1,0,,,,0,0,1381,,
103540,57311,900933,1,0,,90,1,0,,1,1,0,0,,,,0,1,1381,,
103541,57311,900934,1,0,,100,0,0,,1,1,1,0,,,,0,0,,,
103542,57311,900935,1,0,,100,0,0,,1,1,1,0,,,,0,0,1381,,
103543,57311,900936,1,0,,100,0,0,,0,0,0,0,,,,0,0,1381,,
103544,57311,900937,1,0,,100,0,0,,1,1,1,0,,,,0,0,1381,,
103545,57311,900938,1,0,,60,0,0,,1,0,0,0,,,,0,0,,,
103546,57311,900939,1,0,,80,0,0,,1,1,1,0,,,,0,0,1381,,
103547,57312,900994,1,0,,80,0,0,,1,1,0,0,,,,0,0,1380,,
103548,57313,901003,1,0,,75,0,0,,1,1,1,0,,,,0,0,1378,,
103549,57314,901007,0,0,,,0,0,,0,0,0,0,,,,0,0,1378,,
103550,57314,901008,0,0,,,0,0,,0,0,0,0,,,,0,0,1378,,
103551,57314,901009,1,0,,95,0,0,,1,1,1,0,,,,0,0,1378,,
103552,57314,901010,1,0,,85,0,0,,1,1,1,0,,,,0,0,1378,,
103513,57290,900730,0,0,,,0,0,,0,0,0,0,,,,0,0,1378,,
103514,57291,900733,1,0,,25,0,0,,1,1,1,0,,,,0,0,1381,,
103515,57292,900735,0,0,,,0,0,,0,0,0,0,,,,0,0,,,
103516,57293,900741,1,0,,90,0,0,,1,1,1,1,"CCU/IMCU, Nursery, OB/GYN, Psychiatry, Radiology",,,0,0,1378,,
103533,57306,900887,1,0,,100,0,0,,1,1,0,0,,,,0,0,1378,,
103534,57306,900888,1,0,,100,0,0,,1,1,0,0,,,,0,0,1378,,
103564,57326,901091,0,0,,,0,0,,0,0,0,0,,,,0,0,1378,,
103565,57327,901094,0,0,,,0,0,,0,0,0,0,,,,0,0,1378,,
103573,57335,901133,0,0,,,0,0,,0,0,0,0,,,,0,0,1379,,
103574,57336,901149,1,0,,90,0,0,,0,0,0,0,,,,0,0,1379,,
103575,57336,901150,1,0,,100,0,0,,1,1,1,0,,,,0,0,,,
103576,57336,901151,1,0,,100,0,0,,1,1,1,0,,,,0,1,,,
103582,57339,901236,1,0,,95,0,0,,1,0,0,1,"Psychiatric Unit",,,0,0,,,
103584,57341,901288,1,0,,100,0,0,,1,1,1,1,"Child Birth Center, Endoscopy, Oncology, Psychiatry, Recovery",,,0,0,1379,,
103585,57342,901302,1,1,"Within 12-24 months",100,0,0,,1,1,1,0,,,,0,0,1379,,
103589,57346,901359,1,0,,75,0,0,,1,1,1,0,,,,0,0,1381,,
103591,57348,901370,1,0,,,0,0,,0,1,0,0,,,,0,0,1379,,
103605,57359,901503,0,0,,,0,0,,0,0,0,0,,,,0,0,1378,,
103606,57360,901505,0,0,,,0,0,,0,0,0,0,,,,0,0,1379,,
103607,57360,901506,0,0,,,0,0,,0,0,0,0,,,,0,0,1378,,
103608,57361,901515,1,1,,100,0,0,,1,1,1,0,,,,0,0,1381,,
103603,57357,901496,0,0,,,0,0,,0,0,0,0,,,,0,0,1378,,
103612,57364,901550,1,1,,60,0,0,,1,1,1,0,,,,0,0,1381,,
103619,57371,901623,1,1,,,0,0,,1,0,1,0,,,,0,0,,,
103614,57366,901593,1,1,,50,0,0,,0,1,0,0,,,,0,0,1379,,
103615,57367,901597,0,0,,,0,0,,0,0,0,0,,,,0,0,1378,,
103627,57374,901648,1,0,,90,0,0,,1,1,1,0,,,,0,0,,,
103628,57374,901649,1,0,,90,0,0,,1,1,1,0,,,,0,0,,,
103646,57385,901957,1,1,,99,0,0,,1,1,1,0,,,,0,0,1381,,
103647,57385,901958,1,1,,90,0,0,,1,1,1,0,,,,0,0,1378,,
103648,57385,901959,1,1,,75,0,0,,1,1,1,0,,,,0,0,1381,,
103649,57385,901960,1,1,,90,0,0,,1,1,1,0,,,,0,0,1381,,
103650,57385,901961,1,1,,90,0,0,,1,1,1,0,,,,0,0,1381,,
103651,57385,901962,1,1,,95,0,0,,1,1,1,0,,,,0,0,1381,,
103652,57385,901963,1,1,,95,0,0,,1,1,0,0,,,,0,0,1381,,
103653,57385,901964,1,1,,75,0,0,,1,1,1,0,,,,0,0,1381,,
103654,57385,901965,1,1,,78,1,1,,1,1,1,0,,,,0,1,1381,,
103655,57385,901966,1,1,,100,0,0,,1,1,1,0,,,,0,0,1381,,
103656,57385,901967,1,1,,85,0,0,,1,1,1,0,,,,0,0,1379,,
103657,57385,901968,1,1,,97,0,0,,1,0,1,0,,,,0,0,1381,,
103658,57385,901969,1,1,,95,0,0,,1,1,1,0,,,,0,0,1381,,
103659,57385,901970,1,1,,95,0,0,,1,1,1,0,,,,0,0,1381,,
103660,57385,901971,1,1,,95,0,0,,1,1,1,0,,,,0,0,1381,,
103661,57385,901972,1,1,,95,0,0,,1,1,1,0,,,,0,0,1381,,
103662,57385,901973,1,1,,90,0,0,,1,1,1,0,,,,0,0,1381,,
103663,57385,901974,1,1,,80,0,0,,1,1,1,0,,,,0,0,1381,,
103664,57386,902209,0,0,,,0,0,,0,0,0,0,,,,0,0,1379,,
103632,57378,901700,1,0,,90,0,0,,1,1,1,0,,,,0,0,1379,,
103633,57378,901701,1,0,,95,0,0,,1,1,1,0,,,,0,0,1378,,
103635,57378,901703,1,0,,100,0,0,,0,1,0,0,,,,0,0,1378,,
103636,57378,901704,1,1,"Within 12 months",75,0,0,,0,1,1,0,,,,0,0,1379,,
103637,57379,901759,1,0,,,0,0,,0,0,0,0,,,,0,0,,,
103638,57379,901760,1,0,,97,0,0,,1,1,1,0,,,,0,0,1379,,
103639,57379,901761,1,0,,97,0,0,,1,1,1,0,,,,0,0,1379,,
103667,57388,902253,1,1,,75,0,0,,1,1,1,0,,,,0,0,,,
103680,57392,902357,1,0,,90,0,0,,1,1,1,0,,,,0,0,,,
103681,57392,902358,1,0,,,0,0,,1,1,0,0,,,,0,0,,,
103682,57392,902359,1,0,,93,0,0,,1,1,1,0,,,,0,0,,,
103683,57392,902360,1,0,,99,0,0,,0,0,0,0,,,,0,0,1381,,
103684,57392,902361,1,0,,90,0,0,,1,1,1,0,,,,0,0,,,
103685,57392,902362,1,0,,90,0,0,,1,1,1,0,,,,0,0,,,
103686,57392,902363,1,0,,,0,0,,0,0,0,0,,,,0,0,1378,,
103687,57392,902364,0,0,,,0,0,,0,0,0,0,,,,0,0,,,
103688,57392,902365,0,0,,,0,0,,0,0,0,0,,,,0,0,,,
103689,57392,902366,1,0,,90,0,0,,1,1,0,0,,,,0,0,1379,,
103691,57393,902582,1,1,"Within 12 months",95,0,0,,1,1,1,0,,,,0,0,1379,,
103642,57383,901876,1,0,,,0,0,,1,1,0,0,,,,0,0,1379,,
103643,57383,901877,1,0,,85,1,0,,1,1,1,0,,,,0,1,1379,,
103704,57393,902595,1,1,"Within 12-24 months",80,0,0,,1,1,0,0,,,,0,0,1379,,
103709,57393,902600,1,1,,93,0,0,,1,1,1,0,,,,0,0,1379,,
103714,57393,902605,1,1,,80,0,0,,1,1,1,0,,,,1,1,1381,,
103715,57393,902606,1,1,,80,0,0,,1,1,1,0,,,,0,0,1381,,
103716,57393,902607,1,1,,90,0,0,,1,1,1,0,,,,0,0,1379,,
103718,57394,902794,1,1,,90,0,0,,1,1,1,1,"OB/GYN",,,0,0,1380,,
103719,57394,902795,1,1,,95,0,0,,1,1,1,0,,,,0,0,1381,,
103720,57394,902796,1,1,,95,0,0,,1,1,0,0,,,,0,0,1381,,
103721,57394,902797,1,1,,95,0,0,,1,1,1,0,,,,0,0,1381,,
103722,57394,902798,1,1,,90,0,0,,0,0,0,0,,,,0,0,1381,,
103723,57394,902799,1,1,,95,0,0,,1,1,0,0,,,,0,0,1380,,
103724,57394,902800,1,1,,95,0,0,,1,1,1,0,,,,0,0,1380,,
103725,57394,902801,1,1,,90,0,0,,1,0,1,0,,,,0,0,1381,,
103726,57394,902802,1,1,,90,0,0,,1,1,1,1,"GI",,,0,0,1380,,
103746,57396,902965,1,0,,100,0,0,,1,1,1,0,,,,0,0,1379,,
99788,57396,856194,1,1,,80,0,0,,1,1,1,0,,,,0,0,1379,,
103747,57397,903017,1,1,,80,1,0,,1,0,1,0,,,,1,1,1380,,
103748,57397,903018,1,1,"Within 12 months",70,0,0,,0,0,0,0,,,,1,1,1379,,
103749,57397,903019,1,1,,50,0,0,,1,1,1,0,,,,1,1,1379,,
103750,57397,903020,1,1,,75,0,0,,1,1,1,0,,,,0,0,,,
103751,57397,903021,1,1,"Within 12 months",50,0,0,,1,1,1,0,,,,0,1,,,
103752,57397,903022,1,1,,50,0,0,,1,0,1,0,,,,1,1,,,
103753,57397,903023,1,1,,50,0,0,,1,1,1,0,,,,0,0,1381,,
103754,57397,903024,1,1,,50,1,0,,1,1,1,0,,,,0,0,,,
103755,57397,903025,1,1,,50,0,0,,1,1,1,0,,,,0,0,,,
103756,57397,903026,1,1,"Within 12 months",75,0,0,,1,1,1,0,,,,0,0,,,
103757,57397,903027,1,1,,50,0,0,,1,0,1,0,,,,0,0,,,
103758,57397,903028,1,1,"Within 12 months",90,0,0,,1,1,1,0,,,,1,1,1379,,
103759,57397,903029,0,0,,,0,0,,0,0,0,0,,,,0,0,,,
103760,57397,903030,1,1,,50,0,0,,1,1,1,0,,,,0,0,1379,,
103761,57397,903031,1,1,"Within 12 months",50,0,0,,1,1,1,0,,,,0,0,,,
103762,57397,903032,1,0,,85,0,0,,1,0,0,0,,,,0,0,,,
103763,57397,903033,1,0,,80,0,0,,1,0,0,0,,,,0,0,,,
103764,57397,903034,1,1,"Within 12 months",85,0,0,,1,0,0,0,,,,0,0,1378,,
103765,57397,903035,1,0,,80,0,0,,1,0,0,0,,,,0,0,,,
103766,57397,903036,1,1,,50,0,0,,1,0,0,0,,,,0,0,,,
103767,57397,903037,1,1,,100,0,0,,0,0,0,0,,,,1,1,1379,,
103768,57398,903158,1,1,,20,0,0,,1,1,1,0,,,,0,0,1379,,
103769,57398,903159,1,1,,10,1,0,,0,1,1,0,,,,0,0,1378,,
103770,57398,903160,1,1,,50,0,0,,1,1,1,0,,,,0,0,,,
103771,57398,903161,1,1,,75,1,0,,1,1,1,0,,,,0,0,1378,,
103772,57398,903162,1,1,,,0,0,,1,0,1,0,,,,0,0,,,
103677,57392,902354,1,0,,,0,0,,0,0,0,0,,,,0,0,,,
103678,57392,902355,1,0,,,0,0,,0,0,0,0,,,,0,0,,,
103744,57396,902963,1,0,,100,0,0,,1,1,1,0,,,,0,0,1379,,
103777,57401,903410,1,0,,90,0,0,,1,1,1,1,"Cardiac Cath-Lab., CCU, GI, NICU, OB/GYN, OPSC, Radiology",,,0,0,1379,,
103778,57402,903414,1,1,,70,0,0,,1,1,1,0,,,,0,0,1378,,
103776,57403,903406,1,0,,80,0,0,,1,1,1,0,,,,0,0,1378,,
103775,57404,903389,0,0,,,0,0,,0,0,0,0,,,,0,0,,,
103779,57409,903416,1,1,,95,0,0,,1,1,0,0,,,,0,0,1381,,
103784,57410,903458,1,1,,25,0,0,,1,1,0,0,,,,0,0,1378,,
103785,57411,903468,1,1,"Within 12-24 months",50,0,0,,0,1,0,0,,,,0,0,1380,,
103789,57412,903493,1,1,,95,0,0,,0,1,1,0,,,,0,0,1380,,
103790,57412,903494,1,1,,95,0,0,,0,1,1,0,,,,0,0,1380,,
103787,57414,903479,1,1,,75,0,0,,0,1,1,0,,,,0,0,1378,,
103788,57415,903487,1,0,,90,0,0,,1,1,0,0,,,,0,0,1379,,
103795,57416,903563,1,0,,50,0,0,,0,1,0,1,"Extended Care",,,0,0,1380,,
103792,57417,903518,1,1,,90,0,0,,1,1,1,0,,,,0,0,1379,,
103791,57418,903516,0,0,,,0,0,,0,0,0,0,,,,0,0,1378,,
103794,57419,903561,1,1,,100,0,0,,1,0,1,0,,,,0,0,1380,,
103796,57420,903567,1,1,,80,0,0,,1,1,1,1,"Ambulatory Clinics",,,0,0,1381,,
103797,57420,903568,1,1,,80,0,0,,1,1,1,1,"Ambulatory Clinics",,,0,0,1381,,
103798,57421,903588,1,1,,99,0,0,,1,1,1,0,,,,0,0,1379,,
103800,57422,903621,0,0,,,0,0,,0,0,0,0,,,,0,0,1378,,
103801,57423,903628,0,0,,,0,0,,0,0,0,0,,,,0,0,1378,,
103799,57424,903613,1,1,,60,0,0,,1,1,1,0,,,,0,0,1380,,
103804,57428,903643,1,1,,90,0,0,,1,1,1,0,,,,0,0,1379,,
103803,57429,903640,1,1,,100,0,0,,1,1,0,0,,,,0,0,1378,,
103807,57430,903669,1,0,,45,0,0,,1,1,0,0,,,,0,0,1379,,
103808,57431,903673,1,1,,55,0,0,,1,1,0,0,,,,0,0,1378,,
103811,57432,903692,1,1,,100,0,0,,1,1,0,0,,,,0,0,1379,,
103810,57433,903680,1,1,,85,0,0,,1,1,0,1,"OB/GYN",,,0,0,1381,,
103781,57406,903422,1,0,,90,0,0,,1,1,1,1,"ICU, Nursing, OB/GYN, PACU",,,0,0,1379,,
103812,57435,903696,1,1,,95,0,0,,1,1,1,0,,,,0,0,1379,,
103813,57435,903697,1,1,,95,0,0,,1,1,1,0,,,,0,0,1378,,
103817,57439,903769,1,1,,100,0,0,,1,0,0,0,,,,0,0,1379,,
103818,57440,903778,1,1,,95,0,0,,0,1,0,0,,,,0,0,1379,,
103821,57441,903803,0,0,,,0,0,,0,0,0,0,,,,0,0,1378,,
103823,57442,903818,1,1,,90,0,0,,1,1,1,0,,,,0,0,1379,,
103822,57443,903807,1,1,,95,0,0,,1,1,1,0,,,,0,0,1378,,
103819,57444,903780,1,1,,95,0,0,,1,1,1,0,,,,0,0,1379,,
103820,57444,903781,1,1,,95,0,0,,1,0,1,0,,,,0,0,,,
103826,57445,903844,1,0,,100,1,0,,1,1,1,0,,,,0,0,,,
103827,57445,903845,1,0,,100,1,0,,1,1,1,0,,,,0,0,1378,,
103828,57445,903846,1,0,,100,1,0,,1,1,1,0,,,,0,0,1378,,
103829,57445,903847,1,0,,100,1,0,,1,1,1,0,,,,0,0,1378,,
103830,57445,903848,1,0,,50,0,0,,1,1,1,0,,,,0,0,1378,,
103831,57448,903949,0,0,,,0,0,,0,0,0,0,,,,0,0,,,
103832,57449,903953,1,1,,100,0,1,"Within 12 months",1,1,1,0,,,,1,1,1380,,
103833,57449,903954,1,1,,100,0,0,,1,1,1,0,,,,1,1,1380,,
103834,57449,903955,1,1,,95,0,1,"Within 12 months",1,1,1,0,,,,1,1,1380,,
103835,57449,903956,1,1,,100,0,1,"Within 12 months",1,1,1,0,,,,1,1,1380,,
103837,57450,904046,0,0,,,0,0,,0,0,0,0,,,,0,0,1380,,
103836,57451,904040,0,0,,,0,0,,0,0,0,0,,,,0,0,1378,,
103838,57452,904049,1,1,,80,1,0,,0,1,1,0,,,,0,0,1379,,
103816,57437,903766,1,1,,95,0,0,,1,1,1,0,,,,0,0,,,
103824,57446,903828,1,1,,50,0,0,,1,1,0,0,,,,0,0,,,
103842,57455,904072,1,1,,100,0,0,,0,1,1,0,,,,0,0,,,
103843,57457,904078,1,1,,99,0,0,,1,1,1,0,,,,0,0,1379,,
103848,57459,904112,0,0,,,0,0,,0,0,0,0,,,,0,0,1378,,
103851,57460,904119,1,1,,20,0,0,,1,1,0,1,"Kramer Center, Special Care",,,0,0,1379,,
103852,57461,904123,1,1,,60,0,0,,1,1,0,0,,,,0,0,1378,,
103853,57461,904124,0,0,,,0,0,,0,0,0,0,,,,0,0,1378,,
103854,57461,904125,1,1,,50,1,0,,1,1,0,0,,,,0,1,1379,,
103855,57461,904126,0,0,,,0,0,,0,0,0,0,,,,0,0,1378,,
103844,57465,904080,0,0,,,0,0,,0,0,0,0,,,,0,0,1379,,
103856,57466,904144,0,0,,,0,0,,0,0,0,0,,,,0,0,1379,,
103857,57467,904149,1,0,,90,0,0,,1,1,1,0,,,,0,0,1379,,
103849,57463,904114,1,0,,40,0,0,,1,1,0,0,,,,0,0,1378,,
103861,57473,904163,1,1,,98,0,0,,1,1,1,0,,,,0,0,1381,,
103866,57474,904201,1,1,,90,0,0,,1,1,1,0,,,,0,0,1381,,
103871,57480,904254,0,0,,,0,0,,0,0,0,0,,,,0,0,1379,,
103877,57485,904282,1,0,,90,0,0,,1,1,1,0,,,,0,0,1379,,
103878,57485,904283,1,0,,90,0,0,,1,1,1,0,,,,0,1,,,
103879,57485,904284,1,0,,90,0,0,,1,1,1,0,,,,0,0,,,
103880,57485,904285,1,0,,90,1,0,,1,1,1,0,,,,0,0,1378,,
103881,57485,904286,1,0,,95,0,0,,1,1,1,1,"Radiology, Women's Center",,,0,0,1378,,
103872,57482,904256,1,0,,80,0,0,,1,1,1,0,,,,0,0,1378,,
103883,57485,904288,1,0,,100,0,0,,0,1,1,0,,,,0,0,1379,,
104146,57485,907595,1,1,,25,1,0,,1,1,1,0,,,,0,0,1381,,
104147,57485,907596,1,1,,50,0,0,,1,0,1,0,,,,0,0,1381,,
104148,57485,907597,1,1,,85,0,0,,0,0,0,0,,,,0,0,1381,,
102892,57485,892330,1,1,,90,0,0,,1,1,1,0,,,,0,0,1379,,
103876,57486,904277,1,0,,100,0,0,,1,1,1,0,,,,0,0,1378,,
103886,57488,904419,0,0,,,0,0,,0,0,0,0,,,,0,0,1379,,
103884,57489,904409,1,1,,80,0,0,,1,1,1,0,,,,0,0,1378,,
103885,57490,904413,0,0,,,0,0,,0,0,0,0,,,,0,0,1378,,
103888,57492,904434,0,0,,,0,0,,0,0,0,0,,,,0,0,1378,,
103894,57500,904475,1,1,,50,0,0,,1,0,1,0,,,,0,0,1379,,
103895,57501,904482,1,1,,50,0,0,,1,1,1,0,,,,0,0,1379,,
103909,57512,904611,1,0,,90,0,0,,1,1,0,0,,,,0,0,,,
103913,57514,904639,1,0,,100,0,0,,1,1,0,0,,,,0,0,1380,,
103916,57517,904661,0,0,,,0,0,,0,0,0,0,,,,0,0,1378,,
103941,57537,904911,0,0,,,0,0,,0,0,0,0,,,,0,0,1378,,
103942,57538,904916,1,1,,85,0,0,,1,1,0,0,,,,0,0,,,
103943,57538,904917,1,1,,75,0,0,,1,1,1,0,,,,0,0,,,
103944,57538,904918,1,1,,100,0,0,,1,1,1,0,,,,0,0,,,
103946,57540,905000,1,1,,95,0,0,,1,1,1,0,,,,0,0,,,
103947,57541,905005,1,0,,95,0,0,,1,1,0,0,,,,0,0,,,
103936,57532,904847,1,0,,85,0,0,,1,1,1,0,,,,0,0,1381,,
103937,57533,904864,1,1,,75,0,0,,1,1,1,0,,,,0,0,1378,,
103938,57534,904880,1,0,,99,0,0,,1,1,1,0,,,,0,0,1378,,
103954,57548,905055,1,1,,100,0,0,,1,0,1,0,,,,0,0,1378,,
103955,57549,905058,1,1,,85,0,0,,1,1,1,0,,,,0,0,1379,,
103956,57549,905059,1,1,,90,1,0,,1,1,1,0,,,,0,0,1379,,
103957,57550,905087,0,0,,,0,0,,0,0,0,0,,,,0,0,1378,,
103959,57552,905097,1,0,,85,0,0,,1,1,1,0,,,,0,1,1379,,
103960,57552,905098,1,0,,85,0,0,,0,1,1,0,,,,0,1,1379,,
103961,57552,905099,1,0,,95,0,0,,1,0,1,0,,,,0,1,1379,,
103928,57525,904766,1,1,,80,0,0,,1,1,0,0,,,,0,0,1379,,
103963,57554,905117,0,0,,,0,0,,0,0,0,0,,,,0,0,,,
103964,57555,905122,1,1,,75,0,0,,1,1,1,0,,,,0,0,,,
103974,57562,905237,1,0,,50,0,0,,1,1,0,0,,,,0,0,1379,,
103973,57563,905230,1,1,,95,0,0,,1,1,1,0,,,,1,1,,,
103991,57575,905404,1,1,,95,0,0,,1,1,0,0,,,,0,0,,,
103966,57557,905153,1,0,,85,0,0,,1,0,0,0,,,,0,0,1381,,
103970,57559,905219,0,0,,,0,0,,0,0,0,0,,,,0,0,,,
103978,57568,905271,1,1,,60,0,0,,0,1,1,0,,,,0,0,,,
103987,57570,905327,0,0,,,0,0,,0,0,0,0,,,,0,0,,,
103988,57571,905330,1,1,,90,0,0,,1,1,1,0,,,,0,0,,,
103989,57572,905339,1,1,,90,0,0,,1,1,1,0,,,,0,0,1379,,
103986,57566,905324,0,0,,,0,0,,0,0,0,0,,,,0,0,,,
104019,57577,905575,0,0,,,0,0,,0,0,0,0,,,,0,0,1378,,
104030,57580,906020,1,1,,40,0,0,,1,1,0,0,,,,1,1,1379,,
104031,57581,906044,1,1,,75,0,0,,1,1,1,0,,,,1,1,1381,,
104050,57587,906384,0,0,,,0,0,,0,0,0,0,,,,0,0,1381,,
104051,57587,906385,0,0,,,0,0,,0,0,0,0,,,,0,0,1381,,
104052,57587,906386,0,0,,,0,0,,0,0,0,0,,,,0,0,1381,,
104053,57587,906387,0,0,,,0,0,,0,0,0,0,,,,0,0,1381,,
104054,57587,906388,0,0,,,0,0,,0,0,0,0,,,,0,0,1381,,
104055,57587,906389,0,0,,,0,0,,0,0,0,0,,,,0,0,1381,,
104056,57587,906390,0,0,,,0,0,,0,0,0,0,,,,0,0,1381,,
104057,57587,906391,0,0,,,0,0,,0,0,0,0,,,,0,0,1381,,
104058,57587,906392,0,0,,,0,0,,0,0,0,0,,,,0,0,1381,,
104059,57587,906393,0,0,,,0,0,,0,0,0,0,,,,0,0,1381,,
104060,57587,906394,0,0,,,0,0,,0,0,0,0,,,,0,0,1381,,
104061,57587,906395,0,0,,,0,0,,0,0,0,0,,,,0,0,1381,,
103873,57577,904265,1,0,,90,0,0,,1,1,0,0,,,,0,0,1378,,
104034,57581,906047,1,1,,95,0,0,,1,1,1,0,,,,0,0,1379,,
104035,57581,906048,1,1,,95,0,0,,1,1,1,0,,,,0,0,1380,,
104037,57581,906050,1,1,,25,0,0,,1,1,1,0,,,,0,0,,,
104038,57582,906239,1,0,,,0,0,,0,0,0,0,,,,0,0,,,
104039,57582,906240,1,0,,85,0,0,,1,1,1,0,,,,0,0,1378,,
104068,57589,906582,1,1,,50,0,0,,1,1,1,0,,,,0,0,1378,,
104079,57591,906670,1,1,,85,0,0,,1,1,1,0,,,,0,0,1379,,
104080,57591,906671,1,1,,90,0,0,,1,1,0,0,,,,0,0,1381,,
104081,57592,906682,1,1,,70,0,0,,1,0,0,0,,,,0,0,1379,,
104082,57592,906683,1,1,,60,0,0,,1,1,1,0,,,,0,0,1379,,
104083,57592,906684,1,1,,80,0,0,,1,1,1,0,,,,0,0,1379,,
104095,57594,907066,1,1,,,0,0,,0,0,0,0,,,,1,1,,,
104096,57594,907067,1,0,,25,1,0,,1,1,1,0,,,,0,0,,,
104097,57594,907068,1,0,,25,1,0,,1,1,1,0,,,,0,0,,,
104098,57594,907069,1,1,,25,1,0,,1,1,1,0,,,,0,0,,,
104099,57594,907070,1,0,,24,1,0,,1,1,1,0,,,,0,0,,,
104100,57594,907071,1,0,,25,1,0,,1,1,1,0,,,,0,0,,,
104101,57594,907072,1,0,,25,0,0,,1,1,1,0,,,,0,0,,,
104102,57594,907073,1,1,,25,1,0,,1,1,1,0,,,,0,0,,,
104103,57594,907074,1,0,,60,0,0,,1,1,1,0,,,,0,0,,,
104106,57594,907077,1,0,,75,0,0,,1,1,1,0,,,,0,0,,,
104107,57595,907150,1,1,,95,0,0,,1,1,1,0,,,,0,0,1378,,
104108,57596,907189,1,1,,75,0,0,,1,1,0,0,,,,0,0,1380,,
104109,57596,907190,1,1,,75,0,0,,1,1,1,1,"CCU, OB/GYN",,,0,0,1380,,
104110,57596,907191,1,1,,90,0,0,,1,1,1,1,"OB/GYN",,,0,0,1380,,
104111,57596,907192,1,1,,95,0,0,,1,1,1,1,"ICU, IMCU, NICU, OB/GYN, Pediatrics, Rehabilitation",,,0,0,1380,,
104112,57596,907193,1,1,,75,0,0,,1,1,1,1,"CCU, OB/GYN",,,0,0,1380,,
104113,57596,907194,0,0,,,0,0,,0,0,0,0,,,,0,0,1380,,
104114,57596,907195,1,1,,75,0,0,,1,1,0,0,,,,0,0,1380,,
104118,57598,907370,1,1,,90,0,0,,1,1,1,0,,,,0,0,1379,,
104119,57598,907371,1,1,,90,0,0,,1,1,1,0,,,,1,1,1379,,
104120,57599,907412,1,1,,75,0,0,,1,1,1,0,,,,0,0,1379,,
104125,57601,907429,0,0,,,0,0,,0,0,0,0,,,,0,0,1380,,
104128,57602,907472,1,1,,90,0,0,,1,1,1,1,"OB/GYN",,,0,0,1379,,
104126,57603,907432,1,1,,80,0,0,,1,1,1,0,,,,0,0,1379,,
104127,57603,907433,1,1,,90,0,0,,1,1,0,0,,,,1,1,1379,,
104124,57604,907425,1,1,,40,0,0,,0,1,0,0,,,,0,0,1378,,
104129,57606,907487,1,1,,80,0,0,,1,1,1,0,,,,0,0,1378,,
104132,57607,907513,1,1,,75,0,0,,0,1,0,0,,,,0,0,1379,,
104133,57608,907520,1,1,,85,0,0,,1,0,0,0,,,,0,0,1379,,
104131,57609,907507,0,0,,,0,0,,0,0,0,0,,,,0,0,,,
104134,57610,907524,1,1,,95,0,0,,1,1,0,0,,,,0,0,1379,,
104135,57611,907527,1,1,,50,0,0,,0,1,0,0,,,,0,0,1378,,
104137,57612,907532,1,1,,90,0,0,,0,1,0,0,,,,0,0,1379,,
104139,57614,907537,1,1,,60,0,0,,1,1,1,0,,,,0,0,1379,,
104136,57615,907530,0,0,,,0,0,,0,0,0,0,,,,0,0,1378,,
104141,57616,907570,1,1,,85,0,0,,1,0,1,1,"Nursing",,,0,0,1381,,
104145,57617,907591,0,0,,,0,0,,0,0,0,0,,,,0,0,1378,,
104149,57618,907612,0,0,,,0,0,,0,0,0,0,,,,0,0,1378,,
104142,57619,907573,1,1,,,0,0,,1,1,0,0,,,,0,0,,,
104143,57621,907577,1,1,,75,0,0,,1,1,1,0,,,,0,0,1378,,
104150,57623,907615,1,1,,90,0,0,,0,1,1,0,,,,0,0,1381,,
104151,57623,907616,1,1,,90,0,0,,1,1,1,0,,,,0,0,1381,,
104161,57626,907697,0,0,,,0,0,,0,0,0,0,,,,0,0,1379,,
104162,57627,907711,0,0,,,0,0,,0,0,0,0,,,,0,0,,,
104160,57628,907694,0,0,,,0,0,,0,0,0,0,,,,0,0,,,
104159,57629,907690,1,1,,85,1,0,,1,1,1,0,,,,0,0,1379,,
104163,57630,907714,0,0,,,0,0,,0,0,0,0,,,,0,0,1378,,
104167,57631,907736,1,1,,100,0,0,,1,1,1,0,,,,0,0,1379,,
104166,57632,907734,1,1,,100,0,0,,0,1,1,0,,,,0,0,1379,,
104165,57633,907730,1,1,"Within 12-24 months",90,0,0,,1,1,1,0,,,,0,0,1379,,
104164,57634,907722,1,1,,75,0,0,,1,1,1,0,,,,0,0,1378,,
104041,57582,906242,1,0,,90,0,0,,1,1,0,0,,,,0,0,,,
104042,57582,906243,1,0,,90,0,0,,1,1,1,0,,,,0,1,,,
104043,57582,906244,1,0,,95,0,0,,1,1,1,0,,,,0,0,,,
104044,57582,906245,0,0,,,0,0,,0,0,0,0,,,,0,0,,,
104045,57582,906246,1,0,,85,0,0,,1,1,1,0,,,,0,0,,,
104046,57582,906247,1,0,,80,0,0,,1,1,0,0,,,,0,0,,,
104173,57637,907782,1,1,,90,0,0,,1,1,1,0,,,,0,0,1379,,
104178,57642,907830,0,0,,,0,0,,0,0,0,0,,,,0,0,1378,,
104175,57643,907795,1,1,,100,0,0,,0,0,1,0,,,,0,0,1379,,
104170,57639,907752,1,1,,100,0,0,,1,1,1,0,,,,0,0,1380,,
104172,57640,907778,0,0,,,0,0,,0,0,0,0,,,,0,0,1378,,
104181,57647,907852,1,1,,85,0,0,,1,1,1,0,,,,0,0,1379,,
104182,57648,907855,1,1,,30,0,0,,1,0,0,0,,,,0,0,1379,,
104184,57652,907893,1,1,,50,1,0,,1,1,1,0,,,,0,0,1379,,
104191,57655,907974,1,1,,95,0,0,,1,1,0,0,,,,0,0,1381,,
104192,57655,907975,1,1,,95,0,0,,1,1,1,0,,,,0,0,1381,,
104193,57655,907976,1,1,,95,0,0,,1,1,1,0,,,,0,0,,,
104194,57655,907977,1,1,,95,0,0,,1,1,1,0,,,,1,1,1381,,
104195,57655,907978,1,1,,40,0,0,,0,0,1,0,,,,0,0,,,
104196,57655,907979,1,0,,50,0,0,,1,1,1,0,,,,0,0,1378,,
104197,57655,907980,1,0,,30,0,0,,1,0,1,0,,,,0,0,1378,,
104198,57655,907981,1,0,,80,0,0,,0,0,0,0,,,,0,0,,,
104199,57655,907982,1,0,,45,0,0,,1,1,1,0,,,,0,0,1379,,
104200,57655,907983,1,1,,95,0,0,,1,1,1,0,,,,0,0,1379,,
104201,57655,907984,1,1,,90,0,0,,1,1,1,0,,,,0,0,1379,,
104202,57655,907985,1,0,,50,0,0,,1,0,0,0,,,,0,0,,,
104203,57655,907986,1,1,,80,0,0,,1,1,1,0,,,,0,0,1379,,
104204,57655,907987,1,0,,90,0,0,,1,1,1,0,,,,0,0,1379,,
104205,57655,907988,1,0,,95,0,0,,1,1,1,0,,,,0,1,,,
104206,57655,907989,1,1,,95,0,0,,1,1,1,0,,,,0,0,1379,,
104207,57656,908180,0,0,,,0,0,,0,0,0,0,,,,0,0,1379,,
104208,57657,908185,1,1,,90,0,0,,1,0,0,0,,,,0,0,1379,,
104216,57658,908250,0,0,,,0,0,,0,0,0,0,,,,0,0,1378,,
104215,57659,908242,1,1,,100,0,0,,1,1,0,0,,,,0,0,1378,,
104209,57660,908189,1,0,,60,0,0,,1,1,1,0,,,,0,0,1379,,
104210,57660,908190,1,0,,60,0,0,,0,0,0,0,,,,0,0,1379,,
104211,57660,908191,1,0,,60,0,0,,0,0,0,0,,,,0,0,1380,,
104212,57660,908192,1,1,,50,0,0,,1,1,1,0,,,,0,0,1379,,
104213,57660,908193,1,0,,50,0,0,,1,1,1,0,,,,0,0,,,
104214,57660,908194,1,0,,60,0,0,,1,1,1,0,,,,0,0,1379,,
104217,57661,908254,1,1,,50,0,0,,1,1,1,0,,,,0,0,1379,,
104218,57662,908269,0,0,,,0,0,,0,0,0,0,,,,0,0,,,
104219,57663,908272,1,1,,100,0,0,,1,0,0,0,,,,0,0,1379,,
104230,57670,908374,1,0,,75,0,0,,1,1,1,0,,,,0,0,1379,,
104231,57671,908426,1,0,,25,0,0,,0,1,0,0,,,,0,0,1378,,
104232,57672,908428,0,0,,,0,0,,0,0,0,0,,,,0,0,1378,,
104236,57674,908447,1,1,,90,0,0,,1,1,1,0,,,,0,0,1380,,
104235,57675,908445,1,0,,,0,0,,0,0,0,0,,,,0,0,1378,,
104234,57676,908437,1,1,,95,0,0,,1,1,0,0,,,,0,0,1378,,
104243,57677,908498,0,0,,,0,0,,0,0,0,0,,,,0,0,1379,,
104244,57678,908500,1,1,,90,0,0,,0,0,0,0,,,,0,0,1380,,
104237,57680,908457,1,1,,75,0,0,,1,0,0,0,,,,0,0,1378,,
104240,57681,908472,1,0,,95,0,0,,1,1,1,0,,,,0,0,1379,,
104239,57682,908467,0,0,,,0,0,,0,0,0,0,,,,0,0,1378,,
104242,57683,908492,0,0,,,0,0,,0,0,0,0,,,,0,0,1378,,
104241,57684,908488,0,0,,,0,0,,0,0,0,0,,,,0,0,,,
104248,57685,908521,0,0,,,0,0,,0,0,0,0,,,,0,0,1378,,
104247,57686,908518,1,0,,100,0,0,,1,1,1,0,,,,0,0,,,
104250,57687,908528,1,1,,80,0,0,,1,1,1,0,,,,0,0,1378,,
104249,57688,908524,1,1,,75,0,0,,1,1,1,0,,,,0,0,,,
104251,57690,908533,0,0,,,0,0,,0,0,0,0,,,,0,0,1379,,
104252,57691,908535,0,0,,,0,0,,0,0,0,0,,,,0,0,1379,,
104253,57692,908548,1,1,,60,0,0,,1,1,1,0,,,,0,0,1378,,
104255,57693,908557,1,1,,90,0,0,,1,1,1,0,,,,0,0,1378,,
104254,57694,908553,0,0,,,0,0,,0,0,0,0,,,,0,0,,,
104256,57695,908565,0,0,,,0,0,,0,0,0,0,,,,0,0,1380,,
104258,57697,908570,1,1,,90,0,0,,1,1,1,0,,,,0,0,1379,,
104259,57697,908571,1,0,,95,0,0,,1,1,1,0,,,,0,0,1381,,
104260,57698,908601,1,0,,75,0,0,,1,1,1,0,,,,0,0,1379,,
104262,57700,908611,1,1,,60,1,0,,1,1,1,0,,,,1,1,1381,,
104261,57701,908604,1,1,,95,0,0,,1,1,1,0,,,,0,0,1379,,
101483,58434,877345,1,0,,,0,0,,1,1,1,0,,,,0,0,1381,,
102786,58434,891674,1,1,,75,0,0,,1,1,1,0,,,,0,0,1381,,
102407,58434,887635,1,1,,90,0,0,,1,1,1,0,,,,0,0,1379,,
102801,58434,891689,1,1,,75,0,0,,1,1,1,0,,,,0,0,1381,,
102818,58434,891706,1,1,,75,0,0,,1,1,1,0,,,,0,0,1381,,
99971,58434,858798,1,0,,95,0,0,,1,1,1,0,,,,0,0,1379,,
101436,58438,876783,1,1,,85,0,0,,1,1,1,0,,,,0,0,1379,,
100689,58444,869060,1,0,,95,0,0,,1,1,1,1,"Endoscopy",,,0,0,1379,,
102001,63434,884811,1,1,,90,0,0,,1,1,1,0,,,,0,0,1381,,
104138,63445,907535,1,1,,75,0,0,,1,1,0,0,,,,0,0,1379,,
104144,63605,907578,1,0,,50,0,0,,1,1,1,0,,,,0,1,1381,,
100078,63609,860160,1,1,,95,0,0,,1,1,1,0,,,,0,0,1378,,
100079,63609,860161,1,1,,95,0,0,,1,1,1,0,,,,0,0,1378,,
104140,63609,907542,1,1,,90,0,0,,1,1,1,0,,,,0,0,1381,,
101598,63610,879035,1,0,,75,0,0,,1,1,1,0,,,,0,0,,,
103951,63643,905023,1,0,,98,0,0,,0,1,0,0,,,,0,0,1378,,
104121,63938,907416,1,1,,80,0,0,,1,1,1,0,,,,0,0,1379,,
104122,63939,907417,0,0,,,0,0,,0,0,0,0,,,,0,0,1378,,
102820,63742,891708,1,1,,75,0,0,,1,1,0,0,,,,0,0,1381,,
104223,63953,908293,1,1,,75,0,0,,0,1,0,0,,,,0,0,1378,,
101434,64700,876711,1,0,,99,0,0,,1,1,1,0,,,,0,0,1380,,
102815,64701,891703,1,1,,75,0,0,,1,1,1,0,,,,0,0,1381,,
102826,64701,891714,1,1,,75,0,0,,1,1,1,0,,,,0,0,1381,,
100841,65152,871157,1,0,,75,0,0,,1,1,0,0,,,,0,0,1381,,
102478,65201,888585,1,1,,90,0,0,,1,1,1,0,,,,1,1,1381,,
105094,63580,930582,1,1,,20,0,0,,1,0,0,0,,,,0,0,1378,,
105099,63580,930587,0,0,,,0,0,,0,0,0,0,,,,0,0,1378,,
105248,63652,932562,0,0,,,0,0,,0,0,0,0,,,,0,0,,,
105970,63445,941698,1,0,,85,0,0,,1,1,1,0,,,,0,0,,,
104998,63434,929786,1,0,,70,0,0,,1,0,0,0,,,,0,0,1379,,
104653,57175,912449,1,1,,90,0,0,,1,1,1,0,,,,0,0,,,
104657,57175,912453,1,1,,80,0,0,,1,1,0,0,,,,0,0,,,
104660,57175,912456,0,0,,,0,0,,0,0,0,0,,,,0,0,,,
104832,57175,927013,1,0,,,0,0,,1,1,1,0,,,,0,0,,,
104648,57179,891725,1,1,,75,0,0,,0,1,1,0,,,,0,0,1381,,
104646,57179,905216,0,0,,,0,0,,0,0,0,0,,,,0,0,,,
104647,57179,905217,0,0,,,0,0,,0,0,0,0,,,,0,0,,,
104796,57192,913009,1,1,,80,0,0,,1,1,1,0,,,,0,0,1379,,
105726,57192,937879,1,0,,85,0,0,,1,1,1,0,,,,0,0,1379,,
105727,57192,937880,1,0,,85,0,0,,1,1,1,0,,,,0,0,1379,,
105728,57192,937881,1,0,,85,0,0,,1,1,1,0,,,,0,0,1379,,
105729,57192,937882,1,0,,75,0,0,,1,1,1,0,,,,0,0,1379,,
105730,57192,937883,1,0,,100,0,0,,1,1,1,0,,,,0,0,1379,,
105731,57192,937884,1,0,,85,0,0,,1,1,1,0,,,,0,0,1379,,
105732,57192,937885,1,0,,95,0,0,,1,1,1,0,,,,0,0,1381,,
105934,56107,940836,1,0,,90,0,0,,1,1,1,0,,,,0,0,,,
104364,56424,909670,1,1,,96,0,0,,1,1,1,0,,,,0,0,,,
104649,56591,896920,0,0,,,0,0,,0,0,0,0,,,,0,0,,,
108243,56729,963240,1,0,,,0,0,,0,0,0,0,,,,0,0,,,
105513,56967,935902,1,1,,85,0,0,,1,1,1,0,,,,0,0,1378,,
105514,56967,935903,1,1,,85,0,0,,1,1,1,0,,,,0,0,1378,,
105515,56967,935904,1,1,,95,0,0,,1,1,1,0,,,,0,0,1378,,
105230,56971,932411,1,1,,55,0,0,,1,1,0,0,,,,0,0,1381,,
104973,57095,929565,1,1,,100,0,0,,1,1,0,0,,,,0,0,1381,,
105974,57210,896908,0,0,,,0,0,,0,0,0,0,,,,0,0,,,
105975,57210,896909,0,0,,,0,0,,0,0,0,0,,,,0,0,,,
105973,57210,896906,0,0,,,0,0,,0,0,0,0,,,,0,0,,,
104797,57232,926922,0,0,,,0,0,,0,0,0,0,,,,0,0,,,
104780,57233,912854,1,1,,90,0,0,,1,1,1,0,,,,0,0,1380,,
105349,56056,933728,1,0,,100,0,0,,1,1,1,0,,,,0,0,1378,,
104783,56100,912895,1,1,,90,0,0,,1,1,1,0,,,,0,0,1380,,
105971,57234,942036,1,0,,,0,0,,0,0,0,0,,,,0,0,,,
104943,57385,929300,1,1,,80,0,0,,1,1,0,0,,,,0,0,1379,,
105438,57581,935252,1,1,,90,0,0,,1,1,1,0,,,,0,0,1381,,
105439,57581,935253,1,1,,100,0,0,,1,1,1,0,,,,0,0,1379,,
105440,57581,935254,1,1,,95,0,0,,1,1,1,0,,,,0,0,1381,,
105441,57581,935255,1,1,,100,0,0,,1,1,1,0,,,,0,0,1381,,
105442,57581,935256,1,1,,20,1,0,,0,1,1,0,,,,0,1,1379,,
104512,57587,911349,0,0,,,0,0,,0,0,0,0,,,,0,0,,,
105069,57591,930459,1,1,,95,0,0,,1,1,1,0,,,,0,0,,,
106976,57596,942898,1,0,,75,0,0,,1,1,1,0,,,,0,0,1380,,
104273,57710,908784,1,1,,50,0,0,,1,1,1,0,,,,0,0,1381,,
104278,57711,908820,1,1,,94,0,0,,1,1,1,0,,,,0,0,1379,,
104276,57713,908809,0,0,,,0,0,,0,0,0,0,,,,0,0,,,
104285,57716,908842,0,0,,,0,0,,0,0,0,0,,,,0,0,,,
105463,57716,935585,1,1,,40,0,0,,1,1,1,0,,,,0,0,1379,,
104292,57723,908921,1,1,,75,0,0,,1,1,0,0,,,,0,0,1379,,
104295,57724,908965,1,1,,25,0,0,,0,1,1,0,,,,0,0,1378,,
104296,57725,908974,1,0,,95,0,0,,1,1,1,0,,,,0,0,1379,,
104297,57726,908985,1,0,,95,0,0,,0,1,0,0,,,,0,0,1379,,
104298,57728,908996,1,1,,75,0,0,,1,1,1,0,,,,0,0,,,
104299,57729,909004,0,0,,,0,0,,0,0,0,0,,,,0,0,,,
104303,57730,909031,1,1,,95,0,0,,1,1,1,0,,,,0,0,,,
104300,57731,909012,1,1,,75,0,0,,0,1,0,0,,,,0,0,,,
104293,57720,908927,1,1,,65,0,0,,0,1,1,0,,,,0,0,1379,,
104301,57733,909015,0,0,,,0,0,,0,0,0,0,,,,0,0,1381,,
104304,57734,909034,0,0,,,0,0,,0,0,0,0,,,,0,0,,,
104305,57735,909036,1,0,,65,0,0,,1,1,1,0,,,,0,0,,,
104307,57736,909085,1,1,,85,0,0,,1,1,1,0,,,,0,0,1378,,
104319,57741,909350,1,1,,90,0,0,,0,1,1,0,,,,0,0,,,
104316,57742,909321,1,1,,90,0,0,,1,1,1,0,,,,0,0,1379,,
104321,57747,909369,0,0,,,0,0,,0,0,0,0,,,,0,0,1379,,
104324,57748,909391,1,0,,80,0,0,,1,1,0,0,,,,0,0,,,
104521,58434,911358,1,0,,90,0,0,,0,0,0,0,,,,0,0,1379,,
104522,58434,911359,1,0,,20,0,0,,0,0,0,0,,,,0,0,,,
104523,58434,911360,1,0,,,0,0,,0,0,0,0,,,,0,0,,,
104524,58434,911361,1,0,,90,0,0,,0,0,0,0,,,,0,0,,,
104525,58434,911362,1,0,,95,0,0,,0,0,0,0,,,,0,0,1378,,
104526,58434,911363,1,0,,50,0,0,,0,0,0,0,,,,0,0,,,
104527,58434,911364,1,0,,80,0,0,,0,0,0,0,,,,0,0,,,
104528,58434,911365,1,0,,75,0,0,,0,0,0,0,,,,0,0,,,
104529,58434,911366,1,0,,,0,0,,0,0,0,0,,,,0,0,1379,,
104530,58434,911367,1,0,,50,0,0,,0,0,0,0,,,,0,0,,,
104531,58434,911368,1,0,,,0,0,,0,0,0,0,,,,0,0,1379,,
104532,58434,911369,1,0,,95,0,0,,0,0,0,0,,,,0,0,,,
104533,58434,911370,1,0,,95,0,0,,0,0,0,0,,,,0,0,1379,,
104534,58434,911371,1,0,,,0,0,,0,0,0,0,,,,0,0,,,
104535,58434,911372,1,0,,50,0,0,,0,0,0,0,,,,0,0,1379,,
104536,58434,911373,1,0,,70,0,0,,0,0,0,0,,,,0,0,1379,,
104537,58434,911374,1,0,,,0,0,,0,0,0,0,,,,0,0,,,
104538,58434,911375,1,0,,50,0,0,,0,0,0,0,,,,0,0,,,
104539,58434,911376,1,0,,50,0,0,,0,0,0,0,,,,0,0,,,
104540,58434,911377,1,0,,80,0,0,,0,0,0,0,,,,0,0,1379,,
104541,58434,911378,1,0,,30,0,0,,0,0,0,0,,,,0,0,,,
104542,58434,911379,1,0,,80,0,0,,0,0,0,0,,,,0,0,,,
104543,58434,911380,1,0,,50,0,0,,0,0,0,0,,,,0,0,,,
104545,58434,911382,1,0,,90,0,0,,0,0,0,0,,,,0,0,,,
104546,58434,911383,1,0,,95,0,0,,0,0,0,0,,,,0,0,1379,,
104547,58434,911384,1,0,,25,0,0,,0,0,0,0,,,,0,0,1379,,
104548,58434,911385,1,0,,95,0,0,,0,0,0,0,,,,0,0,1378,,
104549,58434,911386,1,0,,25,0,0,,0,0,0,0,,,,0,0,1379,,
104550,58434,911387,1,0,,50,0,0,,0,0,0,0,,,,0,0,1379,,
104551,58434,911388,1,0,,30,0,0,,0,0,0,0,,,,0,0,1379,,
104552,58434,911389,1,0,,50,0,0,,0,0,0,0,,,,0,0,,,
104553,58434,911390,1,0,,40,0,0,,0,0,0,0,,,,0,0,1379,,
104554,58434,911391,1,0,,95,0,0,,0,0,0,0,,,,0,0,1378,,
104555,58434,911392,1,0,,20,0,0,,0,0,0,0,,,,0,0,1379,,
104556,58434,911393,1,0,,,0,0,,0,0,0,0,,,,0,0,1379,,
104557,58434,911394,1,0,,95,0,0,,0,0,0,0,,,,0,0,1378,,
104558,58434,911395,1,0,,95,0,0,,0,0,0,0,,,,0,0,1378,,
104559,58434,911396,1,0,,85,0,0,,0,0,0,0,,,,0,0,,,
104560,58434,911397,1,0,,,0,0,,0,0,0,0,,,,0,0,,,
104561,58434,911398,1,0,,,0,0,,0,0,0,0,,,,0,0,1379,,
104562,58434,911399,1,0,,,0,0,,0,0,0,0,,,,0,0,,,
104563,58434,911400,1,0,,,0,0,,0,0,0,0,,,,0,0,1379,,
104564,58434,911401,1,0,,90,0,0,,0,0,0,0,,,,0,0,,,
104565,58434,911402,1,0,,90,0,0,,0,0,0,0,,,,0,0,,,
104566,58434,911403,1,0,,95,0,0,,0,0,0,0,,,,0,0,,,
104567,58434,911404,1,0,,,0,0,,0,0,0,0,,,,0,0,1379,,
104568,58434,911405,1,0,,50,0,0,,0,0,0,0,,,,0,0,,,
104569,58434,911406,1,0,,40,0,0,,0,0,0,0,,,,0,0,,,
104570,58434,911407,1,0,,80,0,0,,0,0,0,0,,,,0,0,,,
104571,58434,911408,1,0,,,0,0,,0,0,0,0,,,,0,0,1379,,
104572,58434,911409,1,0,,80,0,0,,0,0,0,0,,,,0,0,,,
104573,58434,911410,1,0,,50,0,0,,0,0,0,0,,,,0,0,1379,,
104574,58434,911411,1,0,,70,0,0,,0,0,0,0,,,,0,0,,,
104575,58434,911412,1,0,,,0,0,,0,0,0,0,,,,0,0,,,
104576,58434,911413,1,0,,95,0,0,,0,0,0,0,,,,0,0,,,
104577,58434,911414,1,0,,80,0,0,,0,0,0,0,,,,0,0,1379,,
104578,58434,911415,1,0,,,0,0,,0,0,0,0,,,,0,0,1379,,
104579,58434,911416,1,0,,90,0,0,,0,0,0,0,,,,0,0,1379,,
104580,58434,911417,1,0,,80,0,0,,0,0,0,0,,,,0,0,,,
104581,58434,911418,1,0,,95,0,0,,0,0,0,0,,,,0,0,1379,,
104582,58434,911419,1,0,,90,0,0,,0,0,0,0,,,,0,0,1379,,
104583,58434,911420,1,0,,90,0,0,,0,0,0,0,,,,0,0,,,
104584,58434,911421,1,0,,,0,0,,0,0,0,0,,,,0,0,1379,,
104585,58434,911422,1,0,,,0,0,,0,0,0,0,,,,0,0,1379,,
104586,58434,911423,1,0,,50,0,0,,0,0,0,0,,,,0,0,1379,,
104587,58434,911424,1,0,,75,0,0,,0,0,0,0,,,,0,0,,,
104588,58434,911425,1,0,,,0,0,,0,0,0,0,,,,0,0,1379,,
104589,58434,911426,1,0,,60,0,0,,0,0,0,0,,,,0,0,,,
104590,58434,911427,1,0,,80,0,0,,0,0,0,0,,,,0,0,1379,,
104591,58434,911428,1,0,,65,0,0,,0,0,0,0,,,,0,0,,,
104592,58434,911429,1,0,,,0,0,,0,0,0,0,,,,0,0,,,
104593,58434,911430,1,0,,95,0,0,,0,0,0,0,,,,0,0,,,
104594,58434,911431,1,0,,,0,0,,0,0,0,0,,,,0,0,1379,,
104595,58434,911432,1,0,,95,0,0,,0,0,0,0,,,,0,0,,,
104596,58434,911433,1,0,,90,0,0,,0,0,0,0,,,,0,0,,,
104597,58434,911434,1,0,,95,0,0,,0,0,0,0,,,,0,0,,,
104598,58434,911435,1,0,,50,0,0,,0,0,0,0,,,,0,0,1379,,
104599,58434,911436,1,0,,90,0,0,,0,0,0,0,,,,0,0,1379,,
104600,58434,911437,1,0,,30,0,0,,0,0,0,0,,,,0,0,1379,,
104601,58434,911438,1,0,,25,0,0,,0,0,0,0,,,,0,0,,,
104602,58434,911439,1,0,,95,0,0,,0,0,0,0,,,,0,0,1378,,
104603,58434,911440,1,0,,95,0,0,,0,0,0,0,,,,0,0,1379,,
104604,58434,911441,1,0,,,0,0,,0,0,0,0,,,,0,0,1379,,
104605,58434,911442,1,0,,90,0,0,,0,0,0,0,,,,0,0,1379,,
104606,58434,911443,1,0,,,0,0,,0,0,0,0,,,,0,0,,,
104607,58434,911444,1,0,,90,0,0,,0,0,0,0,,,,0,0,1379,,
104608,58434,911445,1,0,,,0,0,,0,0,0,0,,,,0,0,,,
104609,58434,911446,1,0,,85,0,0,,0,0,0,0,,,,0,0,,,
104610,58434,911447,1,0,,20,0,0,,0,0,0,0,,,,0,0,,,
104611,58434,911448,1,0,,95,0,0,,0,0,0,0,,,,0,0,1379,,
104612,58434,911449,1,0,,95,0,0,,0,0,0,0,,,,0,0,1378,,
104613,58434,911450,1,0,,50,0,0,,0,0,0,0,,,,0,0,1379,,
104614,58434,911451,1,0,,80,0,0,,0,0,0,0,,,,0,0,,,
104615,58434,911452,1,0,,40,0,0,,0,0,0,0,,,,0,0,,,
104616,58434,911453,1,0,,50,0,0,,0,0,0,0,,,,0,0,1379,,
104617,58434,911454,1,0,,70,0,0,,0,0,0,0,,,,0,0,,,
104618,58434,911455,1,0,,50,0,0,,0,0,0,0,,,,0,0,,,
104619,58434,911456,1,0,,80,0,0,,0,0,0,0,,,,0,0,1379,,
104620,58434,911457,1,0,,,0,0,,0,0,0,0,,,,0,0,1379,,
104621,58434,911458,1,0,,90,0,0,,0,0,0,0,,,,0,0,,,
104622,58434,911459,1,0,,90,0,0,,0,0,0,0,,,,0,0,1379,,
104623,58434,911460,1,0,,90,0,0,,0,0,0,0,,,,0,0,,,
104624,58434,911461,1,0,,,0,0,,0,0,0,0,,,,0,0,,,
104625,58434,911462,1,0,,75,0,0,,0,0,0,0,,,,0,0,1379,,
104626,58434,911463,1,0,,80,0,0,,0,0,0,0,,,,0,0,,,
104627,58434,911464,1,0,,,0,0,,0,0,0,0,,,,0,0,,,
104628,58434,911465,1,0,,65,0,0,,0,0,0,0,,,,0,0,,,
104629,58434,911466,1,0,,,0,0,,0,0,0,0,,,,0,0,1379,,
104631,58434,911468,1,0,,30,0,0,,0,0,0,0,,,,0,0,,,
104632,58434,911469,1,0,,50,0,0,,0,0,0,0,,,,0,0,,,
104633,58434,911470,1,0,,75,0,0,,0,0,0,0,,,,0,0,,,
104634,58434,911471,1,0,,,0,0,,0,0,0,0,,,,0,0,,,
104635,58434,911472,1,0,,100,0,0,,0,0,0,0,,,,0,0,,,
104636,58434,911473,1,0,,90,0,0,,0,0,0,0,,,,0,0,,,
104637,58434,911474,1,0,,95,0,0,,0,0,0,0,,,,0,0,,,
104638,58434,911475,1,0,,80,0,0,,0,0,0,0,,,,0,0,1380,,
104639,58434,911476,0,0,,,0,0,,0,0,0,0,,,,0,0,,,
104640,58434,911477,1,0,,,0,0,,0,0,0,0,,,,0,0,,,
104641,58434,911478,0,0,,,0,0,,0,0,0,0,,,,0,0,,,
104642,58434,911479,1,0,,95,0,0,,0,0,0,0,,,,0,0,1378,,
104643,58435,912229,1,0,,92,0,0,,1,1,1,0,,,,0,0,,,
104644,58436,912271,0,0,,,0,0,,0,0,0,0,,,,0,0,,,
104645,58436,912272,1,1,,90,0,0,,1,1,1,0,,,,0,0,,,
104650,58440,912446,1,1,,90,0,0,,1,1,0,0,,,,0,0,,,
104651,58440,912447,1,1,,95,0,0,,1,1,1,0,,,,0,0,,,
104652,58440,912448,1,1,,80,0,0,,1,1,0,0,,,,0,0,1378,,
104654,58440,912450,1,1,,80,0,0,,1,1,1,0,,,,0,0,,,
104655,58440,912451,1,1,,90,0,0,,1,1,1,0,,,,0,0,,,
104656,58440,912452,1,1,,90,0,0,,1,1,0,0,,,,0,0,,,
104658,58440,912454,1,1,,80,0,0,,1,1,0,0,,,,0,0,,,
104659,58440,912455,1,1,,100,0,0,,1,1,0,0,,,,0,0,,,
104661,58441,912506,0,0,,,0,0,,0,0,0,0,,,,0,0,,,
104662,58441,912507,0,0,,,0,0,,0,0,0,0,,,,0,0,,,
104663,58441,912508,0,0,,,0,0,,0,0,0,0,,,,0,0,,,
104664,58441,912509,0,0,,,0,0,,0,0,0,0,,,,0,0,,,
104665,58441,912510,0,0,,,0,0,,0,0,0,0,,,,0,0,,,
104666,58441,912511,0,0,,,0,0,,0,0,0,0,,,,0,0,,,
104667,58441,912512,0,0,,,0,0,,0,0,0,0,,,,0,0,,,
104668,58441,912513,0,0,,,0,0,,0,0,0,0,,,,0,0,,,
104669,58441,912514,0,0,,,0,0,,0,0,0,0,,,,0,0,,,
104670,58441,912515,0,0,,,0,0,,0,0,0,0,,,,0,0,,,
104671,58441,912516,0,0,,,0,0,,0,0,0,0,,,,0,0,,,
104672,58441,912517,0,0,,,0,0,,0,0,0,0,,,,0,0,,,
104673,58441,912518,0,0,,,0,0,,0,0,0,0,,,,0,0,,,
104674,58441,912519,0,0,,,0,0,,0,0,0,0,,,,0,0,,,
104675,58441,912520,0,0,,,0,0,,0,0,0,0,,,,0,0,,,
104676,58441,912521,0,0,,,0,0,,0,0,0,0,,,,0,0,,,
104677,58441,912522,0,0,,,0,0,,0,0,0,0,,,,0,0,,,
104678,58441,912523,0,0,,,0,0,,0,0,0,0,,,,0,0,,,
104679,58441,912524,0,0,,,0,0,,0,0,0,0,,,,0,0,,,
104680,58441,912525,0,0,,,0,0,,0,0,0,0,,,,0,0,,,
104681,58441,912526,0,0,,,0,0,,0,0,0,0,,,,0,0,,,
104682,58441,912527,0,0,,,0,0,,0,0,0,0,,,,0,0,,,
104683,58441,912528,0,0,,,0,0,,0,0,0,0,,,,0,0,,,
104684,58441,912529,0,0,,,0,0,,0,0,0,0,,,,0,0,,,
104685,58441,912530,0,0,,,0,0,,0,0,0,0,,,,0,0,,,
104686,58441,912531,0,0,,,0,0,,0,0,0,0,,,,0,0,,,
104687,58441,912532,0,0,,,0,0,,0,0,0,0,,,,0,0,,,
104688,58441,912533,0,0,,,0,0,,0,0,0,0,,,,0,0,,,
104689,58441,912534,0,0,,,0,0,,0,0,0,0,,,,0,0,,,
104690,58441,912535,0,0,,,0,0,,0,0,0,0,,,,0,0,,,
104691,58441,912536,0,0,,,0,0,,0,0,0,0,,,,0,0,,,
104692,58441,912537,0,0,,,0,0,,0,0,0,0,,,,0,0,,,
104693,58441,912538,0,0,,,0,0,,0,0,0,0,,,,0,0,,,
104694,58441,912539,0,0,,,0,0,,0,0,0,0,,,,0,0,,,
104695,58441,912540,0,0,,,0,0,,0,0,0,0,,,,0,0,,,
104696,58441,912541,0,0,,,0,0,,0,0,0,0,,,,0,0,,,
104697,58441,912542,0,0,,,0,0,,0,0,0,0,,,,0,0,,,
104698,58441,912543,0,0,,,0,0,,0,0,0,0,,,,0,0,,,
104699,58441,912544,0,0,,,0,0,,0,0,0,0,,,,0,0,,,
104700,58441,912545,0,0,,,0,0,,0,0,0,0,,,,0,0,,,
104701,58441,912546,0,0,,,0,0,,0,0,0,0,,,,0,0,,,
104702,58441,912547,0,0,,,0,0,,0,0,0,0,,,,0,0,,,
104703,58441,912548,0,0,,,0,0,,0,0,0,0,,,,0,0,,,
104704,58441,912549,0,0,,,0,0,,0,0,0,0,,,,0,0,,,
104705,58441,912550,0,0,,,0,0,,0,0,0,0,,,,0,0,,,
104706,58441,912551,0,0,,,0,0,,0,0,0,0,,,,0,0,,,
104707,58441,912552,0,0,,,0,0,,0,0,0,0,,,,0,0,,,
104708,58441,912553,0,0,,,0,0,,0,0,0,0,,,,0,0,,,
104709,58441,912554,0,0,,,0,0,,0,0,0,0,,,,0,0,,,
104710,58441,912555,0,0,,,0,0,,0,0,0,0,,,,0,0,,,
104711,58441,912556,0,0,,,0,0,,0,0,0,0,,,,0,0,,,
104712,58441,912557,0,0,,,0,0,,0,0,0,0,,,,0,0,,,
104713,58441,912558,0,0,,,0,0,,0,0,0,0,,,,0,0,,,
104714,58441,912559,0,0,,,0,0,,0,0,0,0,,,,0,0,,,
104715,58441,912560,0,0,,,0,0,,0,0,0,0,,,,0,0,,,
104716,58441,912561,0,0,,,0,0,,0,0,0,0,,,,0,0,,,
104717,58441,912562,0,0,,,0,0,,0,0,0,0,,,,0,0,,,
104718,58441,912563,0,0,,,0,0,,0,0,0,0,,,,0,0,,,
104719,58441,912564,0,0,,,0,0,,0,0,0,0,,,,0,0,,,
104720,58441,912565,0,0,,,0,0,,0,0,0,0,,,,0,0,,,
104721,58441,912566,0,0,,,0,0,,0,0,0,0,,,,0,0,,,
104722,58441,912567,0,0,,,0,0,,0,0,0,0,,,,0,0,,,
104723,58441,912568,0,0,,,0,0,,0,0,0,0,,,,0,0,,,
104724,58441,912569,0,0,,,0,0,,0,0,0,0,,,,0,0,,,
104725,58441,912570,0,0,,,0,0,,0,0,0,0,,,,0,0,,,
104726,58441,912571,0,0,,,0,0,,0,0,0,0,,,,0,0,,,
104727,58441,912572,0,0,,,0,0,,0,0,0,0,,,,0,0,,,
104728,58441,912573,0,0,,,0,0,,0,0,0,0,,,,0,0,,,
104729,58441,912574,0,0,,,0,0,,0,0,0,0,,,,0,0,,,
104730,58441,912575,0,0,,,0,0,,0,0,0,0,,,,0,0,,,
104731,58441,912576,0,0,,,0,0,,0,0,0,0,,,,0,0,,,
104732,58441,912577,0,0,,,0,0,,0,0,0,0,,,,0,0,,,
104733,58441,912578,0,0,,,0,0,,0,0,0,0,,,,0,0,,,
104734,58441,912579,0,0,,,0,0,,0,0,0,0,,,,0,0,,,
104735,58441,912580,0,0,,,0,0,,0,0,0,0,,,,0,0,,,
104736,58441,912581,0,0,,,0,0,,0,0,0,0,,,,0,0,,,
104737,58441,912582,0,0,,,0,0,,0,0,0,0,,,,0,0,,,
104738,58441,912583,0,0,,,0,0,,0,0,0,0,,,,0,0,,,
104739,58441,912584,0,0,,,0,0,,0,0,0,0,,,,0,0,,,
104740,58441,912585,0,0,,,0,0,,0,0,0,0,,,,0,0,,,
104741,58441,912586,0,0,,,0,0,,0,0,0,0,,,,0,0,,,
104742,58441,912587,0,0,,,0,0,,0,0,0,0,,,,0,0,,,
104743,58441,912588,0,0,,,0,0,,0,0,0,0,,,,0,0,,,
104744,58441,912589,0,0,,,0,0,,0,0,0,0,,,,0,0,,,
104745,58441,912590,0,0,,,0,0,,0,0,0,0,,,,0,0,,,
104746,58441,912591,0,0,,,0,0,,0,0,0,0,,,,0,0,,,
104747,58441,912592,0,0,,,0,0,,0,0,0,0,,,,0,0,,,
104748,58441,912593,0,0,,,0,0,,0,0,0,0,,,,0,0,,,
104749,58441,912594,0,0,,,0,0,,0,0,0,0,,,,0,0,,,
104750,58441,912595,0,0,,,0,0,,0,0,0,0,,,,0,0,,,
104751,58441,912596,0,0,,,0,0,,0,0,0,0,,,,0,0,,,
104752,58441,912597,0,0,,,0,0,,0,0,0,0,,,,0,0,,,
104753,58441,912598,0,0,,,0,0,,0,0,0,0,,,,0,0,,,
104754,58441,912599,0,0,,,0,0,,0,0,0,0,,,,0,0,,,
104755,58441,912600,0,0,,,0,0,,0,0,0,0,,,,0,0,,,
104756,58441,912601,0,0,,,0,0,,0,0,0,0,,,,0,0,,,
104757,58441,912602,0,0,,,0,0,,0,0,0,0,,,,0,0,,,
104758,58441,912603,0,0,,,0,0,,0,0,0,0,,,,0,0,,,
104759,58441,912604,0,0,,,0,0,,0,0,0,0,,,,0,0,,,
104760,58441,912605,0,0,,,0,0,,0,0,0,0,,,,0,0,,,
104761,58441,912606,0,0,,,0,0,,0,0,0,0,,,,0,0,,,
104762,58441,912607,0,0,,,0,0,,0,0,0,0,,,,0,0,,,
104763,58441,912608,0,0,,,0,0,,0,0,0,0,,,,0,0,,,
104764,58441,912609,0,0,,,0,0,,0,0,0,0,,,,0,0,,,
104765,58441,912610,0,0,,,0,0,,0,0,0,0,,,,0,0,,,
104766,58441,912611,0,0,,,0,0,,0,0,0,0,,,,0,0,,,
104767,58441,912612,0,0,,,0,0,,0,0,0,0,,,,0,0,,,
104768,58441,912613,0,0,,,0,0,,0,0,0,0,,,,0,0,,,
104769,58441,912614,0,0,,,0,0,,0,0,0,0,,,,0,0,,,
104770,58441,912615,0,0,,,0,0,,0,0,0,0,,,,0,0,,,
104771,58441,912616,0,0,,,0,0,,0,0,0,0,,,,0,0,,,
104772,58441,912617,0,0,,,0,0,,0,0,0,0,,,,0,0,,,
104773,58441,912618,0,0,,,0,0,,0,0,0,0,,,,0,0,,,
104774,58441,912619,0,0,,,0,0,,0,0,0,0,,,,0,0,,,
104775,58441,912620,0,0,,,0,0,,0,0,0,0,,,,0,0,,,
104776,58441,912621,1,0,,25,0,0,,0,0,0,0,,,,0,0,1378,,
104777,58441,912622,0,0,,,0,0,,0,0,0,0,,,,0,0,,,
104778,58441,912623,0,0,,,0,0,,0,0,0,0,,,,0,0,,,
104779,58441,912624,0,0,,,0,0,,0,0,0,0,,,,0,0,,,
105961,58441,941010,0,0,,,0,0,,0,0,0,0,,,,0,0,,,
105962,58441,941012,0,0,,,0,0,,0,0,0,0,,,,0,0,,,
105963,58441,941013,0,0,,,0,0,,0,0,0,0,,,,0,0,,,
105964,58441,941014,0,0,,,0,0,,0,0,0,0,,,,0,0,,,
105967,58441,941015,0,0,,,0,0,,0,0,0,0,,,,0,0,,,
105968,58441,941016,0,0,,,0,0,,0,0,0,0,,,,0,0,,,
105966,58441,941017,0,0,,,0,0,,0,0,0,0,,,,0,0,,,
104331,57755,909440,1,1,,95,0,0,,0,0,1,0,,,,0,0,,,
104332,57757,909442,1,0,,50,0,0,,0,1,0,0,,,,0,0,,,
104333,57757,909443,1,1,,,0,0,,0,1,0,0,,,,0,0,1379,,
104334,57757,909444,1,1,,,0,0,,0,1,0,0,,,,0,0,1378,,
104335,57757,909445,1,0,,50,0,0,,0,1,0,0,,,,0,0,1379,,
104329,57753,909426,0,0,,,0,0,,0,0,0,0,,,,0,0,1379,,
104338,57757,909448,1,0,,95,0,0,,1,1,1,0,,,,0,0,1379,,
104344,57759,909532,1,1,,35,0,0,,1,1,0,0,,,,0,0,1381,,
104347,57761,909587,1,0,,100,0,0,,1,1,0,0,,,,0,0,1379,,
104348,57761,909588,1,0,,100,0,0,,1,1,1,0,,,,0,0,1379,,
104346,57762,909579,1,1,,90,0,0,,1,0,0,0,,,,0,0,1379,,
104345,57763,909547,1,1,,80,0,0,,1,1,1,0,,,,0,0,,,
108244,57763,963243,0,0,,,0,0,,0,0,0,0,,,,0,0,,,
104351,58432,909657,1,1,,100,0,0,,1,1,1,0,,,,0,0,,,
104340,57757,909450,0,0,,,0,0,,0,0,0,0,,,,0,0,1379,,
104341,57757,909451,0,0,,,0,0,,0,0,0,0,,,,0,0,1378,,
104358,58432,909664,1,1,,96,0,0,,1,1,1,0,,,,0,0,,,
104359,58432,909665,1,1,,96,0,0,,1,1,1,0,,,,0,0,,,
104368,58432,909674,1,1,,100,0,0,,1,0,1,0,,,,1,1,,,
104369,58432,909675,1,1,,96,0,0,,1,1,1,0,,,,0,0,,,
104370,58432,909676,1,0,,10,0,0,,1,1,1,0,,,,0,0,1381,,
104363,58432,909669,1,1,,96,0,0,,1,1,1,0,,,,0,0,,,
104365,58432,909671,1,1,,38,1,0,,0,0,0,0,,,,0,0,1379,,
104361,58432,909667,1,1,,96,0,0,,1,1,1,0,,,,0,0,,,
104378,58432,909684,1,1,,60,0,0,,1,1,1,0,,,,0,0,1381,,
104379,58432,909685,1,1,,96,0,0,,1,1,1,0,,,,0,0,,,
104381,58432,909687,1,0,,90,0,0,,1,1,1,0,,,,0,0,1381,,
104382,58432,909688,1,0,,75,0,0,,1,0,0,0,,,,0,0,,,
104386,58432,909692,1,0,,25,0,0,,1,1,1,0,,,"Within 12 months",1,1,1379,,
104388,58432,909694,1,1,,30,0,0,,1,0,0,0,,,,0,0,,,
104393,58432,909699,1,1,,100,0,0,,1,0,1,0,,,,0,0,,,
104394,58432,909700,1,1,,96,0,0,,1,1,0,0,,,,0,0,,,
104395,58432,909701,1,1,,90,0,0,,1,1,1,1,"Cardiac Cath-Lab, CCU",,,0,0,,,
104391,58432,909697,1,1,,,0,0,,1,1,0,0,,,,0,0,1381,,
104397,58432,909703,1,1,,80,0,0,,1,0,1,0,,,,0,0,,,
104398,58432,909704,1,1,,90,0,0,,1,1,1,1,"Cardiology, ICU, OB/GYN",,,0,0,,,
104403,58432,909709,1,1,,60,0,0,,1,1,0,0,,,,0,0,1381,,
104404,58432,909710,1,1,,95,0,0,,1,1,1,0,,,,0,0,1379,,
104410,58432,909716,1,0,,,0,0,,1,0,1,0,,,,0,0,1380,,
104426,58432,909732,1,1,"Within 12 months",75,0,0,,1,1,1,0,,,,0,0,1379,,
104427,58432,909733,1,1,,50,0,0,,1,1,1,0,,,,0,0,1379,,
104428,58432,909734,1,1,,75,0,0,,1,1,1,0,,,,0,0,1379,,
104429,58432,909735,1,1,,,0,0,,0,0,0,0,,,,0,0,,,
104430,58432,909736,0,0,,,0,0,,0,0,0,0,,,,0,0,1379,,
104414,58432,909720,1,0,,95,0,0,,1,0,0,0,,,,0,0,1381,,
104412,58432,909718,1,0,,90,0,0,,1,1,1,0,,,,0,0,1380,,
104444,58432,909750,1,0,,35,0,0,,1,1,1,0,,,,0,0,1381,,
104445,58432,909751,1,0,,50,0,0,,1,1,1,0,,,,0,0,1381,,
104446,58432,909752,1,1,,60,1,0,,1,1,1,0,,,,0,1,1381,,
104450,58432,909756,1,0,,10,1,0,,1,1,1,1,"Cardiac Cath-Lab, CCU",,,0,1,1381,,
104451,58432,909757,1,1,,96,0,0,,1,1,1,0,,,,0,0,,,
105903,58432,940115,1,0,,70,0,0,,0,0,0,0,,,,0,0,,,
105904,58432,940116,1,1,,80,0,0,,1,1,1,0,,,,0,0,,,
105905,58432,940117,1,0,,60,0,0,,0,0,0,0,,,,0,0,,,
105906,58432,940118,1,0,,40,0,0,,0,0,0,0,,,,0,0,,,
104466,58433,911026,1,1,,100,0,0,,1,1,1,0,,,,0,0,1379,,
104467,58433,911027,1,1,,100,0,0,,1,1,1,0,,,,0,0,1379,,
104468,58433,911028,1,1,,100,1,0,,1,1,1,0,,,,1,1,1379,,
104469,58433,911029,1,1,,100,0,0,,1,1,1,0,,,,0,0,1379,,
104470,58433,911030,1,1,,90,0,0,,1,1,1,0,,,,0,0,1378,,
104471,58433,911031,0,0,,,0,0,,0,0,0,0,,,,0,0,1379,,
104472,58434,911309,1,0,,60,0,0,,0,0,0,0,,,,0,0,,,
104473,58434,911310,1,0,,,0,0,,0,0,0,0,,,,0,0,1379,,
104474,58434,911311,1,0,,15,0,0,,0,0,0,0,,,,0,0,,,
104475,58434,911312,1,0,,95,0,0,,0,0,0,0,,,,0,0,,,
104476,58434,911313,1,0,,,0,0,,0,0,0,0,,,,0,0,1379,,
104477,58434,911314,1,0,,35,0,0,,0,0,0,0,,,,0,0,1379,,
104478,58434,911315,1,0,,,0,0,,0,0,0,0,,,,0,0,1379,,
104479,58434,911316,1,0,,80,0,0,,0,0,0,0,,,,0,0,,,
104480,58434,911317,1,0,,60,0,0,,0,0,0,0,,,,0,0,,,
104481,58434,911318,1,0,,40,0,0,,0,0,0,0,,,,0,0,,,
104482,58434,911319,1,0,,,0,0,,0,0,0,0,,,,0,0,,,
104483,58434,911320,1,0,,75,0,0,,0,0,0,0,,,,0,0,1379,,
104484,58434,911321,1,0,,95,0,0,,0,0,0,0,,,,0,0,,,
104485,58434,911322,1,0,,20,0,0,,0,0,0,0,,,,0,0,1379,,
104486,58434,911323,1,0,,30,0,0,,0,0,0,0,,,,0,0,,,
104487,58434,911324,1,0,,25,0,0,,0,0,0,0,,,,0,0,,,
104488,58434,911325,1,0,,,0,0,,0,0,0,0,,,,0,0,1379,,
104489,58434,911326,1,0,,40,0,0,,0,0,0,0,,,,0,0,,,
104490,58434,911327,1,0,,50,0,0,,0,0,0,0,,,,0,0,1379,,
104491,58434,911328,1,0,,50,0,0,,0,0,0,0,,,,0,0,1378,,
104492,58434,911329,1,0,,50,0,0,,0,0,0,0,,,,0,0,,,
104493,58434,911330,1,0,,,0,0,,0,0,0,0,,,,0,0,1379,,
104494,58434,911331,1,0,,,0,0,,0,0,0,0,,,,0,0,1379,,
104495,58434,911332,1,0,,80,0,0,,0,0,0,0,,,,0,0,,,
104496,58434,911333,1,0,,95,0,0,,0,0,0,0,,,,0,0,1378,,
104497,58434,911334,1,0,,70,0,0,,0,0,0,0,,,,0,0,,,
104498,58434,911335,1,0,,90,0,0,,0,0,0,0,,,,0,0,,,
104499,58434,911336,1,0,,80,0,0,,0,0,0,0,,,,0,0,,,
104500,58434,911337,1,0,,15,0,0,,0,0,0,0,,,,0,0,,,
104501,58434,911338,1,0,,,0,0,,0,0,0,0,,,,0,0,1379,,
104502,58434,911339,1,0,,80,0,0,,0,0,0,0,,,,0,0,1379,,
104503,58434,911340,1,0,,95,0,0,,0,0,0,0,,,,0,0,,,
104504,58434,911341,1,0,,95,0,0,,0,0,0,0,,,,0,0,,,
104505,58434,911342,1,0,,90,0,0,,0,0,0,0,,,,0,0,,,
104506,58434,911343,1,0,,,0,0,,0,0,0,0,,,,0,0,1379,,
104507,58434,911344,1,0,,,0,0,,0,0,0,0,,,,0,0,,,
104508,58434,911345,1,0,,95,0,0,,0,0,0,0,,,,0,0,1379,,
104509,58434,911346,1,0,,45,0,0,,0,0,0,0,,,,0,0,,,
104510,58434,911347,1,0,,80,0,0,,0,0,0,0,,,,0,0,1379,,
104511,58434,911348,1,0,,95,0,0,,0,0,0,0,,,,0,0,,,
104513,58434,911350,1,0,,,0,0,,0,0,0,0,,,,0,0,1379,,
104514,58434,911351,1,0,,,0,0,,0,0,0,0,,,,0,0,,,
104515,58434,911352,1,0,,60,0,0,,0,0,0,0,,,,0,0,,,
104516,58434,911353,0,0,,,0,0,,0,0,0,0,,,,0,0,,,
104517,58434,911354,1,0,,90,0,0,,1,0,0,0,,,,0,0,1379,,
104518,58434,911355,0,0,,,0,0,,0,0,0,0,,,,0,0,,,
104519,58434,911356,1,0,,95,0,0,,1,1,1,0,,,,0,0,1379,,
104422,58432,909728,1,1,,80,0,0,,0,1,0,0,,,,0,0,1379,,
104455,58432,909761,1,1,"Within 12 months",45,0,0,,1,1,1,0,,,,0,0,1381,,
104459,58432,909765,1,0,,90,0,0,,0,1,1,0,,,,0,0,1379,,
104457,58432,909763,1,0,,10,0,0,,0,0,0,1,"Long Term Care",,,0,0,1381,,
104464,58432,909770,0,0,,,0,0,,0,0,0,0,,,,0,0,,,
104465,58432,909771,1,1,,98,0,0,,1,0,0,0,,,,0,0,1378,,
105896,58432,940108,1,1,,95,0,0,,1,1,1,0,,,,0,0,,,
105897,58432,940109,1,1,,75,0,0,,1,1,1,0,,,,0,0,,,
105898,58432,940110,1,1,,90,0,0,,1,1,0,0,,,,0,0,,,
105899,58432,940111,1,1,,50,0,0,,1,1,1,0,,,,0,0,,,
105900,58432,940112,1,0,,90,0,0,,0,0,0,0,,,,0,0,,,
104782,58442,912863,1,1,,90,0,0,,0,1,1,0,,,,0,0,1379,,
104900,58444,928529,1,0,,95,0,0,,1,1,1,0,,,,0,0,,,
104798,63420,926945,1,1,,50,0,0,,1,0,0,0,,,,0,0,1378,,
104799,63420,926946,0,0,,,0,0,,0,0,0,0,,,,0,0,,,
104800,63420,926947,0,0,,,0,0,,0,0,0,0,,,,0,0,,,
104801,63420,926948,0,0,,,0,0,,0,0,0,0,,,,0,0,1378,,
104802,63420,926949,1,1,,50,0,0,,1,0,0,0,,,,0,0,1378,,
104803,63420,926950,1,1,,50,0,0,,1,0,0,0,,,,0,0,1378,,
104804,63420,926951,1,1,,80,0,0,,1,1,1,0,,,,0,0,1379,,
104805,63420,926952,1,1,,50,0,0,,1,0,0,0,,,,0,0,1379,,
104806,63420,926953,1,1,,75,0,0,,0,0,0,1,"Rehabilitation",,,0,0,1378,,
104807,63420,926954,1,1,,50,0,0,,1,0,0,0,,,,0,0,1378,,
104808,63420,926955,1,1,,95,0,0,,1,1,1,0,,,,0,0,1378,,
104809,63420,926956,1,1,,50,0,0,,1,0,0,0,,,,0,0,1381,,
104810,63420,926957,0,0,,,0,0,,0,0,0,0,,,,0,0,1379,,
104811,63420,926958,1,1,,50,0,0,,0,1,1,0,,,,0,0,1381,,
104812,63420,926959,1,1,,50,0,0,,0,0,0,1,"Rehabilitation",,,0,0,1379,,
104995,63420,929783,1,1,,70,0,0,,0,1,1,0,,,,0,0,1379,,
104839,63430,927461,1,1,,50,0,0,,1,0,0,0,,,,1,1,1379,,
104834,63430,927456,1,1,,95,0,0,,1,1,0,0,,,,0,0,1378,,
104856,63434,927949,1,0,,100,0,0,,1,1,1,0,,,,0,0,1379,,
104857,63434,927950,1,1,,80,0,0,,0,1,1,0,,,,0,0,1379,,
104858,63434,927951,0,0,,,0,0,,0,0,0,0,,,,0,0,1379,,
104859,63434,927952,1,0,,75,0,0,,1,0,0,0,,,,0,0,,,
104869,63434,927962,1,0,,95,0,0,,1,1,1,0,,,,0,0,1379,,
104870,63434,927963,1,0,,75,0,0,,1,1,1,0,,,,0,0,1378,,
104871,63434,927964,1,0,,90,0,0,,1,1,0,0,,,,0,0,1379,,
104872,63434,927965,0,0,,,0,0,,0,0,0,0,,,,0,0,1379,,
104873,63434,927966,1,0,,50,0,0,,0,1,1,0,,,,0,0,1381,,
104996,63434,929784,1,1,,70,0,0,,1,0,0,0,,,,0,0,1379,,
104997,63434,929785,1,0,,70,0,0,,1,1,1,0,,,,0,0,1379,,
104999,63434,929787,0,0,,,0,0,,0,0,0,0,,,,0,0,1379,,
105000,63434,929788,1,0,,70,0,0,,1,1,1,0,,,,0,1,1379,,
105001,63434,929789,1,0,,70,0,0,,1,1,1,0,,,,0,0,1379,,
105002,63434,929790,1,0,,70,0,0,,1,1,1,0,,,,0,0,1379,,
105003,63434,929791,1,0,,70,0,0,,1,1,1,0,,,,0,0,1379,,
105004,63434,929792,1,0,,70,0,0,,1,0,0,0,,,,0,0,1379,,
104830,63427,927161,1,0,,65,0,0,,1,1,1,0,,,,0,0,1380,,
104831,63427,927162,1,0,,75,0,0,,1,1,1,0,,,,0,0,1379,,
104863,63434,927956,1,0,,95,0,0,,1,1,1,0,,,,0,0,1379,,
104864,63434,927957,1,0,,95,0,0,,1,1,1,0,,,,0,0,1379,,
104866,63434,927959,1,1,,90,0,0,,1,1,1,0,,,,1,1,1379,,
104875,63435,928059,1,1,,50,0,0,,1,1,1,0,,,,0,0,1379,,
104879,63437,928248,1,1,,,0,0,,0,1,0,0,,,,0,0,,,
104880,63437,928249,0,0,,,0,0,,0,0,0,0,,,,0,0,1381,,
104881,63437,928250,1,1,,90,0,0,,1,1,1,0,,,,0,0,1380,,
104882,63437,928251,1,1,,40,1,0,,1,1,1,0,,,,0,0,,,
104883,63437,928252,1,1,,,0,0,,1,1,1,0,,,,0,0,,,
104884,63437,928253,1,1,,90,0,0,,1,1,1,0,,,,0,0,,,
104885,63437,928254,1,1,,80,0,0,,1,1,1,0,,,,0,0,,,
104886,63437,928255,1,1,,50,0,0,,1,1,0,0,,,,0,0,,,
104887,63437,928256,1,1,,,0,0,,0,0,0,0,,,,0,0,,,
104888,63438,928459,1,1,,80,0,0,,1,1,1,0,,,,0,0,1381,,
104889,63438,928460,1,1,,90,0,0,,1,1,1,0,,,,1,1,1379,,
104890,63438,928461,1,1,,80,0,0,,1,1,1,0,,,,0,0,1381,,
104891,63438,928462,1,1,,95,0,0,,1,1,1,0,,,,1,1,1381,,
104906,63443,928695,1,0,,90,0,0,,1,1,1,0,,,,0,0,1381,,
105969,63445,941832,0,0,,,0,0,,0,0,0,0,,,,0,0,,,
104916,63446,928881,1,1,,60,0,0,,1,1,1,0,,,,0,0,1379,,
104917,63446,928882,1,1,,60,0,0,,1,1,1,0,,,,0,0,1379,,
104913,63447,928858,1,1,,99,0,0,,0,1,0,0,,,,0,0,1378,,
104914,63447,928859,1,0,,30,0,0,,0,1,0,0,,,,0,0,,,
104924,63448,928930,1,0,,75,0,0,,1,0,0,0,,,,0,0,1379,,
104925,63448,928931,1,1,,75,0,0,,1,0,0,0,,,,0,0,1379,,
104926,63448,928932,1,1,,85,0,0,,1,0,0,0,,,,0,0,1379,,
104927,63448,928933,1,0,,50,0,0,,1,0,0,0,,,,0,0,1379,,
104929,63448,928935,1,0,,75,0,0,,1,1,1,0,,,,0,0,1379,,
104930,63448,928936,1,1,,90,0,0,,1,1,1,0,,,,0,0,1379,,
104931,63448,928937,1,1,,95,0,0,,1,1,1,0,,,,0,0,1378,,
104932,63448,928938,1,0,,95,0,0,,1,1,1,0,,,,0,0,,,
104933,63449,929084,1,1,,90,0,0,,1,1,1,0,,,,0,0,1378,,
104934,63450,929089,1,0,,35,0,0,,0,0,0,0,,,,0,0,,,
104935,63450,929090,1,1,,60,0,0,,0,0,1,0,,,,0,0,,,
104936,63450,929091,1,1,,60,1,0,,1,1,1,0,,,,0,0,1379,,
104937,63450,929092,1,1,,,1,0,,1,1,1,0,,,,1,1,1379,,
104938,63450,929093,1,0,,30,0,0,,1,1,0,0,,,,0,0,1378,,
104941,63451,929290,0,0,,,0,0,,0,0,0,0,,,,0,0,1378,,
104940,63453,929271,1,1,,90,0,0,,1,1,1,0,,,,1,1,1381,,
104942,63454,929297,1,1,,90,0,0,,1,1,0,0,,,,0,0,1378,,
104944,63455,929314,1,1,,95,0,0,,1,1,1,0,,,,0,0,1381,,
104945,63457,929343,1,1,,90,0,0,,1,1,0,0,,,,0,0,1378,,
104946,63458,929346,1,1,,60,0,0,,1,1,0,0,,,,0,0,1378,,
104948,63459,929353,0,0,,,0,0,,0,0,0,0,,,,0,0,1379,,
104950,63460,929361,1,1,,90,0,0,,1,1,1,0,,,,0,0,1381,,
104949,63461,929358,1,1,,,0,0,,1,1,0,0,,,,0,0,,,
104947,63462,929350,1,1,,100,0,0,,0,1,0,0,,,,0,0,1381,,
104952,63463,929380,1,1,,,0,0,,1,1,0,0,,,,0,0,1378,,
104959,63464,929442,1,1,,90,0,0,,1,1,1,0,,,,0,0,1378,,
104958,63466,929428,1,1,,85,0,0,,1,1,1,0,,,,0,0,1379,,
104953,63467,929394,1,1,,,0,0,,0,1,1,0,,,,0,0,1378,,
104951,63468,929375,0,0,,,0,0,,0,0,0,0,,,,0,0,1379,,
104960,63469,929449,1,1,,85,0,0,,1,1,0,1,"OB/GYN",,,0,0,1378,,
104954,63470,929397,1,1,,80,0,0,,1,1,1,0,,,,0,0,,,
104961,63471,929455,1,1,,95,0,0,,1,1,1,0,,,,0,0,1379,,
104962,63472,929465,0,0,,,0,0,,0,0,0,0,,,,0,0,1381,,
104963,63473,929469,0,0,,,0,0,,0,0,0,0,,,,0,0,1378,,
104969,63478,929507,1,1,,90,0,0,,1,1,1,1,"ICU",,,0,0,1379,,
104977,63485,929612,0,0,,,0,0,,0,0,0,0,,,,0,0,1378,,
104979,63487,929623,1,1,,95,0,0,,1,1,0,0,,,,0,0,1378,,
104980,63488,929626,1,0,,75,0,0,,1,0,0,0,,,,0,0,,,
104981,63489,929639,1,1,,95,1,0,,1,1,1,0,,,,0,0,1378,,
104982,63489,929640,1,1,,85,0,0,,1,1,1,0,,,,0,0,1378,,
104983,63489,929641,1,1,,95,1,0,,1,1,1,0,,,,0,0,1378,,
104984,63489,929642,1,1,,95,1,0,,1,1,1,0,,,,0,0,1378,,
104985,63490,929688,1,0,,100,0,0,,1,1,1,0,,,,0,0,1378,,
104986,63491,929709,0,0,,,0,0,,0,0,0,0,,,,0,0,1378,,
104994,63499,929778,0,0,,,0,0,,0,0,0,0,,,,0,0,1378,,
105008,63504,929900,1,1,,20,0,0,,0,1,1,0,,,,0,0,1379,,
105009,63505,929902,1,0,,85,0,0,,0,1,1,0,,,,0,0,1379,,
105010,63506,929911,0,0,,,0,0,,0,0,0,0,,,,0,0,,,
105011,63507,929916,1,1,,94,0,0,,1,1,1,0,,,,0,0,1379,,
105013,63509,929934,0,0,,,0,0,,0,0,0,0,,,,0,0,1381,,
105014,63510,929936,1,1,,85,0,0,,1,1,1,0,,,,1,1,1381,,
105015,63510,929937,1,1,,100,1,0,,1,1,1,0,,,,1,1,1381,,
105016,63510,929938,1,1,,90,0,0,,1,1,1,0,,,,0,0,1381,,
105017,63510,929939,1,1,,50,0,0,,1,1,0,0,,,,0,0,1379,,
105019,63511,930076,0,0,,,0,0,,0,0,0,0,,,,0,0,1379,,
105020,63512,930085,0,0,,,0,0,,0,0,0,0,,,,0,0,1380,,
105023,63515,930101,1,1,,98,0,0,,1,1,0,0,,,,0,0,1378,,
105026,63518,930118,0,0,,,0,0,,0,0,0,0,,,,0,0,1378,,
105027,63519,930120,1,1,,75,0,0,,1,1,1,0,,,,0,0,1379,,
105031,63523,930137,0,0,,,0,0,,0,0,0,0,,,,0,0,1378,,
105038,63530,930165,0,0,,,0,0,,0,0,0,0,,,,0,0,1378,,
105048,63538,930214,0,0,,,0,0,,0,0,0,0,,,,0,0,1380,,
105049,63539,930219,0,0,,,0,0,,0,0,0,0,,,,0,0,1378,,
105050,63540,930221,1,1,,90,0,0,,1,1,0,0,,,,0,0,1379,,
105051,63541,930228,1,0,,95,0,0,,1,0,0,0,,,,0,0,1378,,
105052,63542,930231,1,1,,90,0,0,,1,1,1,0,,,,0,0,,,
105053,63543,930238,0,0,,,0,0,,0,0,0,0,,,,0,0,,,
105054,63544,930241,1,1,,100,1,0,,1,1,1,0,,,,1,1,1379,,
105055,63546,930294,0,0,,,0,0,,0,0,0,0,,,,0,0,,,
105056,63547,930300,0,0,,,0,0,,0,0,0,0,,,,0,0,1379,,
105057,63548,930309,0,0,,,0,0,,0,0,0,0,,,,0,0,1379,,
105058,63549,930314,1,1,,50,0,0,,1,1,1,0,,,,0,0,1379,,
105059,63550,930320,0,0,,,0,0,,0,0,0,0,,,,0,0,1378,,
105060,63551,930323,0,0,,,0,0,,0,0,0,0,,,,0,0,1378,,
105062,63553,930350,1,0,,95,0,0,,0,1,1,0,,,,0,0,1379,,
105063,63554,930352,1,0,,95,0,0,,1,1,1,0,,,,0,0,1379,,
105064,63555,930360,1,0,,90,0,0,,1,1,0,0,,,,0,0,1379,,
105065,63556,930387,1,1,,90,0,0,,1,1,1,0,,,,0,0,1380,,
105066,63556,930388,1,1,,50,0,0,,0,1,0,0,,,,0,0,1380,,
105068,63558,930449,1,1,,75,0,0,,1,1,0,0,,,,0,0,1379,,
105070,63560,930475,0,0,,,0,0,,0,0,0,0,,,,0,0,1378,,
105071,63561,930479,1,1,,90,0,0,,1,1,0,0,,,,0,0,1379,,
105072,63562,930483,1,1,,80,0,0,,1,1,1,0,,,,0,0,1378,,
105075,63565,930499,0,0,,,0,0,,0,0,0,0,,,,0,0,1379,,
105076,63566,930505,1,0,,100,0,0,,0,1,0,0,,,,0,0,1379,,
105077,63567,930509,0,0,,,0,0,,0,0,0,0,,,,0,0,1378,,
105078,63568,930513,0,0,,,0,0,,0,0,0,0,,,,0,0,1378,,
105079,63569,930515,1,1,,99,0,0,,1,1,1,0,,,,0,0,1378,,
105080,63570,930518,1,1,,80,0,0,,1,1,1,0,,,,0,0,1378,,
105040,63532,930174,0,0,,,0,0,,0,0,0,0,,,,0,0,1378,,
105083,63573,930531,0,0,,,0,0,,0,0,0,0,,,,0,0,1378,,
105084,63574,930538,0,0,,,0,0,,0,0,0,0,,,,0,0,1379,,
105091,63580,930579,0,0,,,0,0,,0,0,0,0,,,,0,0,1378,,
105092,63580,930580,1,0,,25,0,0,,1,0,1,0,,,,0,0,1378,,
105086,63576,930551,1,0,,90,0,0,,1,1,1,0,,,,0,0,1379,,
105087,63577,930555,0,0,,,0,0,,0,0,0,0,,,,0,0,1378,,
105088,63578,930559,1,1,,95,0,0,,1,1,1,0,,,,0,0,1381,,
105103,63580,930591,0,0,,,0,0,,0,0,0,0,,,,0,0,1378,,
105104,63580,930592,1,1,,,0,0,,0,0,0,0,,,,0,0,1378,,
105108,63581,930600,1,1,,50,0,0,,1,1,1,0,,,,0,0,1379,,
105109,63582,930606,1,1,,85,0,0,,1,1,0,0,,,,1,1,1380,,
105110,63583,930611,1,1,,90,0,0,,1,1,0,0,,,,0,0,,,
105111,63584,930615,1,1,,70,0,0,,1,1,1,0,,,,0,0,1379,,
105122,63590,930791,0,0,,,0,0,,0,0,0,0,,,,0,0,,,
105123,63590,930792,0,0,,,0,0,,0,0,0,0,,,,0,0,,,
105124,63590,930793,0,0,,,0,0,,0,0,0,0,,,,0,0,,,
105125,63590,930794,0,0,,,0,0,,0,0,0,0,,,,0,0,,,
105126,63591,930796,0,0,,,0,0,,0,0,0,0,,,,0,0,1379,,
105127,63592,930800,0,0,,,0,0,,0,0,0,0,,,,0,0,,,
105128,63593,930803,1,1,,75,0,0,,1,1,1,0,,,,1,1,1381,,
105129,63594,930815,1,1,,70,0,0,,1,1,1,0,,,,0,0,1378,,
105130,63595,930820,0,0,,,0,0,,0,0,0,0,,,,0,0,1379,,
105117,63586,930648,0,0,,,0,0,,0,0,0,0,,,,0,0,1378,,
105118,63586,930649,1,1,,75,0,0,,1,1,1,0,,,,0,0,1381,,
105119,63587,930753,1,1,,90,0,0,,1,1,1,0,,,,1,1,1381,,
105133,63598,930838,0,0,,,0,0,,0,0,0,0,,,,0,0,1378,,
105140,63600,930877,1,0,,30,1,0,,1,1,0,0,,,,0,0,,,
105141,63600,930878,1,0,,25,1,0,,1,1,0,0,,,,0,0,,,
105142,63600,930879,1,0,,80,0,0,,1,1,1,0,,,,0,0,1379,,
105143,63600,930880,1,1,,75,0,0,,1,1,1,0,,,,0,0,1378,,
105144,63602,931135,1,0,,95,0,0,,1,1,1,0,,,,0,0,1378,,
105145,63602,931136,1,0,,75,0,0,,1,1,1,0,,,,0,0,1378,,
105138,63600,930875,1,1,,75,0,0,,1,1,1,0,,,,0,0,1378,,
105152,63608,931271,1,1,,,0,0,,1,1,1,0,,,,0,0,1379,,
105153,63608,931272,1,1,,,0,0,,1,1,0,0,,,,0,0,1379,,
105154,63608,931273,1,1,,80,0,0,,1,1,0,0,,,,0,0,1379,,
105155,63608,931274,1,1,,,0,0,,1,1,1,0,,,,0,0,1379,,
105156,63608,931275,1,1,,,1,0,,1,1,1,0,,,,1,1,1379,,
105157,63608,931276,1,1,,85,0,0,,1,1,1,0,,,,0,0,1379,,
105158,63608,931277,0,0,,,0,0,,0,0,0,0,,,,0,0,1379,,
105159,63608,931278,1,1,,,0,0,,0,1,1,0,,,,0,0,1379,,
105160,63609,931354,1,1,,95,1,0,,1,1,1,1,"Outpatient Services",,,0,0,1381,,
105162,63609,931356,1,1,,90,0,0,,1,1,1,0,,,,0,0,1381,,
105163,63609,931357,1,1,,67,0,0,,1,1,1,0,,,,1,1,1381,,
105164,63609,931358,1,1,,50,0,0,,1,1,1,0,,,,1,1,1381,,
105165,63609,931359,1,1,,80,0,0,,1,1,1,0,,,,1,1,1381,,
105166,63609,931360,1,1,,50,0,0,,1,1,1,0,,,,1,1,1381,,
105167,63610,931573,1,1,,80,0,0,,1,1,1,0,,,,0,0,1379,,
105168,63610,931574,1,1,,60,0,0,,1,1,1,0,,,,0,0,1379,,
105169,63610,931575,1,1,,75,0,0,,1,1,1,0,,,,0,0,1378,,
105170,63610,931576,1,1,,75,0,0,,1,1,1,0,,,,0,0,1378,,
105171,63610,931577,1,1,,75,0,0,,1,1,1,0,,,,0,0,1378,,
105172,63610,931578,1,1,,100,0,0,,1,1,1,0,,,,0,0,1378,,
105173,63610,931579,1,1,,50,0,0,,1,1,0,0,,,,0,0,1378,,
105174,63610,931580,1,1,,70,0,0,,1,1,1,0,,,,0,0,1378,,
105175,63610,931581,1,1,,75,0,0,,1,1,1,0,,,,0,0,1378,,
105176,63610,931582,1,1,,70,0,0,,1,1,1,0,,,,0,0,1378,,
105177,63610,931583,1,1,,75,0,0,,1,1,1,0,,,,0,0,1378,,
105178,63610,931584,1,1,,75,0,0,,1,1,1,0,,,,0,0,1378,,
105179,63610,931585,1,1,,50,0,0,,1,1,1,0,,,,1,1,1381,,
105182,63611,931775,1,0,,80,0,0,,0,0,0,0,,,,0,0,1381,,
105183,63611,931776,1,0,,80,0,0,,0,0,0,0,,,,0,0,1381,,
105184,63611,931777,1,0,,80,0,0,,0,0,0,0,,,,0,0,1381,,
105185,63611,931778,1,1,,20,0,0,,1,1,1,0,,,,0,0,1378,,
105186,63611,931779,1,1,,90,0,0,,1,1,1,0,,,,0,0,,,
105187,63611,931780,1,1,,90,0,0,,1,1,1,0,,,,0,0,1379,,
105188,63611,931781,1,1,,90,0,0,,1,1,1,0,,,,0,0,1379,,
105189,63611,931782,1,1,,90,0,0,,1,1,1,0,,,,0,0,,,
105192,63613,932030,0,0,,,0,0,,0,0,0,0,,,,0,0,1379,,
105193,63613,932031,0,0,,,0,0,,0,0,0,0,,,,0,0,1379,,
105194,63614,932048,1,1,,80,0,0,,1,0,0,0,,,,0,0,1379,,
105195,63614,932049,1,1,,80,0,0,,1,1,1,0,,,,0,0,1379,,
105196,63614,932050,0,0,,,0,0,,0,0,0,0,,,,0,0,,,
105197,63614,932051,1,1,,90,0,0,,0,0,0,0,,,,0,0,1379,,
105198,63615,932079,1,1,,90,0,0,,1,0,0,1,"Radiology",,,0,0,1379,,
105199,63616,932081,1,1,,75,0,0,,1,1,1,0,,,,0,0,1381,,
105200,63617,932101,0,0,,,0,0,,0,0,0,0,,,,0,0,1378,,
105201,63618,932103,1,1,,100,0,0,,1,1,0,0,,,,0,0,1378,,
105202,63619,932109,1,1,,20,0,0,,1,1,1,0,,,,0,0,1379,,
105203,63619,932110,1,1,,60,0,0,,1,1,1,0,,,,0,0,1379,,
105204,63620,932181,1,1,,50,0,0,,1,0,0,0,,,,0,0,1380,,
105221,63636,932360,1,1,,90,0,0,,1,1,0,1,"Long Term Care",,,0,0,1378,,
105220,63637,932357,1,1,,,0,0,,1,1,0,0,,,,0,0,1378,,
105224,63638,932386,1,1,,95,0,0,,1,1,1,1,"ICU, OB/GYN",,,0,0,1378,,
105226,63639,932394,1,1,,75,0,0,,0,1,1,0,,,,0,0,1378,,
105222,63640,932367,1,1,,95,0,0,,1,1,1,0,,,,0,0,1379,,
105225,63641,932390,1,1,,70,0,0,,1,1,0,0,,,,0,0,1379,,
105227,63642,932399,1,1,,98,0,0,,1,1,0,0,,,,0,0,1378,,
105228,63643,932409,1,1,,100,0,0,,1,1,0,0,,,,0,0,1379,,
105229,63643,932410,0,0,,,0,0,,0,0,0,0,,,,0,0,1378,,
105231,63643,932412,1,1,,80,0,0,,1,1,0,0,,,,0,0,1381,,
105232,63643,932413,1,1,,80,0,0,,1,1,1,0,,,,0,0,1381,,
105233,63643,932414,1,1,,40,0,0,,1,1,1,0,,,,0,0,1378,,
105234,63643,932415,1,1,,60,0,0,,1,1,1,0,,,,0,0,1378,,
105235,63643,932416,1,1,,100,0,0,,1,1,1,0,,,,0,0,1378,,
105236,63643,932417,1,1,,90,0,0,,0,1,1,0,,,,0,0,1378,,
105207,63623,932198,0,0,,,0,0,,0,0,0,0,,,,0,0,1379,,
105208,63624,932213,0,0,,,0,0,,0,0,0,0,,,,0,0,,,
105209,63624,932214,0,0,,,0,0,,0,0,0,0,,,,0,0,,,
105210,63625,932232,1,0,,75,0,0,,1,1,1,0,,,,0,0,1378,,
105211,63626,932243,1,1,,95,0,0,,1,1,1,0,,,,0,0,1381,,
105212,63627,932258,1,1,,90,0,0,,1,1,1,0,,,,0,0,1379,,
105213,63628,932262,1,1,,100,0,0,,1,1,1,0,,,,0,0,1379,,
105214,63629,932298,1,1,,100,0,0,,1,1,0,1,"OB/GYN",,,0,0,1379,,
105217,63631,932317,0,0,,,0,0,,0,0,0,0,,,,0,0,1381,,
105216,63632,932314,0,0,,,0,0,,0,0,0,0,,,,0,0,1378,,
105219,63633,932346,0,0,,,0,0,,0,0,0,0,,,,0,0,1378,,
105218,63634,932336,1,1,,99,0,0,,1,1,1,0,,,,0,0,1378,,
105241,63645,932502,1,1,,75,0,0,,0,0,0,0,,,,0,0,1380,,
105242,63645,932503,1,1,,100,0,0,,0,0,0,0,,,,0,0,1380,,
105239,63647,932498,1,1,,90,0,0,,1,1,1,0,,,,0,0,,,
105240,63647,932499,1,1,,90,0,0,,1,1,1,0,,,,0,0,1378,,
105243,63649,932507,0,0,,,0,0,,0,0,0,0,,,,0,0,1378,,
105247,63652,932561,1,1,,100,0,0,,1,0,0,0,,,,0,0,1378,,
105253,63658,932583,1,1,,80,0,0,,1,1,1,0,,,,0,0,1380,,
105257,63659,932625,1,0,,90,0,0,,1,1,1,0,,,,0,0,1379,,
105255,63660,932613,1,1,,100,0,0,,0,0,1,0,,,,0,0,1378,,
105256,63661,932618,1,0,,75,0,0,,1,1,1,0,,,,0,0,1379,,
105259,63663,932669,0,0,,,0,0,,0,0,0,0,,,,0,0,,,
105250,63654,932568,1,1,,99,0,0,,1,1,1,0,,,,0,0,1378,,
105251,63655,932576,1,1,"Within 12 months",90,0,0,,1,1,1,0,,,,0,0,1379,,
105262,63668,932684,1,1,,100,0,0,,1,0,1,0,,,,0,0,,,
105270,63674,932774,1,0,,90,0,0,,1,1,1,0,,,,0,0,1380,,
105271,63674,932775,1,0,,90,0,0,,1,1,1,0,,,,0,0,1380,,
105273,63674,932777,1,0,,,0,0,,1,1,1,0,,,,0,0,1380,,
105274,63674,932778,1,0,,90,0,0,,1,1,1,0,,,,0,0,1379,,
105283,63676,933022,1,1,,100,0,0,,1,1,1,0,,,,0,0,1378,,
105284,63677,933026,1,1,,90,0,0,,1,1,1,0,,,,1,1,1379,,
105285,63678,933068,0,0,,,0,0,,0,0,0,0,,,,0,0,1379,,
105286,63679,933071,0,0,,,0,0,,0,0,0,0,,,,0,0,1378,,
105290,63680,933113,1,1,,95,0,0,,1,1,1,0,,,,0,0,1379,,
105287,63681,933075,1,1,,30,0,0,,0,1,1,0,,,,0,0,1379,,
105288,63681,933076,1,1,,40,0,0,,1,1,1,0,,,,0,0,1379,,
105289,63681,933077,1,1,,,0,0,,0,0,0,0,,,,0,0,1380,,
105296,63684,933175,1,1,,90,0,0,,1,1,0,0,,,,0,0,1379,,
105297,63685,933181,0,0,,,0,0,,0,0,0,0,,,,0,0,1379,,
105294,63686,933172,0,0,,,0,0,,0,0,0,0,,,,0,0,1378,,
105295,63686,933173,0,0,,,0,0,,0,0,0,0,,,,0,0,1378,,
105293,63687,933156,1,0,,60,0,0,,0,1,0,0,,,,0,0,1379,,
105299,63688,933195,1,1,,95,0,0,,0,1,1,0,,,,0,0,1379,,
105298,63689,933192,1,1,,75,0,0,,0,1,1,0,,,,0,0,1378,,
105279,63674,932783,1,0,,90,0,0,,1,1,1,0,,,,0,0,1380,,
105305,63695,933256,1,1,,90,0,0,,1,1,1,0,,,,0,0,,,
105304,63692,933252,1,0,,95,0,0,,1,1,0,0,,,,0,0,1379,,
105312,63699,933286,0,0,,,0,0,,0,0,0,0,,,,0,0,1379,,
105307,63701,933265,0,0,,,0,0,,0,0,0,0,,,,0,0,1379,,
105313,63702,933292,1,1,,75,0,0,,1,0,0,0,,,,0,0,,,
105320,63708,933341,0,0,,,0,0,,0,0,0,0,,,,0,0,1379,,
105321,63709,933343,1,0,,75,0,0,,0,1,0,0,,,,0,0,1379,,
105324,63710,933368,1,1,,,0,0,,1,1,0,0,,,,0,0,,,
105323,63711,933366,1,1,,60,0,0,,1,0,1,0,,,,0,0,1378,,
105322,63712,933358,1,1,,80,0,0,,1,1,0,0,,,,0,0,1378,,
105330,63714,933517,1,0,,90,0,0,,1,1,1,0,,,,0,0,1379,,
105331,63714,933518,1,0,,90,0,0,,1,1,1,0,,,,0,1,1381,,
105332,63714,933519,1,0,,90,0,0,,1,1,1,0,,,,0,1,1381,,
105333,63714,933520,1,0,,90,0,0,,1,1,1,0,,,,0,1,1381,,
105334,63714,933521,1,0,,95,0,0,,1,0,0,0,,,,0,1,1381,,
105335,63714,933522,1,0,,90,0,0,,1,1,1,0,,,,0,1,1381,,
105336,63714,933523,1,0,,90,0,0,,1,1,1,0,,,,0,0,1381,,
105337,63714,933524,1,0,,90,0,0,,1,1,1,1,"Outpatient Services, Surgical Centers",,,0,1,1381,,
105316,63705,933309,1,1,,75,0,0,,1,1,1,0,,,,0,0,1378,,
105339,63714,933526,1,0,,90,0,0,,1,1,1,0,,,,0,0,1379,,
105341,63716,933682,1,0,,75,0,0,,1,1,1,0,,,,0,0,1379,,
105345,63717,933703,0,0,,,0,0,,0,0,0,0,,,,0,0,1379,,
105343,63719,933688,1,1,,85,0,0,,0,1,1,0,,,,0,0,1381,,
105355,63730,933762,1,0,,95,0,0,,1,1,1,0,,,,0,0,1379,,
105356,63731,933765,1,1,,80,0,0,,1,1,1,0,,,,0,0,1379,,
105357,63732,933776,1,0,,90,0,0,,1,1,1,0,,,,0,0,1379,,
105358,63733,933780,0,0,,,0,0,,0,0,0,0,,,,0,0,,,
105359,63733,933781,0,0,,,0,0,,0,0,0,0,,,,0,0,,,
105360,63733,933782,0,0,,,0,0,,0,0,0,0,,,,0,0,,,
105361,63733,933783,0,0,,,0,0,,0,0,0,0,,,,0,0,,,
105362,63733,933784,0,0,,,0,0,,0,0,0,0,,,,0,0,,,
105363,63733,933785,0,0,,,0,0,,0,0,0,0,,,,0,0,,,
105365,63734,934107,1,0,,75,0,0,,1,1,0,1,"OB/GYN",,,0,0,1378,,
105366,63735,934109,1,0,,95,0,0,,1,1,0,0,,,,0,0,1380,,
105364,63736,934105,0,0,,,0,0,,0,0,0,0,,,,0,0,1379,,
105367,63737,934112,1,1,,98,0,0,,1,1,1,0,,,,0,0,1379,,
105346,63725,933706,1,0,,98,0,0,,1,1,1,0,,,,0,0,1378,,
105370,63740,934129,1,1,,90,0,0,,0,0,0,0,,,,0,0,1379,,
105371,63740,934130,1,1,,90,0,0,,1,1,1,0,,,,0,0,1379,,
105372,63740,934131,1,1,,80,0,0,,1,1,1,0,,,,0,0,1379,,
105374,63742,934180,1,0,,70,0,0,,1,1,1,0,,,,0,0,1379,,
105376,63743,934221,0,0,,,0,0,,0,0,0,0,,,,0,0,1379,,
105393,63753,934300,1,1,,95,0,0,,1,1,1,0,,,,0,0,1379,,
105390,63755,934291,1,1,,85,0,0,,0,0,0,0,,,,0,0,1381,,
105391,63755,934292,0,0,,,0,0,,0,0,0,0,,,,0,0,1381,,
105396,63756,934305,1,1,,80,0,0,,1,1,1,0,,,,0,0,,,
105397,63756,934306,1,1,,80,0,0,,1,1,1,0,,,,0,0,1378,,
105398,63756,934307,1,1,,80,0,0,,1,1,1,0,,,,0,0,,,
105399,63756,934308,1,1,,80,0,0,,1,1,1,0,,,,0,0,1378,,
105400,63756,934309,1,1,,80,0,0,,1,1,1,0,,,,0,0,,,
105401,63756,934310,1,1,,90,0,0,,1,1,1,0,,,,0,0,,,
105402,63756,934311,1,1,,90,0,0,,1,1,0,0,,,,0,0,1379,,
105403,63756,934312,1,1,,90,0,0,,1,1,1,1,"CCU, ICU",,,0,0,1378,,
105404,63757,934440,1,1,,100,0,0,,1,0,1,0,,,,0,0,,,
105405,63757,934441,1,1,,95,0,0,,1,1,1,0,,,,0,0,,,
105406,63757,934442,1,1,,95,0,0,,1,1,1,0,,,,0,0,,,
105407,63757,934443,1,1,,90,0,0,,1,1,1,0,,,,0,0,1380,,
105408,63757,934444,1,1,,95,1,0,,1,1,1,0,,,,0,0,,,
105409,63757,934445,1,1,,95,1,0,,1,1,1,0,,,,0,0,,,
105410,63757,934446,1,1,,80,0,0,,1,1,1,0,,,,0,0,1381,,
105411,63757,934447,1,1,,80,0,0,,1,1,1,0,,,,0,0,1381,,
105412,63757,934448,1,1,,100,0,0,,1,1,0,0,,,,0,0,1381,,
105413,63757,934449,1,1,,80,0,0,,1,1,1,0,,,,0,0,1381,,
105414,63757,934450,1,1,,80,0,0,,1,1,1,0,,,,0,0,1381,,
105415,63758,934675,1,0,,100,0,0,,1,1,1,0,,,,0,0,1381,,
105416,63758,934676,1,0,,100,0,0,,1,1,1,0,,,,0,0,1381,,
105417,63758,934677,1,0,,100,0,0,,1,1,1,0,,,,0,0,1381,,
105418,63758,934678,1,0,,100,0,0,,1,1,1,0,,,,0,0,1381,,
105419,63758,934679,1,0,,100,0,0,,1,1,1,0,,,,0,0,1381,,
105375,63745,934209,0,0,,,0,0,,0,0,0,0,,,,0,0,1379,,
105379,63746,934231,0,0,,,0,0,,0,0,0,0,,,,0,0,,,
105380,63746,934232,1,1,,75,0,0,,1,1,0,0,,,,0,0,,,
105381,63746,934233,1,1,,50,0,0,,1,1,1,0,,,,0,0,,,
105382,63746,934234,1,1,,75,0,0,,1,1,1,0,,,,0,0,,,
105383,63746,934235,0,0,,,0,0,,0,0,0,0,,,,0,0,,,
105384,63746,934236,1,1,,50,0,0,,1,1,1,0,,,,0,0,,,
105385,63746,934237,0,0,,,0,0,,0,0,0,0,,,,0,0,,,
105421,63759,934881,1,1,,90,0,0,,1,1,1,0,,,,1,1,,,
105422,63759,934882,1,1,,90,0,0,,1,1,1,0,,,,1,1,,,
104928,63759,928934,1,0,,80,0,0,,1,1,0,0,,,,0,0,1379,,
105423,63760,934968,1,0,,90,0,0,,1,0,1,0,,,,0,0,1379,,
105424,63760,934969,1,1,,95,0,0,,1,0,1,0,,,,0,0,1379,,
105425,63760,934970,1,0,,60,0,0,,1,0,1,0,,,,0,0,1379,,
105426,63760,934971,1,0,,,0,0,,1,1,1,0,,,,0,0,1381,,
105427,63760,934972,1,0,,95,0,0,,1,0,1,0,,,,0,0,,,
105428,63760,934973,1,1,,80,0,0,,1,1,1,0,,,,0,0,,,
105429,63761,935038,1,0,,60,0,0,,1,1,1,0,,,,0,0,,,
105430,63761,935039,1,0,,90,0,0,,1,1,1,0,,,,0,0,1379,,
105436,63761,935045,1,1,"Within 12 months",70,0,0,,1,1,1,0,,,,0,0,1379,,
105437,63761,935046,1,1,"Within 12 months",50,0,0,,1,1,1,0,,,,0,0,1378,,
105443,63763,935321,1,1,,60,1,0,,0,1,1,0,,,,0,0,1379,,
105444,63763,935322,1,1,,70,1,0,,1,1,1,0,,,,0,0,1379,,
105445,63763,935323,1,0,,70,0,0,,1,1,1,0,,,,0,0,1379,,
105446,63763,935324,1,0,,100,0,0,,1,1,1,0,,,,0,0,1378,,
105447,63763,935325,1,1,,100,0,0,,1,1,1,0,,,,0,0,,,
105448,63763,935326,1,1,,100,0,0,,1,1,1,0,,,,0,0,,,
105449,63763,935327,1,0,,100,0,0,,1,1,1,0,,,,0,0,,,
105450,63763,935328,1,0,,100,1,0,,1,1,1,0,,,,0,1,,,
105451,63763,935329,1,1,,50,0,0,,1,1,1,0,,,,0,0,,,
105452,63763,935330,1,1,,45,1,0,,1,1,1,0,,,,0,0,1381,,
105453,63763,935331,1,1,,100,0,0,,1,1,1,0,,,,0,0,,,
105454,63764,935480,1,0,,99,0,0,,1,1,1,0,,,,0,0,1378,,
105455,63764,935481,1,0,,90,0,0,,1,1,1,0,,,,0,0,1378,,
105456,63764,935482,1,0,,90,0,0,,1,1,1,0,,,,0,0,1378,,
105457,63764,935483,1,0,,90,0,0,,1,0,1,0,,,,0,0,1378,,
105458,63765,935537,0,0,,,0,0,,0,0,0,0,,,,0,0,,,
105459,63765,935538,0,0,,,0,0,,0,0,0,0,,,,0,0,,,
105460,63766,935540,0,0,,,0,0,,0,0,0,0,,,,0,0,,,
105464,63769,935605,1,1,,80,0,0,,1,0,0,0,,,,0,0,1378,,
105465,63769,935606,1,1,,50,0,0,,1,0,0,0,,,,0,0,1381,,
105466,63769,935607,1,1,,70,0,0,,1,0,0,0,,,,0,0,1381,,
105467,63769,935608,1,1,,70,0,0,,1,0,0,0,,,,0,0,1379,,
105468,63769,935609,1,1,,80,0,0,,1,0,0,0,,,,0,0,1378,,
105469,63769,935610,1,1,,80,0,0,,1,0,0,0,,,,0,0,1378,,
105470,63769,935611,1,1,,90,0,0,,1,0,0,0,,,,0,0,1379,,
105471,63769,935612,1,1,,80,0,0,,1,0,0,0,,,,0,0,1379,,
105472,63769,935613,1,1,,80,0,0,,1,0,0,0,,,,0,0,1378,,
105473,63769,935614,1,1,,80,0,0,,1,0,0,0,,,,0,0,1381,,
105474,63769,935615,1,1,,80,0,0,,1,0,0,0,,,,0,0,1381,,
105475,63769,935616,1,1,,80,0,0,,1,0,0,0,,,,0,0,1378,,
105476,63769,935617,1,1,,60,0,0,,1,0,0,0,,,,0,0,1379,,
105477,63769,935618,1,1,,80,0,0,,1,0,0,0,,,,0,0,1381,,
105478,63769,935619,1,1,,80,0,0,,1,0,0,0,,,,0,0,1378,,
105479,63769,935620,1,1,,80,0,0,,1,0,0,0,,,,0,0,1381,,
105480,63769,935621,1,1,,80,0,0,,1,0,0,0,,,,0,0,1378,,
105481,63769,935622,1,1,,60,0,0,,1,0,0,0,,,,0,0,1378,,
105482,63769,935623,1,1,,60,0,0,,1,0,0,0,,,,0,0,1381,,
105483,63769,935624,1,1,,80,0,0,,1,0,0,0,,,,0,0,1378,,
105484,63769,935625,1,1,,60,0,0,,1,0,0,0,,,,0,0,1379,,
105485,63769,935626,1,1,,80,0,0,,1,0,0,0,,,,0,0,1379,,
105486,63769,935627,1,1,,90,0,0,,1,0,0,0,,,,0,0,,,
105487,63769,935628,1,1,,80,0,0,,1,0,0,0,,,,0,0,1378,,
105488,63769,935629,1,1,,80,0,0,,1,0,0,0,,,,0,0,1378,,
105489,63769,935630,1,1,,90,0,0,,1,0,0,0,,,,0,0,1379,,
105490,63770,935644,0,0,,,0,0,,0,0,0,0,,,,0,0,1378,,
105492,63772,935718,0,0,,,0,0,,0,0,0,0,,,,0,0,,,
105493,63773,935722,1,0,,90,0,0,,1,1,1,0,,,,0,0,1379,,
105494,63774,935740,1,1,,90,0,0,,1,1,1,0,,,,0,0,1378,,
105495,63775,935749,1,1,"Within 12 months",50,1,0,,1,1,1,0,,,,0,0,1381,,
105496,63776,935766,1,0,,50,1,0,,1,0,0,0,,,,1,1,1381,,
105497,63776,935767,1,1,,50,0,0,,1,0,1,0,,,,0,0,1378,,
105498,63776,935768,1,1,,90,1,0,,1,1,1,0,,,,0,1,1381,,
105499,63777,935796,1,1,,98,0,0,,1,1,1,0,,,,0,0,1378,,
105500,63778,935798,1,1,,2,0,0,,0,0,0,0,,,,0,0,1378,,
105501,63779,935800,1,0,,95,0,0,,1,1,1,0,,,,0,0,,,
105502,63779,935801,1,0,,90,0,0,,1,1,1,0,,,,0,0,,,
105503,63780,935831,1,1,,95,0,0,,1,1,1,0,,,,0,0,1378,,
105504,63781,935835,1,1,,70,0,0,,1,1,1,0,,,,0,0,1378,,
105505,63782,935843,0,0,,,0,0,,0,0,0,0,,,,0,0,1378,,
105506,63783,935847,1,1,,90,0,0,,1,1,1,0,,,,0,0,1381,,
105507,63784,935855,0,0,,,0,0,,0,0,0,0,,,,0,0,1378,,
105508,63785,935860,1,1,,90,0,0,,1,1,1,0,,,,0,0,1379,,
105509,63786,935874,1,1,,75,0,0,,0,0,1,0,,,,0,0,1378,,
105510,63787,935887,1,1,,50,0,0,,1,1,0,0,,,,0,0,1381,,
105511,63788,935891,0,0,,,0,0,,0,0,0,0,,,,0,0,1381,,
105512,63788,935892,0,0,,,0,0,,0,0,0,0,,,,0,0,1381,,
105516,63790,935909,0,0,,,0,0,,0,0,0,0,,,,0,0,1379,,
105517,63791,935913,0,0,,,0,0,,0,0,0,0,,,,0,0,1379,,
105518,63791,935914,0,0,,,0,0,,0,0,0,0,,,,0,0,1378,,
105519,63791,935915,0,0,,,0,0,,0,0,0,0,,,,0,0,1378,,
105520,63792,935917,1,1,,95,0,0,,1,1,1,0,,,,0,0,1379,,
105521,63792,935918,1,1,,50,0,0,,1,1,1,0,,,,0,0,1381,,
105522,63793,935941,1,1,,90,0,0,,1,1,1,0,,,,0,0,1380,,
105523,63793,935942,1,1,,90,0,0,,1,1,1,0,,,,0,0,1380,,
105388,63750,934264,1,1,,98,0,0,,0,1,0,1,"OB/GYN",,,0,0,1379,,
105351,63727,933742,1,0,,60,0,0,,0,1,0,0,,,,0,0,,,
105353,63728,933751,1,1,,85,0,0,,1,0,0,0,,,,0,0,1379,,
105525,63795,935981,1,1,,30,0,0,,0,1,0,0,,,,0,0,1378,,
105532,63800,936063,0,0,,,0,0,,0,0,0,0,,,,0,0,1378,,
105539,63803,936164,1,1,,80,0,0,,1,1,1,0,,,,0,0,1378,,
105540,63804,936177,1,1,,80,0,0,,1,1,1,0,,,,0,0,1380,,
105541,63805,936189,1,1,,100,0,0,,1,1,1,0,,,,0,0,1378,,
105543,63806,936195,1,1,,100,0,0,,1,1,1,0,,,,0,0,1378,,
105544,63807,936200,1,1,,100,0,0,,1,1,1,0,,,,0,0,1378,,
105545,63807,936201,1,1,,100,0,0,,1,1,1,0,,,,0,0,1378,,
105546,63808,936224,1,1,,100,0,0,,0,1,0,0,,,,0,0,,,
105547,63809,936226,1,1,,100,0,0,,0,1,0,0,,,,0,0,,,
105548,63810,936229,0,0,,,0,0,,0,0,0,0,,,,0,0,1378,,
105549,63811,936231,1,1,,95,0,0,,1,1,1,0,,,,0,0,1379,,
105554,63812,936240,0,0,,,0,0,,0,0,0,0,,,,0,0,,,
105537,63802,936110,1,1,,90,1,0,,1,1,1,0,,,,0,0,1381,,
105561,63813,936318,0,0,,,0,0,,0,0,0,0,,,,0,0,1378,,
105563,63815,936324,0,0,,,0,0,,0,0,0,0,,,,0,0,1379,,
105564,63816,936329,0,0,,,0,0,,0,0,0,0,,,,0,0,,,
105565,63817,936332,1,1,,80,0,0,,1,1,0,0,,,,0,0,1378,,
105567,63819,936342,0,0,,,0,0,,0,0,0,0,,,,0,0,1378,,
105568,63820,936346,0,0,,,0,0,,0,0,0,0,,,,0,0,1380,,
105569,63821,936349,0,0,,,0,0,,0,0,0,0,,,,0,0,1378,,
105570,63821,936350,0,0,,,0,0,,0,0,0,0,,,,0,0,1378,,
105576,63827,936408,1,0,,12,0,0,,0,1,0,0,,,,0,0,1379,,
105593,63833,936616,1,0,,10,0,0,,1,1,1,0,,,,0,0,,,
105606,63843,936687,1,1,,90,0,0,,1,0,1,0,,,,0,0,1379,,
105597,63837,936631,0,0,,,0,0,,0,0,0,0,,,,0,0,,,
105600,63840,936656,1,1,,100,0,0,,1,1,1,0,,,,0,0,1379,,
105601,63841,936676,1,1,,,0,0,,1,0,1,0,,,,0,0,,,
105602,63841,936677,1,1,,,0,0,,1,0,1,0,,,,0,0,,,
105603,63841,936678,0,0,,,0,0,,0,0,0,0,,,,0,0,,,
105604,63841,936679,0,0,,,0,0,,0,0,0,0,,,,0,0,,,
105630,63844,936723,1,1,,,0,0,,0,1,0,0,,,,0,0,1379,,
105652,63847,937177,1,1,,80,0,0,,1,1,1,0,,,,0,0,1378,,
105653,63848,937181,0,0,,,0,0,,0,0,0,0,,,,0,0,1380,,
105639,63844,936732,0,0,,,0,0,,0,0,0,0,,,,0,0,,,
105373,63844,934174,1,0,,65,0,0,,1,0,0,0,,,,0,0,1378,,
105662,63851,937230,1,0,,99,0,0,,1,0,1,0,,,,0,0,1378,,
105664,63853,937238,1,1,,50,0,0,,1,1,0,0,,,,0,0,1379,,
105665,63854,937246,0,0,,,0,0,,0,0,0,0,,,,0,0,1378,,
105666,63855,937252,1,1,,50,0,0,,1,0,0,0,,,,0,0,1379,,
105667,63856,937255,1,1,,95,0,0,,1,1,0,0,,,,0,0,1379,,
105670,63859,937276,1,1,"Within 12 months",95,0,0,,1,0,1,0,,,,1,1,1381,,
105671,63859,937277,1,1,,95,0,0,,1,0,1,0,,,,1,1,1381,,
105672,63859,937278,1,1,,95,0,0,,1,0,1,0,,,,1,1,1381,,
105673,63859,937279,1,0,,95,0,0,,1,0,1,0,,,,0,0,1381,,
105674,63859,937280,1,1,,95,0,0,,1,0,1,0,,,,1,1,1381,,
105689,63871,937463,1,1,,90,0,0,,1,1,1,0,,,,1,1,1381,,
105690,63871,937464,1,1,,90,0,0,,1,1,1,0,,,,1,1,1381,,
105691,63871,937465,1,1,,90,0,0,,1,1,1,0,,,,1,1,1381,,
105692,63872,937526,1,0,,,0,0,,1,0,1,0,,,,0,0,,,
105693,63873,937528,0,0,,,0,0,,0,0,0,0,,,,0,0,,,
105694,63873,937529,1,1,,,0,0,,0,0,0,0,,,,0,0,1378,,
105695,63874,937537,1,0,,50,0,0,,1,1,1,0,,,,0,0,,,
105696,63874,937538,1,0,,95,0,0,,1,1,1,0,,,,0,0,,,
105697,63874,937539,0,0,,,0,0,,0,0,0,0,,,,0,0,,,
105698,63874,937540,1,0,,50,0,0,,1,1,1,0,,,,0,0,1379,,
105705,63877,937606,1,0,,99,0,0,,1,1,1,0,,,,0,0,,,
105706,63878,937633,1,0,,75,0,0,,0,0,0,0,,,,0,0,,,
105707,63879,937641,1,0,,,0,0,,1,1,1,0,,,,0,0,,,
105708,63879,937642,1,0,,,0,0,,1,1,1,0,,,,0,0,,,
105709,63880,937670,1,0,,,0,0,,1,1,1,0,,,,0,0,1379,,
105710,63881,937672,0,0,,,0,0,,0,0,0,0,,,,0,0,1379,,
105711,63882,937676,1,0,,90,0,0,,1,0,1,0,,,,0,0,1378,,
105712,63882,937677,1,0,,75,0,0,,1,1,1,0,,,,0,0,1378,,
105714,63884,937704,1,1,,90,0,0,,1,0,0,0,,,,0,0,1379,,
105895,63885,940107,1,1,,80,0,0,,1,1,1,0,,,,0,0,,,
105902,63885,940114,1,1,,35,0,0,,1,1,1,0,,,,0,0,,,
105734,63888,937975,0,0,,,0,0,,0,0,0,0,,,,0,0,1378,,
105735,63889,937977,1,0,,90,0,0,,1,1,1,0,,,,0,0,1381,,
105742,63896,938037,1,1,"Within 12 months",10,0,0,,0,1,1,0,,,,0,0,1379,,
105743,63896,938038,0,0,,,0,0,,0,0,0,0,,,,0,0,1379,,
105744,63896,938039,0,0,,,0,0,,0,0,0,0,,,,0,0,1379,,
105745,63897,938041,0,0,,,0,0,,0,0,0,0,,,,0,0,1378,,
105746,63898,938043,0,0,,,0,0,,0,0,0,0,,,,0,0,1378,,
105747,63899,938045,0,0,,,0,0,,0,0,0,0,,,,0,0,1378,,
105748,63900,938049,0,0,,,0,0,,0,0,0,0,,,,0,0,1378,,
105749,63901,938053,1,1,,95,0,0,,1,1,1,0,,,,0,0,1378,,
105750,63902,938056,1,1,,95,0,0,,1,1,1,0,,,,0,0,1379,,
105751,63903,938065,0,0,,,0,0,,0,0,0,0,,,,0,0,1379,,
105752,63904,938067,1,1,,75,0,0,,1,1,1,0,,,,0,0,1380,,
105754,63906,938077,1,0,,80,0,0,,1,1,1,0,,,,0,0,1378,,
105755,63906,938078,1,0,,80,0,0,,1,1,1,0,,,,0,0,1378,,
105756,63907,938113,0,0,,,0,0,,0,0,0,0,,,,0,0,1378,,
105757,63908,938124,1,1,,75,0,0,,1,1,1,0,,,,0,0,1381,,
105758,63909,938154,1,0,,100,0,0,,0,0,0,0,,,,0,0,1380,,
105759,63910,938160,1,0,,40,0,0,,0,0,0,0,,,,0,0,1381,,
105760,63911,938173,1,0,,100,0,0,,0,0,0,0,,,,0,0,1380,,
105761,63912,938175,0,0,,,0,0,,0,0,0,0,,,,0,0,1379,,
105762,63913,938179,0,0,,,0,0,,0,0,0,0,,,,0,0,1378,,
105737,63891,937996,1,1,,90,0,0,,1,1,0,0,,,,0,0,1379,,
105740,63894,938008,0,0,,,0,0,,0,0,0,0,,,,0,0,1378,,
105765,63915,938237,1,0,,50,0,0,,1,1,1,0,,,,0,0,1380,,
105766,63915,938238,1,0,,70,0,0,,1,1,1,0,,,,0,0,1378,,
105767,63915,938239,1,0,,,0,0,,1,1,1,0,,,,0,0,1379,,
105768,63916,938246,1,0,,90,0,0,,1,1,1,0,,,,0,0,1380,,
105769,63916,938247,1,0,,95,0,0,,1,1,1,1,"Nursing",,,0,1,1381,,
105772,63918,938298,0,0,,,0,0,,0,0,0,0,,,,0,0,,,
105773,63919,938300,1,1,,80,1,0,,0,1,1,0,,,,0,0,1381,,
105774,63919,938301,1,1,,,0,0,,1,0,0,0,,,,0,0,1379,,
105775,63920,938361,1,0,,,0,0,,0,0,0,0,"Nursing",,,0,0,1379,,
105776,63921,938363,1,1,,90,0,0,,1,1,1,0,,,,0,0,1381,,
105777,63921,938364,1,1,,95,0,0,,1,1,1,0,,,,0,0,1381,,
105778,63921,938365,1,1,,75,0,0,,1,1,1,0,,,,0,0,1378,,
105779,63921,938366,1,1,,90,0,0,,1,1,1,0,,,,0,0,1381,,
105780,63921,938367,1,1,,75,0,0,,1,0,0,0,,,,0,0,1381,,
105781,63921,938368,1,1,,95,0,0,,1,1,1,0,,,,0,0,1381,,
105782,63921,938369,1,1,,95,1,0,,1,0,1,0,,,,0,0,1381,,
105783,63921,938370,1,1,,95,1,0,,1,1,1,0,,,,0,0,1381,,
105784,63921,938371,1,1,,95,1,0,,1,1,1,0,,,,0,0,1381,,
105785,63921,938372,1,1,,95,1,0,,1,1,1,0,,,,0,0,1381,,
105786,63921,938373,1,1,,95,0,0,,1,1,1,0,,,,0,0,1381,,
105807,63922,938461,1,0,,90,0,0,,0,0,0,0,,,,0,0,1379,,
105808,63922,938462,1,0,,95,0,0,,0,0,0,0,,,,0,0,1379,,
105827,63922,938481,1,0,,90,0,0,,0,0,0,0,,,,0,0,1379,,
105828,63922,938482,1,0,,95,0,0,,0,0,0,0,,,,0,0,1379,,
105829,63922,938483,1,0,,75,0,0,,0,0,0,0,,,,0,0,1379,,
105830,63922,938484,1,0,,90,0,0,,0,0,0,0,,,,0,0,1379,,
109262,63922,963445,0,0,,,0,0,,0,0,0,0,,,,0,0,,,
105856,63924,939602,1,1,,75,0,0,,0,1,0,0,,,,0,0,1379,,
105857,63924,939603,1,1,,90,0,0,,1,1,1,0,,,,0,0,1379,,
105803,63922,938457,1,0,,,0,0,,0,0,0,0,,,,0,0,1379,,
105804,63922,938458,1,1,,,0,0,,0,0,0,0,,,,0,0,1379,,
105805,63922,938459,1,0,,90,0,0,,0,0,0,0,,,,0,0,1379,,
105860,63924,939606,1,1,,70,1,1,,1,1,1,0,,,,1,1,1379,,
105861,63924,939607,1,1,,55,1,0,,1,1,1,0,,,,1,1,1379,,
105862,63924,939608,1,1,,50,0,0,,1,1,0,0,,,,0,0,1379,,
105863,63924,939609,1,1,,85,0,0,,1,1,1,0,,,,0,0,1379,,
105864,63924,939610,1,1,,70,0,0,,1,1,0,0,,,,0,0,1380,,
105866,63926,939909,1,1,,90,0,0,,1,0,0,0,,,,0,0,1378,,
105867,63926,939910,1,1,,50,0,0,,0,0,0,0,,,,0,0,1378,,
105868,63926,939911,1,1,,35,0,0,,0,0,0,0,,,,0,0,1378,,
105869,63926,939912,1,1,,50,0,0,,1,0,0,0,,,,0,0,1378,,
105870,63926,939913,1,1,,40,0,0,,1,0,0,0,,,,0,0,1378,,
105871,63926,939914,1,1,,50,0,0,,1,0,0,0,,,,0,0,1378,,
105872,63926,939915,1,1,,50,0,0,,1,0,0,0,,,,0,0,,,
105873,63926,939916,1,1,,50,0,0,,1,0,0,0,,,,0,0,,,
105874,63926,939917,1,1,,50,0,0,,1,0,0,0,,,,0,0,,,
105875,63926,939918,1,1,,50,0,0,,1,0,0,0,,,,0,0,,,
105876,63926,939919,1,0,,,0,0,,1,0,1,0,,,,0,0,,,
105877,63926,939920,0,0,,,0,0,,0,0,0,0,,,,0,0,,,
105878,63926,939921,1,1,,50,0,0,,1,0,0,0,,,,0,0,1378,,
105879,63926,939922,1,1,,50,0,0,,1,0,0,0,,,,0,0,1378,,
105880,63926,939923,1,1,,50,0,0,,1,0,0,0,,,,0,0,1378,,
105881,63926,939924,1,1,,50,0,0,,1,0,0,0,,,,0,0,1378,,
105882,63926,939925,1,1,,50,0,0,,1,0,0,0,,,,0,0,1378,,
105883,63926,939926,1,1,,50,0,0,,1,0,0,0,,,,0,0,1378,,
105884,63926,939927,1,1,,50,0,0,,1,0,0,0,,,,0,0,1378,,
105885,63926,939928,1,1,,50,0,0,,1,0,0,0,,,,0,0,1378,,
105886,63926,939929,1,1,,50,0,0,,1,0,0,0,,,,0,0,1378,,
105887,63926,939930,1,1,,50,0,0,,1,0,0,0,,,,0,0,1378,,
105888,63926,939931,1,1,,50,0,0,,0,0,0,0,,,,0,0,1378,,
105889,63926,939932,1,1,,100,0,0,,0,0,0,1,"Long Term Care",,,0,0,1379,,
105890,63926,939933,1,1,,100,0,0,,0,0,0,1,"Long Term Care",,,0,0,1379,,
105891,63926,939934,1,1,,100,0,0,,0,0,0,1,"Long Term Care",,,0,0,1379,,
105928,63936,940704,1,1,,50,0,0,,1,1,1,0,,,,0,0,1379,,
105929,63936,940705,1,1,,60,0,0,,1,1,1,0,,,,0,0,1379,,
105930,63936,940706,1,1,,80,1,0,,1,1,1,0,,,,1,1,1379,,
105931,63937,940743,1,1,"Within 12 months",90,0,0,,1,0,1,0,,,,0,0,1379,,
105932,63937,940744,1,1,,90,0,0,,0,0,1,1,"ICU",,,0,0,1379,,
105933,63937,940745,1,1,"Within 12 months",75,0,0,,1,1,0,0,,,,0,0,1379,,
105936,63945,941109,1,1,,90,0,0,,1,1,1,0,,,,0,0,1380,,
105937,63945,941110,1,1,,95,0,0,,1,1,1,0,,,,0,0,1379,,
105938,63945,941111,1,1,,85,0,0,,1,1,1,0,,,,0,0,1380,,
105939,63945,941112,1,1,,75,0,0,,1,1,1,0,,,,0,0,1380,,
105940,63945,941113,1,1,,75,0,0,,1,1,1,0,,,,0,0,,,
105941,63945,941114,1,1,,80,0,0,,1,1,1,0,,,,0,0,1380,,
105942,63945,941115,1,1,,80,0,0,,1,1,1,0,,,,0,0,1380,,
105943,63945,941116,1,1,,80,0,0,,1,0,1,0,,,,0,0,1380,,
105944,63945,941117,1,1,,85,0,0,,1,1,1,0,,,,0,0,1380,,
105945,63945,941118,1,1,,90,0,0,,1,1,1,0,,,,0,0,1380,,
105946,63945,941119,1,1,,90,0,0,,1,1,1,0,,,,0,0,1380,,
105947,63945,941120,1,1,,80,0,0,,1,1,1,0,,,,0,0,1380,,
105948,63945,941121,1,1,,80,0,0,,1,1,1,0,,,,0,0,1380,,
105949,63945,941122,1,1,,90,0,0,,1,1,1,0,,,,0,0,1380,,
105950,63945,941123,1,1,,90,0,0,,1,1,1,0,,,,0,0,1380,,
105951,63945,941124,1,1,,90,0,0,,1,1,1,0,,,,0,0,1380,,
105952,63945,941125,1,1,,75,0,0,,1,1,1,0,,,,0,0,1380,,
105953,63945,941126,1,1,,80,0,0,,1,1,1,0,,,,0,0,1380,,
105954,63945,941127,1,1,,90,0,0,,1,1,0,0,,,,0,0,1380,,
105955,63945,941128,1,1,,75,0,0,,1,1,1,0,,,,0,0,,,
105956,63945,941129,1,1,,75,0,0,,1,1,1,0,,,,0,0,1380,,
105957,63945,941130,1,1,,80,0,0,,1,1,1,0,,,,0,0,1380,,
105958,63945,941131,1,1,,85,0,0,,1,0,1,0,,,,0,0,1380,,
105959,63945,941132,1,1,,80,0,0,,1,1,1,0,,,,0,0,1380,,
105960,63946,941414,1,0,,75,0,0,,1,1,1,1,"ICU, OB/GYN",,,0,0,1379,,
105907,63933,940278,1,1,,85,0,0,,1,1,1,0,,,,0,0,1381,,
105908,63933,940279,1,1,,75,0,0,,1,0,0,0,,,,0,0,1381,,
105909,63933,940280,1,1,,85,0,0,,1,1,1,0,,,,0,0,1381,,
105824,63922,938478,1,1,,90,0,0,,1,1,1,0,,,,0,0,1379,,
105825,63922,938479,1,0,,90,0,0,,1,0,0,0,,,,0,0,1379,,
105918,63935,940369,1,0,,,1,0,,0,0,0,0,,,,0,0,1379,,
106955,63992,942295,1,0,,50,0,0,,1,1,1,0,,,,0,0,1379,,
106956,63992,942296,1,0,,50,0,0,,1,1,1,0,,,,0,0,1378,,
106957,63992,942297,1,0,,50,1,0,,1,1,1,0,,,,0,0,,,
106958,63992,942298,1,0,,50,0,0,,1,1,1,0,,,,0,0,,,
106959,63992,942299,1,0,,50,0,0,,1,1,1,0,,,,0,0,1378,,
106960,63992,942300,1,0,,50,1,0,,1,1,1,0,,,,0,0,1379,,
105920,63935,940371,1,0,,,1,0,,0,0,0,0,,,,0,1,1379,,
105921,63935,940372,1,0,,80,1,0,,1,1,1,1,"ICU",,,0,1,1379,,
106969,63999,942955,1,1,,95,0,0,,1,0,0,0,,,,1,1,1379,,
106970,63999,942956,1,1,,95,0,0,,1,1,1,0,,,,0,0,1379,,
106972,63999,942990,1,0,,,0,0,,1,1,0,0,,,,0,0,,,
104544,64677,911381,1,0,,60,0,0,,0,0,0,0,,,,0,0,1381,,
104630,64677,911467,1,0,,65,0,0,,0,0,0,0,,,,0,0,,,
104233,57673,908432,0,0,,,0,0,,0,0,0,0,,,,0,0,1378,167,"AMERISOURCEBERGEN INC."
103867,57479,904235,1,1,,90,0,0,,1,1,1,1,"Endoscopy",,,0,0,1378,167,"AMERISOURCEBERGEN INC."
102449,57095,888556,1,1,,90,0,0,,1,1,1,0,,,,1,1,1381,167,"AMERISOURCEBERGEN INC."
102450,57095,888557,1,1,,90,0,0,,1,1,1,0,,,,1,1,1381,167,"AMERISOURCEBERGEN INC."
101903,56942,883572,1,0,,80,0,0,,1,1,1,0,,,,0,0,,167,"AMERISOURCEBERGEN INC."
101901,56942,883570,1,0,,50,0,0,,1,1,1,0,,,,0,0,,167,"AMERISOURCEBERGEN INC."
101898,56942,883567,1,0,,60,0,0,,1,1,1,0,,,,0,0,,167,"AMERISOURCEBERGEN INC."
101891,56942,883560,1,0,,70,0,0,,1,1,1,0,,,,0,0,,167,"AMERISOURCEBERGEN INC."
101895,56942,883564,1,0,,50,0,0,,1,1,1,0,,,,0,0,1379,167,"AMERISOURCEBERGEN INC."
101888,56942,883557,1,0,,90,0,0,,1,1,1,0,,,,0,0,,167,"AMERISOURCEBERGEN INC."
101881,56942,883550,1,0,,60,0,0,,1,1,1,0,,,,0,0,,167,"AMERISOURCEBERGEN INC."
101883,56942,883552,1,0,,95,0,0,,1,1,1,0,,,,0,0,,167,"AMERISOURCEBERGEN INC."
101884,56942,883553,1,0,,60,0,0,,1,1,1,0,,,,0,0,,167,"AMERISOURCEBERGEN INC."
101885,56942,883554,1,0,,80,0,0,,1,1,1,0,,,,0,0,,167,"AMERISOURCEBERGEN INC."
101886,56942,883555,1,0,,60,0,0,,1,1,1,0,,,,0,0,,167,"AMERISOURCEBERGEN INC."
101879,56942,883548,1,0,,50,0,0,,1,1,1,0,,,,0,0,,167,"AMERISOURCEBERGEN INC."
101874,56942,883543,1,0,,60,0,0,,1,1,1,0,,,,0,0,,167,"AMERISOURCEBERGEN INC."
101875,56942,883544,1,0,,80,0,0,,1,1,1,0,,,,0,0,1378,167,"AMERISOURCEBERGEN INC."
101872,56942,883541,1,0,,50,0,0,,1,1,1,0,,,,0,0,,167,"AMERISOURCEBERGEN INC."
101870,56942,883539,1,0,,90,0,0,,1,1,1,0,,,,0,0,,167,"AMERISOURCEBERGEN INC."
100771,56629,870395,1,0,,95,0,0,,1,0,1,0,,,,0,0,1380,167,"AMERISOURCEBERGEN INC."
100772,56629,870396,1,0,,95,0,0,,1,1,1,0,,,,0,0,1380,167,"AMERISOURCEBERGEN INC."
100773,56629,870397,1,0,,90,0,0,,0,1,0,0,,,,0,0,1380,167,"AMERISOURCEBERGEN INC."
100774,56629,870398,0,0,,,0,0,,0,0,0,0,,,,0,0,1380,167,"AMERISOURCEBERGEN INC."
100778,56639,870496,1,1,,95,0,0,,1,1,1,0,,,,1,1,1379,1704,"MCKESSON"
100779,56640,870532,1,1,,50,0,0,,1,1,1,0,,,,0,0,1379,1704,"MCKESSON"
100592,56559,867780,1,0,,75,0,0,,1,1,0,0,,,,0,0,1381,1704,"MCKESSON"
100769,56627,870375,1,1,,85,0,0,,1,1,1,0,,,,0,0,1379,1704,"MCKESSON"
100767,56625,870356,1,0,,90,0,0,,1,1,1,0,,,,0,0,1379,1704,"MCKESSON"
100757,56623,870229,1,1,,90,0,0,,1,1,0,0,,,,0,0,1379,1704,"MCKESSON"
100758,56623,870230,1,1,,90,0,0,,1,1,0,0,,,,0,0,1379,1704,"MCKESSON"
100759,56623,870231,1,1,,90,0,0,,1,1,1,0,,,,0,0,1379,1704,"MCKESSON"
100760,56623,870232,1,0,,90,1,0,,1,1,1,0,,,,0,0,1379,1704,"MCKESSON"
100761,56623,870233,1,1,,90,0,0,,1,1,1,0,,,,0,0,1378,1704,"MCKESSON"
100762,56623,870234,1,0,,90,0,0,,1,1,1,0,,,,0,0,1379,1704,"MCKESSON"
101456,56745,877073,1,1,,70,0,0,,0,0,0,0,,,,0,0,1379,1704,"MCKESSON"
101457,56745,877074,1,1,,70,0,0,,1,0,1,0,,,,0,0,1379,1704,"MCKESSON"
101458,56745,877075,1,1,,75,1,0,,1,0,1,0,,,,0,0,1379,1704,"MCKESSON"
101440,56738,876866,1,0,,30,0,0,,1,1,1,0,,,,0,0,1379,1704,"MCKESSON"
101132,56693,873875,1,0,,95,0,0,,1,1,1,0,,,,0,0,1379,1704,"MCKESSON"
101159,56693,873902,1,0,,100,0,0,,1,1,1,0,,,,0,0,1379,1704,"MCKESSON"
101160,56693,873903,1,0,,,0,0,,0,1,0,0,,,,0,0,1379,1704,"MCKESSON"
101146,56693,873889,1,0,,90,0,0,,1,1,1,0,,,,0,0,1379,1704,"MCKESSON"
101150,56693,873893,1,0,,90,0,0,,0,1,1,1,"Pharmacy",,,0,0,1379,1704,"MCKESSON"
101151,56693,873894,1,0,,95,0,0,,1,1,1,0,,,,0,1,1379,1704,"MCKESSON"
101152,56693,873895,1,0,,95,0,0,,1,1,1,0,,,,0,1,1381,1704,"MCKESSON"
101153,56693,873896,1,0,,90,0,0,,1,1,1,0,,,,0,0,1380,1704,"MCKESSON"
101154,56693,873897,1,0,,90,0,0,,1,1,1,0,,,,0,1,1379,1704,"MCKESSON"
101133,56693,873876,1,0,,95,0,0,,1,1,1,0,,,,0,0,1379,1704,"MCKESSON"
101134,56693,873877,1,0,,95,0,0,,1,1,1,0,,,,0,0,1379,1704,"MCKESSON"
101135,56693,873878,1,0,,90,0,0,,1,1,1,0,,,,0,0,1379,1704,"MCKESSON"
101136,56693,873879,1,0,,95,0,0,,1,1,1,0,,,,0,0,1379,1704,"MCKESSON"
101137,56693,873880,1,0,,95,0,0,,1,1,1,0,,,,0,0,1379,1704,"MCKESSON"
101138,56693,873881,1,0,,95,0,0,,1,1,1,0,,,,0,0,1379,1704,"MCKESSON"
101139,56693,873882,1,0,,95,0,0,,1,1,1,0,,,,0,0,1379,1704,"MCKESSON"
101140,56693,873883,1,0,,75,0,0,,1,1,1,0,,,,0,0,1379,1704,"MCKESSON"
101141,56693,873884,1,0,,95,0,0,,1,1,1,0,,,,0,0,1379,1704,"MCKESSON"
101142,56693,873885,1,0,,95,0,0,,1,1,1,0,,,,0,0,1379,1704,"MCKESSON"
101143,56693,873886,1,0,,95,0,0,,1,1,1,0,,,,0,0,1379,1704,"MCKESSON"
101144,56693,873887,1,0,,95,0,0,,0,1,0,0,,,,0,0,1379,1704,"MCKESSON"
100708,56597,869454,1,1,">24 months",90,1,1,">24 months",1,1,0,0,,,,1,1,1379,1704,"MCKESSON"
100709,56597,869455,1,1,,90,0,0,,1,1,0,0,,,,0,0,1378,1704,"MCKESSON"
100688,56587,869043,1,0,,50,1,0,,1,1,1,1,"ICU, NICU",,,1,1,1381,1704,"MCKESSON"
100628,56574,868475,1,0,,90,0,0,,1,1,0,0,,,,0,0,1380,1704,"MCKESSON"
100574,56551,867525,1,0,,50,0,0,,1,1,1,0,,,,0,0,1378,1704,"MCKESSON"
100575,56552,867527,1,1,,100,0,0,,1,1,1,0,,,,0,0,1381,1704,"MCKESSON"
100544,56542,866872,1,1,,90,0,0,,1,1,1,0,,,,0,0,1379,1704,"MCKESSON"
100545,56542,866873,1,1,,90,0,0,,1,1,1,0,,,,0,0,1379,1704,"MCKESSON"
100546,56542,866874,1,1,,90,0,0,,1,0,0,0,,,,0,0,1379,1704,"MCKESSON"
100529,56537,866647,1,1,,85,0,0,,1,1,1,0,,,,0,0,1379,1704,"MCKESSON"
100530,56538,866716,1,1,,95,0,0,,1,1,1,0,,,,0,0,1380,1704,"MCKESSON"
100531,56538,866717,1,1,,90,0,0,,1,1,1,0,,,,0,0,1379,1704,"MCKESSON"
100532,56538,866718,1,1,,95,1,0,,1,1,1,0,,,,1,1,1380,1704,"MCKESSON"
100533,56538,866719,1,1,,95,0,0,,1,1,1,0,,,,1,1,1380,1704,"MCKESSON"
100534,56538,866720,1,1,,90,0,0,,1,1,1,1,"ICU, OB/GYN, PCU",,,0,0,1379,1704,"MCKESSON"
100577,56554,867573,1,1,"Within 12-24 months",90,1,0,,1,1,1,0,,,,0,0,1379,1704,"MCKESSON"
100578,56554,867574,1,1,"Within 12-24 months",80,1,0,,1,1,1,0,,,,0,0,1378,1704,"MCKESSON"
100579,56554,867575,1,0,,90,1,0,,1,1,1,0,,,,0,0,1379,1704,"MCKESSON"
100580,56554,867576,1,1,"Within 12-24 months",75,1,0,,1,1,1,0,,,,0,0,1378,1704,"MCKESSON"
100581,56554,867577,1,1,"Within 12-24 months",50,1,0,,1,1,1,0,,,,0,0,1379,1704,"MCKESSON"
100582,56554,867578,1,1,"Within 12-24 months",90,1,0,,1,1,1,0,,,,0,0,1378,1704,"MCKESSON"
100583,56554,867579,1,1,"Within 12-24 months",90,1,0,,1,1,1,0,,,,0,0,1379,1704,"MCKESSON"
100523,56536,866638,1,0,,70,0,0,,1,1,0,0,,,,0,0,1378,1704,"MCKESSON"
100525,56537,866643,1,1,,45,0,0,,1,1,1,0,,,,0,0,1379,1704,"MCKESSON"
100526,56537,866644,1,1,,95,1,0,,1,1,1,0,,,,0,0,1379,1704,"MCKESSON"
100527,56537,866645,1,1,,85,0,0,,1,1,1,0,,,,1,1,1379,1704,"MCKESSON"
100431,56499,865436,1,1,,50,0,0,,1,1,1,0,,,,0,0,1379,1704,"MCKESSON"
100432,56499,865437,1,1,,95,0,0,,1,1,1,0,,,,0,1,1379,1704,"MCKESSON"
100434,56501,865498,1,1,,80,0,0,,1,1,0,0,,,,0,0,1379,1704,"MCKESSON"
100435,56501,865499,1,1,,90,1,0,,1,1,1,0,,,,1,1,1379,1704,"MCKESSON"
100436,56501,865500,1,1,,90,1,0,,1,1,1,0,,,,1,1,1379,1704,"MCKESSON"
100437,56501,865501,1,1,,10,0,0,,0,1,0,0,,,,0,0,1379,1704,"MCKESSON"
100191,56337,861668,1,1,,50,0,0,,1,1,1,1,"ICU, MCH, Oncology",,,1,1,1381,1704,"MCKESSON"
100376,56475,864768,1,0,,90,1,0,,1,1,1,0,,,,0,1,1379,1704,"MCKESSON"
100427,56496,865382,1,1,">24 months",75,1,0,,1,1,1,1,"Orthopedics, Pediatrics, Urology",,,0,1,1381,1704,"MCKESSON"
99991,56464,859104,1,0,,80,1,0,,1,1,1,0,,,,0,1,1379,1704,"MCKESSON"
100273,56434,863022,1,1,"Within 12-24 months",15,0,1,">24 months",1,0,1,0,,,,0,0,1379,1704,"MCKESSON"
103024,56420,894274,1,0,,40,1,0,,1,1,1,0,,,,0,1,1379,1704,"MCKESSON"
100186,56333,861586,1,0,,50,0,0,,1,1,1,0,,,,0,0,1380,1704,"MCKESSON"
100128,56283,860662,1,1,,90,0,0,,1,1,1,0,,,,0,0,1381,1704,"MCKESSON"
100178,56325,861528,1,1,,90,0,0,,1,1,1,0,,,,0,0,1380,1704,"MCKESSON"
100179,56326,861551,1,0,,80,0,0,,1,1,1,0,,,,0,0,1378,1704,"MCKESSON"
100164,56312,861296,1,1,,95,1,0,,1,1,1,0,,,,1,1,1379,1704,"MCKESSON"
100120,56278,860565,1,1,"Within 12-24 months",80,0,0,,1,1,1,0,,,,0,0,1378,1704,"MCKESSON"
100121,56278,860566,1,1,"Within 12-24 months",80,1,0,,1,1,1,0,,,,0,0,1378,1704,"MCKESSON"
100122,56279,860616,1,0,,90,0,0,,1,1,1,0,,,,0,0,1379,1704,"MCKESSON"
100123,56279,860617,1,0,,90,0,0,,1,1,1,0,,,,0,0,1379,1704,"MCKESSON"
100106,56264,860434,0,0,,,0,0,,0,0,0,0,,,,0,0,1380,1704,"MCKESSON"
100095,56254,860364,1,1,"Within 12 months",90,0,0,,1,1,1,0,,,,0,0,1378,1704,"MCKESSON"
100062,56223,860022,1,1,,85,0,0,,1,1,1,0,,,,0,0,1379,1704,"MCKESSON"
100063,56223,860023,1,1,,75,0,0,,1,0,0,0,,,,0,0,1379,1704,"MCKESSON"
100031,56200,859435,1,1,,90,0,0,,1,1,0,1,"Hospice, ICU, NICU, PACU, SDS, Senior Behavioral, TCU",,,0,0,1381,1704,"MCKESSON"
100023,56194,859339,1,1,,100,0,0,,1,1,0,0,,,,0,0,1381,1704,"MCKESSON"
100015,56186,859279,0,0,,,0,0,,0,0,0,0,,,,0,0,1379,1704,"MCKESSON"
99979,56159,858976,1,0,,100,0,0,,1,1,1,0,,,,0,0,1379,1704,"MCKESSON"
99955,56139,858611,1,1,,85,0,0,,1,1,1,1,"ICU, OB/GYN",,,1,1,1381,1704,"MCKESSON"
99976,56156,858912,1,0,,,0,0,,1,1,1,0,,,,0,0,1379,1704,"MCKESSON"
99937,56123,858415,1,0,,95,0,0,,1,1,1,0,,,,0,0,1379,1704,"MCKESSON"
99928,56117,858303,1,1,,97,0,0,,1,1,1,1,"Ancillary Departments ",,,0,0,,1704,"MCKESSON"
99772,56038,856084,1,1,"Within 12-24 months",85,0,0,,1,1,1,1,"OB/GYN",,,0,0,1379,1704,"MCKESSON"
102844,56107,892162,1,0,,90,0,0,,1,1,1,0,,,,0,0,1379,1704,"MCKESSON"
99776,56042,856100,1,1,,55,0,0,,1,1,1,0,,,,0,0,1378,1704,"MCKESSON"
99757,56024,856011,1,1,,90,0,0,,1,1,0,1,"ICU",,,0,0,1378,1704,"MCKESSON"
99804,56049,856210,1,1,,100,0,0,,1,1,1,0,,,,0,0,1379,1704,"MCKESSON"
99764,56030,856044,0,0,,,0,0,,0,0,0,0,,,,0,0,1379,1704,"MCKESSON"
104225,57669,908295,0,0,,,0,0,,0,0,0,0,,,,0,0,,1704,"MCKESSON"
99752,56019,855966,1,1,"Within 12 months",80,1,0,,1,1,1,0,,,,1,1,1379,1704,"MCKESSON"
102838,56941,892156,1,0,,90,0,0,,1,1,1,0,,,,0,0,1379,1704,"MCKESSON"
102839,56941,892157,1,0,,90,0,0,,1,1,1,0,,,,0,0,1379,1704,"MCKESSON"
102840,56941,892158,1,0,,90,0,0,,1,1,1,0,,,,0,0,1379,1704,"MCKESSON"
102841,56941,892159,1,0,,90,0,0,,1,1,1,0,,,,0,0,1379,1704,"MCKESSON"
102842,56941,892160,1,0,,90,0,0,,1,1,1,0,,,,0,0,1379,1704,"MCKESSON"
102843,56941,892161,1,0,,90,0,0,,1,1,1,0,,,,0,0,1379,1704,"MCKESSON"
102845,56941,892163,1,0,,90,0,0,,1,1,1,0,,,,0,0,1379,1704,"MCKESSON"
102846,56941,892164,1,0,,90,0,0,,1,1,1,0,,,,0,0,1379,1704,"MCKESSON"
102847,56941,892165,1,0,,90,0,0,,1,1,1,0,,,,0,0,,1704,"MCKESSON"
102848,56941,892166,1,0,,90,0,0,,1,1,1,0,,,,0,0,1379,1704,"MCKESSON"
102849,56941,892167,1,0,,90,0,0,,1,1,1,0,,,,0,0,1379,1704,"MCKESSON"
102850,56941,892168,1,0,,90,0,0,,1,1,1,0,,,,0,0,,1704,"MCKESSON"
102851,56941,892169,1,0,,90,0,0,,1,1,1,0,,,,0,0,,1704,"MCKESSON"
102852,56941,892170,1,0,,90,0,0,,1,1,0,0,,,,0,0,,1704,"MCKESSON"
102853,56941,892171,1,0,,90,0,0,,1,1,1,0,,,,0,0,1379,1704,"MCKESSON"
101794,56926,881813,1,0,,95,0,0,,1,1,1,0,,,,0,0,1381,1704,"MCKESSON"
101829,56937,882923,1,1,,50,0,0,,1,1,1,0,,,,0,0,1379,1704,"MCKESSON"
101789,56926,881808,1,0,,75,0,0,,1,1,1,0,,,,0,0,1381,1704,"MCKESSON"
101790,56926,881809,1,0,,80,0,0,,1,1,1,0,,,,0,0,1381,1704,"MCKESSON"
101791,56926,881810,1,0,,98,0,0,,1,1,1,0,,,,0,0,1379,1704,"MCKESSON"
101792,56926,881811,1,0,,98,0,0,,1,1,1,0,,,,0,0,1379,1704,"MCKESSON"
101762,56907,881336,1,0,,90,0,0,,1,1,1,0,,,,0,0,,1704,"MCKESSON"
101744,56905,880674,1,1,,95,1,0,,1,1,1,0,,,"Within 12-24 months",1,1,1381,1704,"MCKESSON"
101757,56906,880754,1,1,,40,1,0,,0,1,1,0,,,,0,0,1379,1704,"MCKESSON"
101738,56903,880403,1,1,,90,1,0,,1,1,1,0,,,,1,1,1379,1704,"MCKESSON"
101739,56903,880404,1,1,,90,1,0,,1,1,1,0,,,,1,1,1379,1704,"MCKESSON"
101740,56903,880405,1,1,,60,0,0,,1,1,1,0,,,,0,0,1381,1704,"MCKESSON"
101741,56903,880406,1,1,,50,0,0,,1,1,1,0,,,,0,0,1381,1704,"MCKESSON"
101657,56877,879825,1,1,"Within 12-24 months",85,0,0,,1,1,0,1,"Infusion",,,0,0,1379,1704,"MCKESSON"
101701,56879,880004,1,1,,,0,0,,1,1,0,0,,,,0,0,,1704,"MCKESSON"
101702,56880,880051,0,0,,,0,0,,0,0,0,0,,,,0,0,,1704,"MCKESSON"
101583,56835,878887,1,1,,95,0,0,,0,1,1,0,,,,0,0,1381,1704,"MCKESSON"
101550,56808,878561,0,0,,,0,0,,0,0,0,0,,,,0,0,1379,1704,"MCKESSON"
101530,56792,878363,1,1,"Within 12 months",95,0,0,,1,0,0,0,,,,0,0,1380,1704,"MCKESSON"
101932,56964,884066,1,1,,100,1,0,,1,1,1,1,"Cancer Center",,,0,0,1379,1704,"MCKESSON"
101996,57002,884806,1,1,,90,0,0,,1,1,1,0,,,,0,1,1381,1704,"MCKESSON"
101956,56978,884346,1,1,,95,0,0,,1,1,1,0,,,,0,0,1381,1704,"MCKESSON"
101957,56978,884347,1,1,,90,0,0,,1,1,1,0,,,,0,0,1381,1704,"MCKESSON"
101958,56978,884348,1,1,,100,1,0,,1,1,1,0,,,,0,0,1381,1704,"MCKESSON"
101959,56978,884349,1,1,,95,0,0,,1,1,1,0,,,,0,0,1381,1704,"MCKESSON"
101960,56978,884350,1,1,,85,0,0,,1,1,1,0,,,,0,0,1381,1704,"MCKESSON"
101961,56978,884351,1,1,,95,0,0,,1,1,1,0,,,,0,0,1381,1704,"MCKESSON"
101962,56978,884352,1,1,,95,0,0,,1,1,1,0,,,,0,0,1381,1704,"MCKESSON"
101963,56978,884353,1,1,,96,0,0,,1,1,1,0,,,,0,0,1381,1704,"MCKESSON"
101964,56978,884354,1,1,,99,0,0,,1,1,1,0,,,,0,0,1380,1704,"MCKESSON"
101992,57001,884801,1,0,,85,0,0,,1,1,1,0,,,,0,0,1379,1704,"MCKESSON"
102140,57088,886539,1,0,,90,0,0,,1,0,0,0,,,,0,0,1378,1704,"MCKESSON"
102137,57085,886503,1,0,,75,0,0,,1,1,0,0,,,,0,0,,1704,"MCKESSON"
102134,57083,886483,0,0,,,0,0,,0,0,0,0,,,,0,0,1379,1704,"MCKESSON"
102124,57079,886347,0,0,,,0,0,,0,0,0,0,,,,0,0,1378,1704,"MCKESSON"
102106,57068,886040,1,1,,,0,0,,1,1,0,0,,,,0,0,1379,1704,"MCKESSON"
102094,57061,885900,1,1,,80,0,0,,1,1,1,0,,,,0,0,1379,1704,"MCKESSON"
102083,57052,885793,1,0,,80,0,0,,1,1,1,1,"OB/GYN",,,0,0,1378,1704,"MCKESSON"
102494,57095,888601,1,1,,99,0,0,,1,1,1,1,"ICU, OB/GYN",,,0,0,1380,1704,"MCKESSON"
102495,57095,888602,1,1,,95,0,0,,1,1,0,0,,,,0,0,1379,1704,"MCKESSON"
104084,57149,906732,1,0,,65,0,0,,1,1,1,1,"Addiction Recovery Unit, CVCU, ICU, PACU",,,0,0,1381,1704,"MCKESSON"
104085,57149,906733,1,0,,65,0,0,,1,1,1,0,,,,0,0,1381,1704,"MCKESSON"
104086,57149,906734,1,0,,50,0,0,,1,1,1,0,,,,0,0,1381,1704,"MCKESSON"
104087,57149,906735,1,0,,90,0,0,,1,1,1,0,,,,0,0,1381,1704,"MCKESSON"
104088,57149,906736,1,0,,98,0,0,,1,1,1,0,,,,0,0,1381,1704,"MCKESSON"
104089,57149,906737,1,0,,92,0,0,,1,1,0,0,,,,0,0,1381,1704,"MCKESSON"
104090,57149,906738,1,0,,96,0,0,,1,1,1,0,,,,0,0,1381,1704,"MCKESSON"
104091,57149,906739,1,0,,90,1,0,,1,1,1,0,,,,0,1,1381,1704,"MCKESSON"
104092,57149,906740,1,0,,98,0,0,,1,1,1,0,,,,0,0,1381,1704,"MCKESSON"
104093,57149,906741,1,0,,85,0,0,,1,1,1,0,,,,0,0,1381,1704,"MCKESSON"
104094,57149,906742,1,0,,90,0,0,,1,1,1,1,"CCU",,,0,0,1381,1704,"MCKESSON"
102553,57113,889832,1,0,,90,0,0,,1,1,0,0,,,,0,0,1379,1704,"MCKESSON"
102529,57100,889477,1,1,,100,0,0,,1,1,1,0,,,,0,0,1380,1704,"MCKESSON"
102530,57100,889478,1,1,,100,0,0,,1,1,1,0,,,,0,0,1380,1704,"MCKESSON"
102531,57100,889479,1,1,,85,0,0,,1,1,1,0,,,,0,0,1380,1704,"MCKESSON"
102532,57100,889480,1,1,,85,0,0,,1,1,0,0,,,,0,0,1381,1704,"MCKESSON"
103018,57197,893685,1,0,,90,0,0,,1,0,0,0,,,,0,0,1380,1704,"MCKESSON"
103019,57197,893686,1,0,,80,0,0,,1,1,1,0,,,,0,0,1380,1704,"MCKESSON"
103020,57197,893687,1,0,,95,0,0,,1,1,1,0,,,,0,0,1379,1704,"MCKESSON"
102906,57189,892522,1,0,,90,0,0,,1,1,1,0,,,,0,0,1381,1704,"MCKESSON"
102993,57197,893660,1,0,,80,0,0,,1,1,1,0,,,,0,0,1379,1704,"MCKESSON"
102837,57180,892071,1,1,,60,1,0,,1,1,1,0,,,,1,1,1381,1704,"MCKESSON"
102752,57178,891555,1,1,">24 months",80,0,0,,1,1,1,0,,,,0,0,1379,1704,"MCKESSON"
102687,57154,890903,1,1,,70,1,0,,1,1,1,0,,,,1,1,1379,1704,"MCKESSON"
102688,57155,890913,1,1,,90,0,0,,1,1,1,0,,,,0,0,1380,1704,"MCKESSON"
102689,57156,890929,0,0,,,0,0,,0,0,0,0,,,,0,0,1379,1704,"MCKESSON"
102681,57152,890844,1,0,,50,0,0,,1,1,0,0,,,,0,0,1378,1704,"MCKESSON"
102682,57152,890845,1,0,,40,0,0,,1,1,0,0,,,,0,0,1378,1704,"MCKESSON"
102683,57152,890846,1,1,,90,0,0,,1,1,1,0,,,,0,1,1378,1704,"MCKESSON"
102684,57152,890847,1,0,,85,1,1,,1,1,1,0,,,,1,1,1379,1704,"MCKESSON"
102685,57152,890848,1,1,,75,0,0,,1,1,0,0,,,,0,0,1380,1704,"MCKESSON"
102558,57117,889871,1,1,,85,0,0,,1,1,0,0,,,,0,0,1378,1704,"MCKESSON"
103869,57478,904247,1,1,,85,0,0,,1,1,1,0,,,,0,0,1379,1704,"MCKESSON"
103882,57485,904287,1,0,,97,0,0,,1,1,1,1,"ICU, OB/GYN",,,0,0,1380,1704,"MCKESSON"
103862,57471,904176,1,1,,25,0,0,,1,1,0,0,,,,0,0,1381,1704,"MCKESSON"
103859,57469,904158,1,1,,50,0,0,,1,1,1,1,"OB/GYN",,,0,0,1380,1704,"MCKESSON"
103825,57447,903836,0,0,,,0,0,,0,0,0,0,,,,0,0,1381,1704,"MCKESSON"
103910,57513,904614,1,1,,95,0,0,,1,1,0,0,,,,0,0,1379,1704,"MCKESSON"
103911,57513,904615,1,1,,98,0,0,,1,1,1,0,,,,1,1,1379,1704,"MCKESSON"
103912,57513,904616,1,1,,98,0,0,,1,1,1,0,,,,1,1,1379,1704,"MCKESSON"
103896,57499,904505,0,0,,,0,0,,0,0,0,0,,,,0,0,1378,1704,"MCKESSON"
103898,57502,904517,1,0,,98,0,0,,1,1,1,0,,,,0,0,1379,1704,"MCKESSON"
103875,57484,904274,0,0,,,0,0,,0,0,0,0,,,,0,0,1378,1704,"MCKESSON"
101705,57445,880074,1,1,,55,0,0,,0,1,1,0,,,,0,0,1379,1704,"MCKESSON"
103782,57408,903430,1,1,,85,0,0,,1,1,1,0,,,,0,0,1379,1704,"MCKESSON"
103783,57405,903448,1,1,,50,0,0,,1,1,1,0,,,,0,0,1379,1704,"MCKESSON"
103773,57399,903350,1,1,"Within 12-24 months",95,0,0,,1,1,1,0,,,"Within 12-24 months",1,1,1381,1704,"MCKESSON"
103774,57400,903359,1,1,"Within 12-24 months",85,0,0,,1,1,1,0,,,"Within 12-24 months",1,1,1381,1704,"MCKESSON"
104104,57594,907075,1,1,,100,0,0,,1,1,1,0,,,,0,0,1379,1704,"MCKESSON"
104105,57594,907076,1,1,,100,1,0,,1,1,1,0,,,,0,0,1379,1704,"MCKESSON"
104036,57581,906049,1,0,,75,0,0,,1,1,1,0,,,,1,1,1379,1704,"MCKESSON"
104063,57588,906398,1,1,,90,0,0,,1,1,1,0,,,,0,0,1378,1704,"MCKESSON"
104064,57588,906399,1,1,,95,0,0,,1,1,1,0,,,,0,0,1378,1704,"MCKESSON"
104032,57581,906045,1,1,,25,1,0,,1,1,0,0,,,,1,1,1379,1704,"MCKESSON"
104033,57581,906046,1,1,,25,0,0,,1,0,1,1,"Procedural areas",,,1,1,1379,1704,"MCKESSON"
103975,57561,905247,1,1,"Within 12-24 months",60,0,0,,1,1,0,0,,,,0,0,1379,1704,"MCKESSON"
103948,57542,905012,1,1,,100,0,0,,1,1,0,0,,,,0,0,1378,1704,"MCKESSON"
103949,57543,905015,1,1,,80,0,0,,1,1,0,1,"Ambulatory Clinic, Radiology",,,0,0,1381,1704,"MCKESSON"
103919,57520,904680,0,0,,,0,0,,0,0,0,0,,,,0,0,1378,1704,"MCKESSON"
103924,57524,904710,1,1,"Within 12-24 months",95,0,0,,1,1,1,0,,,"Within 12-24 months",1,1,1379,1704,"MCKESSON"
103931,57527,904787,0,0,,,0,0,,0,0,0,0,,,,0,0,1378,1704,"MCKESSON"
104245,57689,908506,1,1,,95,0,0,,1,1,0,0,,,,0,0,1381,1704,"MCKESSON"
104246,57689,908507,1,1,,95,0,0,,1,1,1,0,,,,0,0,1381,1704,"MCKESSON"
104224,57669,908294,1,1,,60,0,0,,0,0,0,0,,,,0,0,1378,1704,"MCKESSON"
104226,57669,908296,1,1,,85,0,0,,1,1,0,0,,,,0,0,1378,1704,"MCKESSON"
104263,57696,908621,1,0,,50,1,0,,1,1,1,0,,,,0,0,1379,1704,"MCKESSON"
104220,57664,908278,1,1,,,0,0,,0,0,0,0,,,,0,0,,1704,"MCKESSON"
104180,57645,907840,1,1,,80,0,0,,1,1,1,1,"OB/GYN",,,0,0,1381,1704,"MCKESSON"
104179,57646,907836,0,0,,,0,0,,0,0,0,0,,,,0,0,1379,1704,"MCKESSON"
104171,57638,907761,1,0,,100,1,0,,1,1,1,0,,,,0,1,1379,1704,"MCKESSON"
104067,57588,906402,1,1,,95,0,0,,1,1,1,0,,,,0,0,1378,1704,"MCKESSON"
104130,57605,907492,1,1,,80,0,0,,1,1,1,0,,,,0,0,1379,1704,"MCKESSON"
104325,57745,909393,1,1,,80,0,0,,1,1,1,0,,,,0,0,1379,1704,"MCKESSON"
104326,57750,909396,1,1,,95,0,0,,1,1,1,0,,,,0,0,1380,1704,"MCKESSON"
104327,57750,909397,1,1,,90,0,0,,1,1,1,0,,,,0,0,1381,1704,"MCKESSON"
104317,57744,909325,1,1,,80,0,0,,1,1,0,0,,,,0,0,1379,1704,"MCKESSON"
104308,57738,909101,1,1,,90,0,0,,1,1,1,0,,,,0,0,1380,1704,"MCKESSON"
104309,57738,909102,1,1,,90,0,0,,1,1,1,0,,,,0,0,1380,1704,"MCKESSON"
104310,57738,909103,1,1,,90,0,0,,1,1,1,0,,,,0,0,1380,1704,"MCKESSON"
104311,57738,909104,1,1,,90,0,0,,1,1,1,0,,,,0,0,1380,1704,"MCKESSON"
104312,57738,909105,1,1,,90,0,0,,1,1,1,0,,,,0,0,1380,1704,"MCKESSON"
104288,57718,908893,1,1,,95,0,0,,1,1,0,0,,,,0,0,1381,1704,"MCKESSON"
104279,57715,908826,1,0,,95,0,0,,1,1,0,0,,,,0,0,1379,1704,"MCKESSON"
104269,57707,908693,1,0,,60,0,0,,1,1,1,0,,,,0,1,1379,1704,"MCKESSON"
104270,57707,908694,1,0,,80,0,0,,1,1,1,0,,,,0,0,1379,1704,"MCKESSON"
104277,57712,908813,1,1,,50,0,0,,1,1,1,1,"ICU, OB/GYN",,,0,0,1381,1704,"MCKESSON"
104227,63952,908297,1,1,,,0,0,,0,0,0,0,,,,0,0,1378,1704,"MCKESSON"
105733,57590,937972,1,0,,90,0,0,,1,1,1,0,,,,0,0,1381,1704,"MCKESSON"
104854,57385,927887,1,1,,90,0,0,,1,1,1,0,,,,0,0,1379,1704,"MCKESSON"
104878,56107,928172,1,1,,75,0,0,,1,1,1,0,,,,0,0,1379,1704,"MCKESSON"
104423,56820,909729,1,1,,95,0,0,,1,1,1,0,,,,0,0,1380,1704,"MCKESSON"
104814,56907,926980,1,1,,25,1,0,,1,1,0,0,,,,0,0,1380,1704,"MCKESSON"
105531,57192,936030,1,0,,95,0,0,,1,1,0,0,,,,0,1,1381,1704,"MCKESSON"
104371,58432,909677,1,1,,90,0,0,,1,1,1,0,,,,0,1,1379,1704,"MCKESSON"
103699,63940,902590,1,1,"Within 12 months",83,0,0,,1,1,1,0,,,,0,0,1379,1704,"MCKESSON"
103993,63643,905412,1,1,,80,0,0,,1,1,0,0,,,,0,0,1378,1704,"MCKESSON"
101145,63733,873888,1,0,,100,0,0,,0,0,0,1,"Long Term Care",,,0,0,1379,1704,"MCKESSON"
101147,63733,873890,1,0,,100,0,0,,0,0,0,1,"Long Term Care",,,0,0,1379,1704,"MCKESSON"
101148,63733,873891,1,0,,100,0,0,,0,0,0,1,"Long Term Care",,,0,0,1379,1704,"MCKESSON"
101149,63733,873892,1,0,,100,0,0,,0,0,0,1,"Long Term Care",,,0,0,1379,1704,"MCKESSON"
101155,63733,873898,1,0,,100,0,0,,0,0,0,1,"Long Term Care",,,0,0,1379,1704,"MCKESSON"
101156,63733,873899,1,0,,100,0,0,,0,0,0,1,"Long Term Care",,,0,0,1379,1704,"MCKESSON"
101157,63733,873900,1,0,,100,0,0,,0,0,0,1,"Long Term Care",,,0,0,1379,1704,"MCKESSON"
101158,63733,873901,1,0,,100,0,0,,0,0,0,1,"Long Term Care",,,0,0,1379,1704,"MCKESSON"
104189,57654,907966,1,1,,,0,0,,0,0,0,0,,,,0,0,1379,1704,"MCKESSON"
103868,63434,904240,1,1,,95,0,0,,1,1,1,1,"CCU, ICU, OB/GYN",,,0,0,1381,1704,"MCKESSON"
103727,57395,902901,1,1,,95,0,0,,1,0,0,0,,,,0,0,1381,1704,"MCKESSON"
103728,57395,902902,1,1,,90,0,0,,0,0,1,0,,,,0,0,1380,1704,"MCKESSON"
103729,57395,902903,1,1,,100,0,0,,1,1,1,0,,,,0,0,1380,1704,"MCKESSON"
103730,57395,902904,1,1,,100,0,0,,1,1,1,0,,,,0,0,1380,1704,"MCKESSON"
103731,57395,902905,1,1,,100,0,0,,1,1,1,0,,,,0,0,1380,1704,"MCKESSON"
103732,57395,902906,1,1,,100,0,0,,1,1,1,0,,,,0,0,1380,1704,"MCKESSON"
103733,57395,902907,1,1,,98,0,0,,1,1,1,0,,,,0,0,1380,1704,"MCKESSON"
103734,57395,902908,1,1,,100,0,0,,1,1,1,0,,,,0,0,1380,1704,"MCKESSON"
103735,57395,902909,1,1,,100,0,0,,1,1,1,0,,,,0,0,1380,1704,"MCKESSON"
103736,57395,902910,1,1,,90,0,0,,1,1,1,0,,,,0,0,1380,1704,"MCKESSON"
103737,57395,902911,1,1,,90,0,0,,0,1,1,0,,,,0,0,1380,1704,"MCKESSON"
103738,57395,902912,1,1,,100,0,0,,1,1,1,0,,,,0,0,1380,1704,"MCKESSON"
103739,57395,902913,1,1,,80,0,0,,0,0,1,0,,,,0,0,,1704,"MCKESSON"
103740,57395,902914,1,1,,100,0,0,,1,0,0,0,,,,0,0,,1704,"MCKESSON"
103741,57395,902915,1,1,,95,0,0,,1,1,1,0,,,,0,0,1379,1704,"MCKESSON"
103717,57393,902608,1,0,,50,0,0,,1,0,0,0,,,,0,0,,1704,"MCKESSON"
103710,57393,902601,1,1,,95,0,0,,1,1,1,0,,,,0,0,1379,1704,"MCKESSON"
103711,57393,902602,1,1,"Within 12 months",90,0,0,,1,1,1,0,,,,0,0,1379,1704,"MCKESSON"
103712,57393,902603,1,1,"Within 12 months",50,0,0,,1,0,0,0,,,,0,0,1379,1704,"MCKESSON"
103713,57393,902604,1,1,,95,0,0,,1,1,1,0,,,,0,0,1380,1704,"MCKESSON"
103705,57393,902596,1,1,"Within 12 months",90,0,0,,1,1,1,0,,,,0,0,1379,1704,"MCKESSON"
103706,57393,902597,1,1,"Within 12 months",95,0,0,,1,1,1,0,,,,0,0,1379,1704,"MCKESSON"
103707,57393,902598,1,1,,90,0,0,,1,0,1,0,,,,0,0,1379,1704,"MCKESSON"
103708,57393,902599,1,1,"Within 12 months",90,0,0,,1,1,1,0,,,,0,0,1379,1704,"MCKESSON"
103692,57393,902583,1,1,,90,0,0,,1,0,1,0,,,,0,0,1379,1704,"MCKESSON"
103693,57393,902584,1,1,">24 months",90,0,0,,1,1,0,0,,,,0,0,1379,1704,"MCKESSON"
103694,57393,902585,1,1,,95,0,1,,1,1,1,0,,,,1,1,1379,1704,"MCKESSON"
103695,57393,902586,1,1,"Within 12 months",98,0,0,,1,1,1,0,,,,0,0,1379,1704,"MCKESSON"
103696,57393,902587,1,1,,95,0,0,,1,1,1,0,,,,0,0,1379,1704,"MCKESSON"
103697,57393,902588,1,1,,80,0,0,,1,1,1,0,,,,0,0,,1704,"MCKESSON"
103698,57393,902589,1,1,,100,0,0,,1,1,1,0,,,,0,0,1379,1704,"MCKESSON"
103700,57393,902591,1,1,,95,0,0,,0,1,1,0,,,,0,0,1379,1704,"MCKESSON"
103701,57393,902592,1,1,"Within 12 months",70,0,0,,1,1,0,0,,,,0,0,1379,1704,"MCKESSON"
103702,57393,902593,1,1,,95,0,0,,1,1,1,0,,,,0,0,1379,1704,"MCKESSON"
103703,57393,902594,1,1,"Within 12 months",85,0,0,,0,1,0,0,,,,0,0,1379,1704,"MCKESSON"
103690,57393,902581,1,1,,90,0,0,,1,1,1,0,,,,0,0,1379,1704,"MCKESSON"
103640,57380,901819,1,1,,95,0,0,,1,1,1,0,,,,0,0,1378,1704,"MCKESSON"
103634,57378,901702,1,1,,95,0,0,,1,1,1,0,,,,0,0,1378,1704,"MCKESSON"
103630,57376,901684,1,1,"Within 12 months",90,0,0,,0,0,0,0,,,,0,0,1379,1704,"MCKESSON"
103631,57377,901690,1,0,,80,0,0,,1,1,1,1,"Behavioral Health",,,0,0,1379,1704,"MCKESSON"
103602,57356,901491,1,0,,95,0,0,,1,1,0,0,,,,0,0,1378,1704,"MCKESSON"
103618,57370,901612,1,0,,50,0,0,,1,1,1,0,,,,0,0,1378,1704,"MCKESSON"
103616,57368,901601,0,0,,,0,0,,0,0,0,0,,,,0,0,1379,1704,"MCKESSON"
103613,57365,901583,1,0,,95,0,0,,1,1,1,0,,,,0,0,1379,1704,"MCKESSON"
103604,57358,901499,0,0,,,0,0,,0,0,0,0,,,,0,0,1378,1704,"MCKESSON"
103609,57362,901521,1,1,,,0,0,,1,0,0,0,,,,0,0,1379,1704,"MCKESSON"
103610,57362,901522,1,1,,85,0,0,,1,1,1,0,,,,0,0,1379,1704,"MCKESSON"
103611,57363,901547,1,1,,90,0,0,,0,1,0,0,,,,0,0,1378,1704,"MCKESSON"
103593,57350,901382,1,0,,95,0,0,,1,1,1,0,,,,0,0,1379,1704,"MCKESSON"
103586,57343,901306,1,1,,90,0,0,,0,1,1,0,,,,0,0,1379,1704,"MCKESSON"
103587,57344,901318,1,1,,95,1,0,,1,1,1,0,,,,0,0,1379,1704,"MCKESSON"
103588,57345,901353,1,0,,90,0,0,,0,1,0,0,,,,0,0,1379,1704,"MCKESSON"
103562,57324,901075,1,0,,99,0,0,,1,1,1,0,,,,0,0,1379,1704,"MCKESSON"
103563,57325,901083,1,1,,27,0,0,,1,1,1,0,,,,0,0,,1704,"MCKESSON"
103557,57319,901026,1,1,,50,0,0,,1,1,0,0,,,,0,0,1378,1704,"MCKESSON"
103559,57321,901035,1,1,,60,1,0,,1,1,1,0,,,,1,1,1379,1704,"MCKESSON"
103560,57322,901060,1,1,,70,0,0,,1,1,1,0,,,,0,0,1379,1704,"MCKESSON"
103535,57307,900894,1,1,"Within 12-24 months",95,0,0,,1,1,0,0,,,,0,0,1380,1704,"MCKESSON"
103555,57317,901021,0,0,,,0,0,,0,0,0,0,,,,0,0,1378,1704,"MCKESSON"
103517,57294,900754,0,0,,,0,0,,0,0,0,0,,,,0,0,1378,1704,"MCKESSON"
103472,57250,900468,1,0,,80,0,0,,1,1,1,0,,,,0,0,1379,1704,"MCKESSON"
103477,57254,900487,1,1,,50,0,0,,1,1,1,0,,,,0,0,1381,1704,"MCKESSON"
103469,57247,900440,1,0,,30,0,0,,1,0,0,0,,,,0,0,1379,1704,"MCKESSON"
103467,57245,900431,0,0,,,0,0,,0,0,0,0,,,,0,0,1378,1704,"MCKESSON"
102071,57242,885709,1,1,,95,0,0,,1,1,1,0,,,,0,0,1379,1704,"MCKESSON"
102072,57242,885710,1,1,,95,0,0,,1,1,1,0,,,,0,0,1379,1704,"MCKESSON"
103460,57241,900380,1,1,,80,0,0,,1,1,0,0,,,,0,0,1379,1704,"MCKESSON"
99836,57095,856964,1,0,,50,1,0,,0,1,1,0,,,,0,1,1380,1704,"MCKESSON"
103109,57204,895088,1,0,,95,0,0,,1,1,1,0,,,,1,1,1381,1704,"MCKESSON"
103250,57222,897445,1,1,,50,0,0,,1,1,0,0,,,,0,0,1379,1704,"MCKESSON"
103095,57203,894951,1,1,"Within 12 months",90,0,0,,1,1,1,0,,,,0,0,1381,1704,"MCKESSON"
103089,57203,894945,1,1,"Within 12 months",30,0,0,,1,0,1,1,"Inpatient, Neuro Clinic, Pain Clinic, Pre-Op, Post-Op",,,0,0,1381,1704,"MCKESSON"
103091,57203,894947,1,1,"Within 12 months",75,1,0,,1,1,1,0,,,,0,1,1381,1704,"MCKESSON"
103092,57203,894948,1,1,"Within 12 months",86,0,0,,1,1,1,1,"Dialysis, Endoscopy, Endovascular, ICU, OB/GYN, Psychiatry, SICU",,,0,0,1381,1704,"MCKESSON"
103093,57203,894949,1,1,"Within 12 months",93,0,0,,1,1,1,1,"Cath Lab, GI, ID Clinics, Nuclear Medicine, Renal, PACU, Pharmacy, Psychiatry",,,0,0,1381,1704,"MCKESSON"
103087,57202,894812,1,1,,60,0,0,,1,1,1,0,,,,0,0,1379,1704,"MCKESSON"
103085,57202,894810,1,1,,85,0,0,,1,1,1,0,,,,0,0,1379,1704,"MCKESSON"
103078,57202,894803,1,1,,95,0,0,,1,1,1,0,,,,0,0,1379,1704,"MCKESSON"
103079,57202,894804,1,1,,75,0,0,,1,1,1,0,,,,0,0,1379,1704,"MCKESSON"
103080,57202,894805,1,1,,75,0,0,,1,1,1,0,,,,0,0,1379,1704,"MCKESSON"
103081,57202,894806,1,1,,85,0,0,,1,1,1,0,,,,0,0,1379,1704,"MCKESSON"
103082,57202,894807,1,1,,75,0,0,,1,1,1,0,,,,0,0,1379,1704,"MCKESSON"
103083,57202,894808,1,1,,75,0,0,,1,1,1,0,,,,0,0,1379,1704,"MCKESSON"
103068,57202,894793,1,1,,90,0,0,,1,1,1,0,,,,0,0,1379,1704,"MCKESSON"
103069,57202,894794,1,0,,10,0,0,,0,1,0,0,,,,0,0,1381,1704,"MCKESSON"
103070,57202,894795,1,0,,50,0,0,,1,1,1,0,,,,0,0,,1704,"MCKESSON"
103074,57202,894799,1,1,,60,0,0,,1,1,1,0,,,,0,0,1379,1704,"MCKESSON"
103045,57202,894770,1,1,,90,0,0,,1,1,1,0,,,,0,0,1379,1704,"MCKESSON"
103046,57202,894771,1,1,,75,0,0,,1,1,1,0,,,,0,0,1379,1704,"MCKESSON"
103047,57202,894772,1,1,,90,0,0,,1,1,1,0,,,,0,0,,1704,"MCKESSON"
103048,57202,894773,1,1,,95,0,0,,1,1,1,0,,,,0,0,1378,1704,"MCKESSON"
103061,57202,894786,1,1,,75,0,0,,1,1,1,0,,,,0,0,1379,1704,"MCKESSON"
103062,57202,894787,1,1,,75,0,0,,1,1,1,0,,,,0,0,1379,1704,"MCKESSON"
103063,57202,894788,1,1,,75,0,0,,1,1,1,0,,,,0,0,1379,1704,"MCKESSON"
103064,57202,894789,1,1,,90,0,0,,1,1,1,0,,,,0,0,1380,1704,"MCKESSON"
103065,57202,894790,1,1,,95,0,0,,1,1,1,0,,,,0,0,,1704,"MCKESSON"
103066,57202,894791,1,1,,90,0,0,,0,1,1,0,,,,0,0,,1704,"MCKESSON"
103050,57202,894775,1,1,,70,0,0,,0,1,0,0,,,,0,0,1379,1704,"MCKESSON"
103051,57202,894776,1,1,,80,0,0,,1,1,1,0,,,,0,0,1379,1704,"MCKESSON"
103052,57202,894777,1,1,,90,0,0,,1,1,1,0,,,,0,0,1379,1704,"MCKESSON"
103053,57202,894778,1,1,,90,0,0,,1,1,1,0,,,,0,0,,1704,"MCKESSON"
103054,57202,894779,1,1,,90,0,0,,1,1,1,0,,,,0,0,,1704,"MCKESSON"
103055,57202,894780,1,1,,90,0,0,,1,1,1,0,,,,0,0,,1704,"MCKESSON"
103056,57202,894781,1,1,,85,1,0,,1,1,1,0,,,,0,0,1379,1704,"MCKESSON"
103057,57202,894782,1,1,,,0,0,,1,1,1,0,,,,0,0,,1704,"MCKESSON"
103058,57202,894783,1,1,,90,0,0,,1,1,1,0,,,,0,0,1379,1704,"MCKESSON"
103059,57202,894784,1,1,,90,0,0,,1,1,1,0,,,,0,0,1379,1704,"MCKESSON"
105605,63842,936684,0,0,,,0,0,,0,0,0,0,,,,0,0,1378,1704,"MCKESSON"
105598,63838,936636,1,1,,95,0,0,,1,1,1,0,,,,0,0,,1704,"MCKESSON"
105575,63826,936401,0,0,,,0,0,,0,0,0,0,,,,0,0,1379,1704,"MCKESSON"
105435,63761,935044,1,1,"Within 12 months",95,0,0,,1,1,1,1,"OB/GYN",,,0,0,1379,1704,"MCKESSON"
105584,63830,936425,1,0,,80,0,0,,1,1,1,0,,,,0,0,1379,1704,"MCKESSON"
105585,63830,936426,1,0,,40,0,0,,1,1,1,0,,,,0,0,1379,1704,"MCKESSON"
105586,63830,936427,1,0,,50,0,0,,0,1,1,0,,,,0,0,1379,1704,"MCKESSON"
105587,63830,936428,1,0,,90,0,0,,1,1,1,0,,,,0,0,1379,1704,"MCKESSON"
105588,63830,936429,1,0,,80,0,0,,1,1,1,0,,,,0,0,1379,1704,"MCKESSON"
105555,63812,936241,1,1,,100,0,0,,1,1,1,0,,,,0,0,1379,1704,"MCKESSON"
105556,63812,936242,1,1,,100,0,0,,1,1,1,0,,,,0,0,1379,1704,"MCKESSON"
105557,63812,936243,1,1,,100,0,0,,1,1,1,0,,,,0,0,1379,1704,"MCKESSON"
105558,63812,936244,1,1,,100,0,0,,1,1,1,0,,,,0,0,1378,1704,"MCKESSON"
105559,63812,936245,1,1,,90,0,0,,1,1,1,0,,,,0,0,1379,1704,"MCKESSON"
105560,63812,936246,1,1,,60,0,0,,0,0,1,0,,,,0,0,1379,1704,"MCKESSON"
105550,63812,936236,1,1,,100,0,0,,1,1,1,0,,,,0,0,1379,1704,"MCKESSON"
105551,63812,936237,1,1,,100,0,0,,1,1,1,0,,,,0,0,1379,1704,"MCKESSON"
105552,63812,936238,1,1,,100,0,0,,1,1,1,0,,,,0,0,1378,1704,"MCKESSON"
105553,63812,936239,1,1,,100,0,0,,1,1,0,0,,,,0,0,1379,1704,"MCKESSON"
105491,63771,935646,1,0,,90,0,0,,1,1,1,0,,,,0,0,1381,1704,"MCKESSON"
105431,63761,935040,1,0,,80,0,0,,1,1,1,1,"Nursing",,,0,0,1379,1704,"MCKESSON"
105432,63761,935041,1,0,,95,0,0,,1,1,1,0,,,,0,0,1378,1704,"MCKESSON"
105433,63761,935042,1,0,,90,0,0,,1,1,1,0,,,,0,0,1379,1704,"MCKESSON"
105301,63691,933239,1,1,,,0,0,,0,0,0,0,,,,0,0,1378,1704,"MCKESSON"
105344,63720,933695,1,1,,95,0,0,,1,1,1,1,"OB/GYN",,,0,0,1378,1704,"MCKESSON"
105342,63718,933686,1,1,,90,0,0,,1,1,1,0,,,,0,0,1379,1704,"MCKESSON"
105318,63706,933325,1,0,,90,0,0,,1,1,1,1,"ICU, OB/GYN, PACU, Pain Center",,,0,0,1380,1704,"MCKESSON"
105319,63707,933337,1,1,,100,0,0,,1,1,1,0,,,,1,1,1379,1704,"MCKESSON"
105268,63669,932736,1,0,,85,0,0,,1,1,1,0,,,,0,0,1378,1704,"MCKESSON"
105258,63662,932665,1,1,,99,0,0,,1,1,0,0,,,,0,0,1379,1704,"MCKESSON"
105249,63653,932566,1,1,,80,0,0,,0,1,1,0,,,,0,0,1378,1704,"MCKESSON"
105246,63648,932548,0,0,,,0,0,,0,0,0,0,,,,0,0,1380,1704,"MCKESSON"
105139,63600,930876,1,1,,95,0,0,,1,1,1,0,,,,0,0,1379,1704,"MCKESSON"
105074,63564,930496,1,1,,50,0,0,,1,1,1,0,,,,0,0,1378,1704,"MCKESSON"
105148,63606,931230,1,1,">24 months",76,0,0,,1,1,0,0,,,,0,0,1379,1704,"MCKESSON"
105134,63599,930840,1,0,,50,0,0,,1,1,1,0,,,,0,0,1379,1704,"MCKESSON"
105135,63599,930841,1,0,,,0,0,,1,1,1,0,,,,0,0,1379,1704,"MCKESSON"
105136,63599,930842,1,1,,75,0,0,,1,1,1,0,,,,0,0,1379,1704,"MCKESSON"
105137,63599,930843,1,0,,80,0,0,,1,1,1,0,,,,0,0,1379,1704,"MCKESSON"
105085,63575,930542,1,1,,95,0,0,,0,1,0,0,,,,0,0,1378,1704,"MCKESSON"
105042,63534,930186,1,0,,90,0,0,,1,1,1,0,,,,0,0,1381,1704,"MCKESSON"
105081,63571,930523,1,1,,90,0,0,,1,1,1,0,,,,0,0,1378,1704,"MCKESSON"
105036,63528,930158,0,0,,,0,0,,0,0,0,0,,,,0,0,1378,1704,"MCKESSON"
105034,63526,930150,1,1,,95,0,0,,1,1,1,0,,,,0,0,1378,1704,"MCKESSON"
105029,63521,930129,1,1,,95,0,0,,1,1,1,1,"PACU",,,0,0,1378,1704,"MCKESSON"
105007,63503,929892,1,1,,50,0,0,,1,1,1,0,,,,0,0,1379,1704,"MCKESSON"
104992,63497,929766,1,1,,90,0,0,,0,1,0,0,,,,0,0,1379,1704,"MCKESSON"
104909,63445,928806,1,0,,95,0,0,,1,1,1,0,,,,0,0,,1704,"MCKESSON"
104910,63445,928807,1,0,,95,0,0,,1,1,1,0,,,,0,0,,1704,"MCKESSON"
104911,63445,928808,1,0,,95,0,0,,1,1,1,0,,,,0,0,,1704,"MCKESSON"
104956,63465,929406,1,0,,80,0,0,,1,1,1,0,,,,0,0,1379,1704,"MCKESSON"
104957,63465,929407,1,0,,80,0,0,,1,1,1,0,,,,0,0,1379,1704,"MCKESSON"
104965,63475,929486,1,1,"Within 12 months",90,0,0,,1,1,1,0,,,,0,0,1379,1704,"MCKESSON"
104966,63475,929487,1,1,"Within 12 months",90,0,0,,1,1,1,0,,,,0,1,1379,1704,"MCKESSON"
104314,57740,909310,1,1,,80,0,0,,1,0,0,0,,,,0,0,1378,1704,"MCKESSON"
104401,63448,909707,1,1,,90,0,0,,1,1,1,0,,,,0,0,1379,1704,"MCKESSON"
104813,58432,912853,1,1,"Within 12 months",90,0,0,,1,1,1,0,,,,0,1,1379,1704,"MCKESSON"
104458,58432,909764,1,1,,75,0,0,,1,1,0,0,,,,0,0,1378,1704,"MCKESSON"
104460,58432,909766,1,0,,90,1,0,,1,1,1,1,"Outpatient Departments",,,0,0,1380,1704,"MCKESSON"
104461,58432,909767,1,0,,80,0,0,,1,1,1,1,"Outpatient Departments",,,0,0,1380,1704,"MCKESSON"
104462,58432,909768,1,1,,80,0,0,,1,1,1,1,"Outpatient Departments",,,0,0,1380,1704,"MCKESSON"
104463,58432,909769,1,0,,70,0,0,,1,1,1,1,"Outpatient Departments",,,0,0,1380,1704,"MCKESSON"
104456,58432,909762,1,1,,45,0,0,,1,1,1,0,,,"Within 12 months",1,0,1381,1704,"MCKESSON"
104424,58432,909730,1,1,,90,0,0,,1,1,1,0,,,,0,0,1379,1704,"MCKESSON"
104425,58432,909731,1,1,"Within 12-24 months",80,0,0,,0,1,0,0,,,,0,0,1379,1704,"MCKESSON"
104520,58434,911357,0,0,,,0,0,,0,0,0,0,,,,0,0,,1704,"MCKESSON"
104452,58432,909758,1,1,,85,0,0,,1,1,1,0,,,,0,0,1380,1704,"MCKESSON"
104453,58432,909759,1,0,,80,0,0,,1,1,1,0,,,,0,1,1381,1704,"MCKESSON"
104454,58432,909760,1,1,,100,0,0,,1,1,1,0,,,,0,0,1381,1704,"MCKESSON"
104447,58432,909753,1,1,,75,0,0,,1,1,1,0,,,,0,0,1379,1704,"MCKESSON"
104448,58432,909754,1,1,,45,1,0,,1,1,1,0,,,"Within 12 months",1,0,1379,1704,"MCKESSON"
104449,58432,909755,1,0,,75,0,0,,1,1,1,1,"Ancillary departments, Outpatient Surgery",,,1,1,1381,1704,"MCKESSON"
104413,58432,909719,1,1,,90,0,0,,1,1,1,1,"Cardiac Cath-Lab, CCU",,,0,0,1381,1704,"MCKESSON"
104419,58432,909725,1,1,,90,0,0,,0,1,0,0,,,,0,0,1379,1704,"MCKESSON"
104420,58432,909726,1,1,,40,0,0,,0,1,0,0,,,,0,0,1380,1704,"MCKESSON"
104421,58432,909727,1,1,,40,0,0,,0,1,0,0,,,,0,0,1380,1704,"MCKESSON"
104415,58432,909721,1,1,,90,0,0,,1,0,0,0,,,,0,0,1381,1704,"MCKESSON"
104416,58432,909722,1,0,,90,0,0,,1,1,1,0,,,,0,0,1378,1704,"MCKESSON"
104431,58432,909737,1,0,,90,0,0,,1,1,1,0,,,,0,0,1381,1704,"MCKESSON"
104432,58432,909738,1,1,,90,0,0,,1,1,1,1,"GeroPsych",,,0,0,1379,1704,"MCKESSON"
104433,58432,909739,1,1,,95,0,0,,1,1,1,0,,,,0,0,1381,1704,"MCKESSON"
104434,58432,909740,1,1,,75,0,0,,1,1,0,0,,,,0,0,1379,1704,"MCKESSON"
104435,58432,909741,1,0,,90,0,0,,1,1,1,1,"Outpatient Departments",,,0,0,1380,1704,"MCKESSON"
104436,58432,909742,1,0,,90,0,0,,1,1,1,0,,,,0,0,1378,1704,"MCKESSON"
104437,58432,909743,1,0,,80,0,0,,1,1,1,0,,,,0,0,1379,1704,"MCKESSON"
104438,58432,909744,1,0,,90,0,0,,1,1,1,0,,,,0,0,1378,1704,"MCKESSON"
104439,58432,909745,1,0,,90,0,0,,1,1,1,0,,,,0,0,1378,1704,"MCKESSON"
104440,58432,909746,0,0,,,0,0,,0,0,0,0,,,,0,0,1378,1704,"MCKESSON"
104441,58432,909747,1,1,"Within 12 months",80,0,0,,1,1,1,0,,,,0,0,1379,1704,"MCKESSON"
104442,58432,909748,1,1,,80,0,0,,0,1,1,0,,,,0,0,1379,1704,"MCKESSON"
104443,58432,909749,1,0,,85,0,0,,1,1,1,0,,,,0,0,1380,1704,"MCKESSON"
104411,58432,909717,1,1,,90,0,0,,1,0,0,1,"Psychiatric Unit",,,0,0,1381,1704,"MCKESSON"
104400,58432,909706,1,1,,90,1,0,,1,1,1,0,,,,0,0,1381,1704,"MCKESSON"
104405,58432,909711,1,0,,90,1,0,,1,1,1,1,"Cardiac Cath-Lab",,,1,1,1381,1704,"MCKESSON"
104406,58432,909712,1,1,,90,0,0,,1,1,1,1,"Cardiac Cath-Lab, CCU",,,1,1,1381,1704,"MCKESSON"
104407,58432,909713,1,0,,100,0,0,,1,1,1,1,"Cancer Center, Cardiac Cath-Lab, Radiology",,,0,0,1380,1704,"MCKESSON"
104408,58432,909714,1,1,,90,0,0,,1,1,1,1,"Anesthesia, Cardiac Cath-Lab, ICU, Pedatrics",,,0,0,1378,1704,"MCKESSON"
104409,58432,909715,1,1,,95,0,0,,1,1,0,0,,,,0,0,1378,1704,"MCKESSON"
104392,58432,909698,1,1,"Within 12 months",45,0,0,,1,1,1,0,,,,0,1,1379,1704,"MCKESSON"
104396,58432,909702,1,1,,95,0,0,,1,1,0,0,,,,0,0,1379,1704,"MCKESSON"
104389,58432,909695,1,0,,85,0,0,,1,1,1,0,,,,0,0,1381,1704,"MCKESSON"
104390,58432,909696,1,1,,45,1,0,,1,1,1,0,,,"Within 12 months",1,1,1379,1704,"MCKESSON"
104387,58432,909693,1,1,,50,1,0,,1,1,1,0,,,,0,0,1381,1704,"MCKESSON"
104383,58432,909689,1,1,,95,0,0,,1,0,0,0,,,,0,0,1379,1704,"MCKESSON"
104384,58432,909690,1,1,,30,0,0,,0,0,0,0,,,,0,0,,1704,"MCKESSON"
104385,58432,909691,1,1,,96,0,0,,1,1,1,0,,,,1,1,1379,1704,"MCKESSON"
104380,58432,909686,1,1,,100,0,0,,1,1,1,1,"Radiology",,,0,0,1379,1704,"MCKESSON"
104362,58432,909668,1,1,"Within 12-24 months",100,0,0,,1,1,1,1,"Radiology",,,0,0,1379,1704,"MCKESSON"
104366,58432,909672,1,0,,95,0,0,,1,1,0,0,,,,0,0,1381,1704,"MCKESSON"
104367,58432,909673,1,1,,96,0,0,,1,1,1,0,,,,0,0,1379,1704,"MCKESSON"
104372,58432,909678,1,1,,100,0,0,,1,1,1,1,"Radiology",,,0,0,1379,1704,"MCKESSON"
104373,58432,909679,1,1,,100,0,0,,1,1,1,1,"Radiology",,,0,0,1379,1704,"MCKESSON"
104374,58432,909680,1,0,,96,0,0,,1,1,0,0,,,,0,0,1381,1704,"MCKESSON"
104375,58432,909681,1,1,,96,0,0,,1,1,1,0,,,,0,0,1379,1704,"MCKESSON"
104376,58432,909682,1,0,,85,0,0,,1,1,0,0,,,,0,0,1380,1704,"MCKESSON"
104377,58432,909683,1,1,,95,0,0,,1,1,1,0,,,,0,0,1379,1704,"MCKESSON"
104360,58432,909666,1,0,,95,0,0,,1,1,1,0,,,,0,0,1380,1704,"MCKESSON"
104343,57758,909471,1,0,,75,0,0,,1,0,1,0,,,,0,0,,1704,"MCKESSON"
104352,58432,909658,1,1,,90,0,0,,1,0,0,0,,,,1,1,1379,1704,"MCKESSON"
104353,58432,909659,1,0,,90,0,0,,1,1,1,0,,,,0,0,1379,1704,"MCKESSON"
104354,58432,909660,1,1,,80,0,0,,1,1,1,0,,,,0,0,1379,1704,"MCKESSON"
104355,58432,909661,1,1,"Within 12 months",90,0,0,,1,1,1,0,,,,0,0,1378,1704,"MCKESSON"
104356,58432,909662,1,1,,30,0,0,,1,1,1,0,,,,0,0,,1704,"MCKESSON"
104357,58432,909663,1,1,,30,0,0,,1,1,1,0,,,,0,0,1381,1704,"MCKESSON"
104349,58432,909655,1,0,,90,0,0,,1,1,1,0,,,,0,1,1381,1704,"MCKESSON"
104339,57757,909449,0,0,,,0,0,,0,0,0,0,,,,0,0,1379,1704,"MCKESSON"
104336,57757,909446,0,0,,,0,0,,0,0,0,0,,,,0,0,1378,1704,"MCKESSON"
105865,63925,939882,1,1,"Within 12 months",90,1,0,,1,1,1,0,,,"Within 12 months",1,1,1379,1704,"MCKESSON"
105741,63895,938026,1,1,,95,0,0,,1,1,1,0,,,,0,0,1379,1704,"MCKESSON"
105738,63892,937998,1,1,,100,0,0,,1,1,1,0,,,,0,0,1378,1704,"MCKESSON"
105739,63893,938002,1,1,,95,0,0,,1,1,1,1,"Anesthesia, OB/GYN",,,0,0,1379,1704,"MCKESSON"
105677,63862,937297,1,1,,100,0,0,,1,1,1,0,,,,0,0,1378,1704,"MCKESSON"
105678,63863,937299,1,0,,85,1,0,,1,1,1,1,"OB/GYN, Pediatric",,,0,0,1379,1704,"MCKESSON"
99942,56128,858462,1,0,,99,0,0,,1,1,1,0,,,,0,0,1379,1902,"HENRY SCHEIN MEDICAL"
99943,56128,858463,1,0,,99,0,0,,1,1,1,0,,,,0,0,1379,1902,"HENRY SCHEIN MEDICAL"
99956,56140,858649,1,1,,75,0,0,,1,1,1,1,"Nursing",,,0,0,1379,1902,"HENRY SCHEIN MEDICAL"
99958,56142,858682,1,0,,90,0,0,,1,1,1,0,,,,0,1,1381,8403,"MORRIS & DICKSON CO. LLC"
100055,56220,859798,1,0,,90,0,0,,1,1,1,0,,,,0,0,1378,8403,"MORRIS & DICKSON CO. LLC"
100446,56506,865677,1,0,,93,0,0,,1,1,1,0,,,,0,0,1379,8403,"MORRIS & DICKSON CO. LLC"
100447,56506,865678,1,0,,93,0,0,,1,1,0,0,,,,0,0,1379,8403,"MORRIS & DICKSON CO. LLC"
100448,56506,865679,1,0,,93,0,0,,1,0,0,0,,,,0,0,1379,8403,"MORRIS & DICKSON CO. LLC"
100449,56506,865680,0,0,,,0,0,,0,0,0,0,,,,0,0,1379,8403,"MORRIS & DICKSON CO. LLC"
100450,56506,865681,1,0,,95,0,0,,1,1,1,0,,,,0,0,1379,8403,"MORRIS & DICKSON CO. LLC"
100451,56506,865682,1,0,,93,0,0,,1,1,1,0,,,,0,0,1379,8403,"MORRIS & DICKSON CO. LLC"
100452,56506,865683,1,0,,90,1,0,,1,1,1,0,,,,0,1,1379,8403,"MORRIS & DICKSON CO. LLC"
100453,56506,865684,1,0,,93,0,0,,1,1,1,0,,,,0,0,1379,8403,"MORRIS & DICKSON CO. LLC"
100454,56506,865685,1,0,,93,1,0,,1,1,1,0,,,,0,1,1379,8403,"MORRIS & DICKSON CO. LLC"
100605,56564,867994,1,1,,95,0,0,,1,1,1,0,,,,0,0,1378,8403,"MORRIS & DICKSON CO. LLC"
101161,56693,873904,1,0,,90,0,0,,1,1,1,0,,,,0,1,1379,8403,"MORRIS & DICKSON CO. LLC"
101162,56693,873905,1,0,,95,0,0,,1,1,1,0,,,,0,0,1379,8403,"MORRIS & DICKSON CO. LLC"
101163,56693,873906,1,0,,100,0,0,,1,1,1,0,,,,0,0,1379,8403,"MORRIS & DICKSON CO. LLC"
101422,56731,876609,1,1,,100,0,0,,1,1,1,0,,,,0,0,1379,8403,"MORRIS & DICKSON CO. LLC"
101423,56731,876610,1,1,,90,0,0,,1,1,0,0,,,,0,0,1379,8403,"MORRIS & DICKSON CO. LLC"
101444,56740,876889,1,0,,90,0,0,,1,1,1,0,,,,0,0,1381,8403,"MORRIS & DICKSON CO. LLC"
101445,56740,876890,1,0,,90,0,0,,1,1,1,0,,,,0,0,1381,8403,"MORRIS & DICKSON CO. LLC"
101426,56731,876613,1,1,,100,0,0,,1,1,1,0,,,,0,0,,8403,"MORRIS & DICKSON CO. LLC"
100850,56658,871425,1,1,"Within 12 months",100,0,0,,1,1,1,0,,,,0,0,1379,8403,"MORRIS & DICKSON CO. LLC"
100851,56658,871426,1,1,"Within 12 months",,0,0,,0,0,1,0,,,,0,0,1379,8403,"MORRIS & DICKSON CO. LLC"
100852,56658,871427,1,1,"Within 12 months",50,0,0,,0,1,0,0,,,,0,0,,8403,"MORRIS & DICKSON CO. LLC"
100853,56658,871428,1,0,,85,0,0,,1,1,1,0,,,,0,0,1379,8403,"MORRIS & DICKSON CO. LLC"
100854,56658,871429,1,1,"Within 12 months",,0,0,,1,1,1,0,,,,0,0,1379,8403,"MORRIS & DICKSON CO. LLC"
100855,56658,871430,1,1,"Within 12 months",85,0,0,,1,0,0,1,"Psychiatric Unit",,,0,0,1379,8403,"MORRIS & DICKSON CO. LLC"
100856,56658,871431,1,1,"Within 12 months",40,0,0,,1,1,1,0,,,,0,0,1379,8403,"MORRIS & DICKSON CO. LLC"
102048,57029,885495,1,1,,80,1,0,,1,1,1,0,,,,1,1,1379,8403,"MORRIS & DICKSON CO. LLC"
102049,57029,885496,1,1,,80,1,0,,1,1,1,0,,,,1,1,1379,8403,"MORRIS & DICKSON CO. LLC"
102107,57069,886043,1,1,,95,0,0,,1,0,0,0,,,,0,0,1378,8403,"MORRIS & DICKSON CO. LLC"
101578,56830,878858,0,0,,,0,0,,0,0,0,0,,,,0,0,1380,8403,"MORRIS & DICKSON CO. LLC"
101736,56902,880365,1,1,,85,0,0,,0,1,1,0,,,,1,1,1378,8403,"MORRIS & DICKSON CO. LLC"
101737,56902,880366,1,1,,85,0,0,,0,1,1,0,,,,1,1,1378,8403,"MORRIS & DICKSON CO. LLC"
104835,63430,927457,1,1,,,0,0,,1,1,1,0,,,,1,1,1379,8403,"MORRIS & DICKSON CO. LLC"
104836,63430,927458,1,1,,85,0,0,,1,1,1,0,,,,1,1,1379,8403,"MORRIS & DICKSON CO. LLC"
104833,63430,927455,1,1,,85,0,0,,1,1,1,0,,,,1,1,1379,8403,"MORRIS & DICKSON CO. LLC"
104837,63434,927459,1,1,,90,0,0,,1,1,1,1,"ICU",,,0,0,,8403,"MORRIS & DICKSON CO. LLC"
104993,63498,929771,1,0,,60,0,0,,1,1,1,0,,,,0,0,1379,8403,"MORRIS & DICKSON CO. LLC"
104987,63492,929717,1,0,,85,0,0,,1,1,1,0,,,,0,0,1380,8403,"MORRIS & DICKSON CO. LLC"
104990,63495,929759,0,0,,,0,0,,0,0,0,0,,,,0,0,1378,8403,"MORRIS & DICKSON CO. LLC"
104991,63496,929764,1,1,,,0,0,,1,1,0,0,,,,0,0,1379,8403,"MORRIS & DICKSON CO. LLC"
104976,63484,929610,1,1,,100,0,0,,1,0,0,0,,,,0,0,1378,8403,"MORRIS & DICKSON CO. LLC"
105245,63650,932516,1,0,,90,0,0,,1,1,1,0,,,,0,0,1379,8403,"MORRIS & DICKSON CO. LLC"
105577,63828,936414,1,1,,90,0,0,,1,1,0,0,,,,0,0,1379,8403,"MORRIS & DICKSON CO. LLC"
105524,63794,935973,1,0,,80,0,0,,1,1,1,0,,,,0,0,1381,8403,"MORRIS & DICKSON CO. LLC"
105656,63849,937188,1,1,,90,0,0,,1,0,0,0,,,,0,0,1379,8403,"MORRIS & DICKSON CO. LLC"
101502,57208,878074,1,1,,80,0,0,,1,1,1,0,,,,0,0,1378,8403,"MORRIS & DICKSON CO. LLC"
103668,57390,902280,1,1,,80,0,0,,1,1,1,0,,,,1,1,1381,8403,"MORRIS & DICKSON CO. LLC"
103669,57390,902281,1,1,,100,0,0,,1,1,0,0,,,,0,0,1381,8403,"MORRIS & DICKSON CO. LLC"
103670,57390,902282,1,1,,95,0,0,,1,1,1,0,,,,0,0,1379,8403,"MORRIS & DICKSON CO. LLC"
104266,57706,908666,1,0,,60,0,0,,1,1,0,0,,,,0,0,1379,8403,"MORRIS & DICKSON CO. LLC"
104274,57714,908806,1,1,,95,0,0,,1,1,1,0,,,,0,0,1379,8403,"MORRIS & DICKSON CO. LLC"
103802,57425,903632,1,1,,85,1,0,,1,1,1,0,,,,1,1,1379,8403,"MORRIS & DICKSON CO. LLC"
103893,57497,904470,1,1,,50,0,0,,1,1,0,0,,,,0,0,1381,8403,"MORRIS & DICKSON CO. LLC"
105770,63917,938286,1,0,,75,0,0,,1,1,1,0,,,,0,0,1379,8403,"MORRIS & DICKSON CO. LLC"
105771,63917,938287,1,0,,75,0,0,,1,0,1,0,,,,0,0,1379,8403,"MORRIS & DICKSON CO. LLC"
105892,63927,939945,1,0,,95,0,0,,1,0,1,0,,,,1,1,1381,8403,"MORRIS & DICKSON CO. LLC"
106971,63999,942957,1,1,"Within 12-24 months",85,0,0,,1,1,1,1,"CCU",,"Within 12-24 months",1,1,1378,8403,"MORRIS & DICKSON CO. LLC"
106965,63999,942951,1,1,,80,1,0,,1,1,1,0,,,"Within 12-24 months",1,1,1381,8403,"MORRIS & DICKSON CO. LLC"
106966,63999,942952,1,1,,80,0,0,,1,1,1,0,,,,0,0,1381,8403,"MORRIS & DICKSON CO. LLC"
106967,63999,942953,1,1,"Within 12 months",85,1,1,,1,1,1,1,"CCU",,"Within 12 months",1,1,1381,8403,"MORRIS & DICKSON CO. LLC"
106968,63999,942954,1,1,,85,0,1,"Within 12-24 months",1,1,1,1,"CCU",,"Within 12 months",1,1,1378,8403,"MORRIS & DICKSON CO. LLC"
105826,63922,938480,1,0,,80,0,0,,1,1,1,0,,,,0,0,1379,10991,"CARDINAL HEALTH INC."
105688,63870,937461,1,0,,90,0,0,,1,0,0,0,,,,0,0,1379,10991,"CARDINAL HEALTH INC."
105965,63951,941756,1,1,,25,0,0,,0,0,1,0,,,,0,0,1378,10991,"CARDINAL HEALTH INC."
105893,63928,939950,1,1,,,0,0,,1,0,0,0,,,,0,0,1380,10991,"CARDINAL HEALTH INC."
105806,63922,938460,1,1,,90,1,0,,1,1,1,0,,,,1,1,1379,10991,"CARDINAL HEALTH INC."
105858,63924,939604,1,1,,70,1,1,,1,1,1,0,,,,1,1,1381,10991,"CARDINAL HEALTH INC."
105859,63924,939605,1,1,,70,0,0,,1,0,1,0,,,,0,0,1381,10991,"CARDINAL HEALTH INC."
105809,63922,938463,1,1,,,0,0,,1,0,0,1,"ICU",,,0,0,1379,10991,"CARDINAL HEALTH INC."
105810,63922,938464,1,1,,95,0,0,,1,1,1,0,,,,0,0,1379,10991,"CARDINAL HEALTH INC."
105811,63922,938465,1,1,,80,0,0,,1,1,1,0,,,,0,0,1379,10991,"CARDINAL HEALTH INC."
105812,63922,938466,1,1,,98,0,0,,1,1,1,0,,,,1,1,1379,10991,"CARDINAL HEALTH INC."
105813,63922,938467,1,1,,80,0,0,,1,1,1,0,,,,0,0,1379,10991,"CARDINAL HEALTH INC."
105814,63922,938468,1,1,,85,0,0,,1,1,1,0,,,,0,0,1379,10991,"CARDINAL HEALTH INC."
105815,63922,938469,1,1,,35,0,0,,1,0,1,0,,,,0,0,1379,10991,"CARDINAL HEALTH INC."
105816,63922,938470,1,1,,90,0,0,,1,1,1,0,,,,0,0,1378,10991,"CARDINAL HEALTH INC."
105817,63922,938471,0,0,,,0,0,,0,0,0,0,,,,0,0,1379,10991,"CARDINAL HEALTH INC."
105818,63922,938472,1,1,,85,0,0,,1,1,1,0,,,,0,0,1379,10991,"CARDINAL HEALTH INC."
105819,63922,938473,1,1,,85,0,0,,1,1,1,0,,,,0,0,1379,10991,"CARDINAL HEALTH INC."
105820,63922,938474,1,1,,90,0,0,,1,1,1,0,,,,0,0,1379,10991,"CARDINAL HEALTH INC."
105821,63922,938475,1,1,,90,0,0,,1,1,1,0,,,,0,0,1379,10991,"CARDINAL HEALTH INC."
105822,63922,938476,1,1,,80,0,0,,1,1,1,0,,,,0,0,1379,10991,"CARDINAL HEALTH INC."
105823,63922,938477,1,1,,90,0,0,,1,1,1,0,,,,0,0,1379,10991,"CARDINAL HEALTH INC."
105787,63922,938441,1,1,,95,0,0,,1,1,1,0,,,,0,0,1379,10991,"CARDINAL HEALTH INC."
105788,63922,938442,1,1,,75,0,0,,1,1,1,0,,,,0,0,1378,10991,"CARDINAL HEALTH INC."
105789,63922,938443,1,1,,65,0,0,,1,1,1,0,,,,0,0,1379,10991,"CARDINAL HEALTH INC."
105790,63922,938444,1,1,,90,0,0,,1,1,1,0,,,,0,0,1379,10991,"CARDINAL HEALTH INC."
105791,63922,938445,1,1,,,0,0,,1,1,1,0,,,,0,0,1379,10991,"CARDINAL HEALTH INC."
105792,63922,938446,1,1,,90,0,0,,1,1,1,0,,,,0,0,1381,10991,"CARDINAL HEALTH INC."
105793,63922,938447,1,1,,85,0,0,,1,1,1,0,,,,0,0,1379,10991,"CARDINAL HEALTH INC."
105794,63922,938448,1,1,,90,0,0,,1,1,0,0,,,,0,0,1379,10991,"CARDINAL HEALTH INC."
105795,63922,938449,1,1,,90,0,0,,1,1,1,0,,,,0,0,1378,10991,"CARDINAL HEALTH INC."
105796,63922,938450,1,1,,40,0,0,,1,1,1,0,,,,0,0,1378,10991,"CARDINAL HEALTH INC."
105797,63922,938451,1,1,,95,0,0,,1,1,1,0,,,,0,0,1378,10991,"CARDINAL HEALTH INC."
105798,63922,938452,1,1,,80,0,0,,1,1,1,0,,,,0,0,1379,10991,"CARDINAL HEALTH INC."
105799,63922,938453,1,1,,95,0,0,,1,1,1,0,,,,0,0,1379,10991,"CARDINAL HEALTH INC."
105800,63922,938454,1,1,,90,0,0,,1,1,1,0,,,,1,1,1379,10991,"CARDINAL HEALTH INC."
105801,63922,938455,1,1,,90,0,0,,1,1,1,0,,,,0,0,1381,10991,"CARDINAL HEALTH INC."
105802,63922,938456,0,0,,,0,0,,0,0,0,0,,,,0,0,1379,10991,"CARDINAL HEALTH INC."
105763,63914,938182,1,1,,75,0,0,,1,1,1,0,,,,0,0,1378,10991,"CARDINAL HEALTH INC."
105764,63914,938183,1,1,,80,0,0,,1,1,1,0,,,,0,0,1378,10991,"CARDINAL HEALTH INC."
105753,63905,938072,1,1,,90,0,0,,1,1,1,0,,,,0,0,1378,10991,"CARDINAL HEALTH INC."
105682,63867,937327,1,0,,100,0,0,,1,1,1,0,,,,0,0,1378,10991,"CARDINAL HEALTH INC."
105680,63865,937321,0,0,,,0,0,,0,0,0,0,,,,0,0,1378,10991,"CARDINAL HEALTH INC."
105700,63876,937558,1,0,,80,1,0,,1,1,1,0,,,,0,1,1381,10991,"CARDINAL HEALTH INC."
105701,63876,937559,1,0,,80,1,0,,1,1,0,0,,,,0,1,1381,10991,"CARDINAL HEALTH INC."
105702,63876,937560,1,0,,80,1,0,,1,1,1,0,,,,0,1,1381,10991,"CARDINAL HEALTH INC."
105703,63876,937561,1,0,,80,1,0,,1,1,1,0,,,,0,1,1381,10991,"CARDINAL HEALTH INC."
105704,63876,937562,1,0,,80,1,0,,1,1,0,0,,,,0,1,1381,10991,"CARDINAL HEALTH INC."
103897,57498,904509,1,1,"Within 12-24 months",90,0,0,,1,1,1,0,,,,0,0,1379,10991,"CARDINAL HEALTH INC."
103908,57511,904605,0,0,,,0,0,,0,0,0,0,,,,0,0,1378,10991,"CARDINAL HEALTH INC."
103899,57503,904531,1,0,,90,0,0,,1,1,1,0,,,,0,0,1379,10991,"CARDINAL HEALTH INC."
103900,57504,904535,1,0,,50,0,0,,1,1,0,0,,,,0,0,1379,10991,"CARDINAL HEALTH INC."
103901,57505,904538,0,0,,,0,0,,0,0,0,0,,,,0,0,1379,10991,"CARDINAL HEALTH INC."
103874,57487,904269,0,0,,,0,0,,0,0,0,0,,,,0,0,1381,10991,"CARDINAL HEALTH INC."
103889,57493,904441,1,1,,95,0,0,,1,1,1,0,,,,0,0,1379,10991,"CARDINAL HEALTH INC."
103892,57494,904464,1,0,,50,0,0,,1,0,0,0,,,,0,0,1379,10991,"CARDINAL HEALTH INC."
103891,57495,904459,1,0,,90,0,0,,1,1,1,0,,,,0,0,1379,10991,"CARDINAL HEALTH INC."
103890,57496,904454,1,1,,90,0,0,,1,1,1,0,,,,0,0,1379,10991,"CARDINAL HEALTH INC."
103814,57438,903750,1,1,"Within 12-24 months",85,0,0,,1,1,1,0,,,,0,0,1380,10991,"CARDINAL HEALTH INC."
103845,57458,904087,1,1,,95,0,0,,1,1,1,0,,,,0,0,1379,10991,"CARDINAL HEALTH INC."
103840,57456,904064,1,1,,95,0,0,,1,1,1,0,,,,0,0,1379,10991,"CARDINAL HEALTH INC."
103860,57470,904160,0,0,,,0,0,,0,0,0,0,,,,0,0,1378,10991,"CARDINAL HEALTH INC."
103847,57462,904102,0,0,,,0,0,,0,0,0,0,,,,0,0,1378,10991,"CARDINAL HEALTH INC."
103863,57472,904184,1,1,,90,0,0,,1,1,1,0,,,,0,0,1379,10991,"CARDINAL HEALTH INC."
103850,57463,904115,1,0,,85,0,0,,1,1,0,0,,,,0,0,1378,10991,"CARDINAL HEALTH INC."
103846,57464,904091,1,1,,95,0,0,,1,1,1,1,"Oncology",,,0,0,1380,10991,"CARDINAL HEALTH INC."
103870,57475,904249,1,1,,95,0,0,,1,0,1,0,,,,0,0,1381,10991,"CARDINAL HEALTH INC."
103864,57477,904191,0,0,,,0,0,,0,0,0,0,,,,0,0,,10991,"CARDINAL HEALTH INC."
103865,57481,904194,1,1,,80,0,0,,1,1,1,0,,,,0,0,1379,10991,"CARDINAL HEALTH INC."
103806,57426,903662,0,0,,,0,0,,0,0,0,0,,,,0,0,1380,10991,"CARDINAL HEALTH INC."
103815,57436,903762,1,1,"Within 12-24 months",95,0,0,,1,0,0,0,,,,0,0,1380,10991,"CARDINAL HEALTH INC."
103839,57453,904062,0,0,,,0,0,,0,0,0,0,,,,0,0,1379,10991,"CARDINAL HEALTH INC."
103841,57454,904069,1,1,,95,0,0,,1,1,1,0,,,,0,0,1380,10991,"CARDINAL HEALTH INC."
103745,57396,902964,1,0,,100,0,0,,1,1,0,0,,,,0,0,1379,10991,"CARDINAL HEALTH INC."
103679,57392,902356,1,1,,95,0,0,,1,1,1,0,,,,0,0,1379,10991,"CARDINAL HEALTH INC."
103793,57417,903519,1,1,,60,0,0,,1,1,1,0,,,,1,1,1379,10991,"CARDINAL HEALTH INC."
103786,57413,903474,1,1,,90,0,0,,1,1,0,0,,,,0,0,1379,10991,"CARDINAL HEALTH INC."
103925,57524,904711,1,1,"Within 12-24 months",90,0,0,,1,1,1,1,"Nursing ",,"Within 12-24 months",1,1,1380,10991,"CARDINAL HEALTH INC."
103926,57524,904712,1,0,,98,0,0,,1,1,1,0,,,,0,1,1381,10991,"CARDINAL HEALTH INC."
103927,57524,904713,1,0,,98,0,0,,1,1,1,0,,,,0,1,1381,10991,"CARDINAL HEALTH INC."
103920,57521,904683,1,0,,90,0,0,,1,1,0,0,,,,0,0,1381,10991,"CARDINAL HEALTH INC."
103917,57518,904671,0,0,,,0,0,,0,0,0,0,,,,0,0,1381,10991,"CARDINAL HEALTH INC."
103918,57519,904675,1,1,,50,0,0,,1,1,1,0,,,,0,0,1379,10991,"CARDINAL HEALTH INC."
103914,57515,904642,1,1,,95,0,0,,1,1,1,0,,,,0,0,1381,10991,"CARDINAL HEALTH INC."
103950,57544,905021,0,0,,,0,0,,0,0,0,0,,,,0,0,1378,10991,"CARDINAL HEALTH INC."
103952,57546,905026,1,1,,90,0,0,,0,1,0,0,,,,0,0,1378,10991,"CARDINAL HEALTH INC."
103953,57547,905029,1,1,">24 months",90,0,0,,1,1,1,0,,,,0,0,1379,10991,"CARDINAL HEALTH INC."
103958,57551,905091,1,1,"Within 12-24 months",90,0,0,,1,1,1,1,"ICU, Rehabilitation",,,0,0,1381,10991,"CARDINAL HEALTH INC."
103939,57535,904888,1,1,,10,0,0,,0,1,0,0,,,,0,0,1378,10991,"CARDINAL HEALTH INC."
103972,57564,905226,1,1,,90,0,0,,1,1,0,0,,,,0,0,1378,10991,"CARDINAL HEALTH INC."
103980,57565,905281,1,1,,90,0,0,,1,0,0,0,,,,0,0,1379,10991,"CARDINAL HEALTH INC."
103981,57565,905282,1,1,,85,0,0,,1,1,1,0,,,,0,0,1379,10991,"CARDINAL HEALTH INC."
103982,57565,905283,1,1,,90,0,0,,1,1,1,0,,,,0,0,1379,10991,"CARDINAL HEALTH INC."
103983,57565,905284,1,1,,90,0,0,,1,0,1,0,,,,0,0,1379,10991,"CARDINAL HEALTH INC."
103984,57565,905285,1,1,,85,0,0,,1,1,1,0,,,,0,0,1381,10991,"CARDINAL HEALTH INC."
103985,57565,905286,1,1,,,0,0,,0,0,0,0,,,,0,0,,10991,"CARDINAL HEALTH INC."
103965,57556,905146,0,0,,,0,0,,0,0,0,0,,,,0,0,1381,10991,"CARDINAL HEALTH INC."
103929,57526,904769,1,0,,90,0,0,,1,1,1,0,,,,0,1,1379,10991,"CARDINAL HEALTH INC."
103930,57527,904786,1,0,,80,1,0,,1,1,1,0,,,,0,1,1379,10991,"CARDINAL HEALTH INC."
103962,57553,905110,0,0,,,0,0,,0,0,0,0,,,,0,0,1379,10991,"CARDINAL HEALTH INC."
103923,57524,904709,1,0,,80,0,0,,1,1,1,0,,,"Within 12-24 months",1,1,1380,10991,"CARDINAL HEALTH INC."
103971,57560,905223,1,1,"Within 12-24 months",75,0,0,,0,1,0,0,,,,0,0,1380,10991,"CARDINAL HEALTH INC."
103990,57573,905387,1,0,,100,0,0,,1,1,1,1,"OB/GYN, Outpatient Services, PACU",,,0,0,1381,10991,"CARDINAL HEALTH INC."
103979,57567,905275,1,0,,40,0,0,,1,0,0,0,,,,0,0,,10991,"CARDINAL HEALTH INC."
104065,57588,906400,1,1,,95,0,0,,1,1,1,1,"Labor & Delivery",,,1,1,1379,10991,"CARDINAL HEALTH INC."
104066,57588,906401,1,1,,100,0,0,,1,1,1,0,,,,0,0,1379,10991,"CARDINAL HEALTH INC."
104022,57578,905892,1,1,,60,0,0,,1,1,1,0,,,,0,0,1379,10991,"CARDINAL HEALTH INC."
104040,57582,906241,1,0,,95,0,0,,0,0,1,0,,,,0,0,1379,10991,"CARDINAL HEALTH INC."
104069,57590,906584,1,1,"Within 12 months",90,0,0,,1,1,1,0,,,,1,1,1379,10991,"CARDINAL HEALTH INC."
104070,57590,906585,1,1,,80,0,0,,1,1,1,0,,,,1,1,1379,10991,"CARDINAL HEALTH INC."
104071,57590,906586,1,1,,80,0,0,,1,1,1,0,,,,1,1,1379,10991,"CARDINAL HEALTH INC."
104072,57590,906587,1,1,,85,0,0,,1,1,0,0,,,,1,1,1379,10991,"CARDINAL HEALTH INC."
104073,57590,906588,1,1,,83,0,0,,1,1,1,0,,,,1,1,1379,10991,"CARDINAL HEALTH INC."
104074,57590,906589,1,1,,80,0,0,,1,1,1,0,,,,1,1,1379,10991,"CARDINAL HEALTH INC."
104075,57590,906590,1,1,,80,0,0,,1,1,1,0,,,,1,1,1379,10991,"CARDINAL HEALTH INC."
104076,57590,906591,1,1,,86,0,0,,1,1,1,0,,,,1,1,1379,10991,"CARDINAL HEALTH INC."
104077,57590,906592,1,1,,80,0,0,,1,1,1,0,,,,0,0,1379,10991,"CARDINAL HEALTH INC."
104078,57590,906593,1,1,,95,0,0,,1,1,1,1,"Psychiatric Unit",,,1,1,1379,10991,"CARDINAL HEALTH INC."
104272,57709,908771,1,0,,95,0,0,,1,1,1,0,,,,0,0,1379,10991,"CARDINAL HEALTH INC."
104275,57713,908808,0,0,,,0,0,,0,0,0,0,,,,0,0,1379,10991,"CARDINAL HEALTH INC."
104281,57716,908838,1,0,,60,0,0,,1,1,1,0,,,,0,1,1379,10991,"CARDINAL HEALTH INC."
104282,57716,908839,0,0,,,0,0,,0,0,0,0,,,,0,0,1379,10991,"CARDINAL HEALTH INC."
104283,57716,908840,1,0,,90,0,0,,1,1,1,0,,,,0,0,1379,10991,"CARDINAL HEALTH INC."
104284,57716,908841,1,0,,90,0,0,,1,1,1,0,,,,0,0,1379,10991,"CARDINAL HEALTH INC."
104280,57717,908832,0,0,,,0,0,,0,0,0,0,,,,0,0,1379,10991,"CARDINAL HEALTH INC."
104286,57716,908843,1,0,,70,0,0,,0,1,0,0,,,,0,0,1378,10991,"CARDINAL HEALTH INC."
104287,57716,908844,1,0,,50,0,0,,1,1,0,1,"OB/GYN",,,0,0,1378,10991,"CARDINAL HEALTH INC."
107413,57624,949036,0,0,,,0,0,,0,0,0,0,,,,0,0,1381,10991,"CARDINAL HEALTH INC."
104265,57703,908662,1,1,,60,0,0,,1,1,0,0,,,,0,0,1379,10991,"CARDINAL HEALTH INC."
104267,57704,908670,1,0,,50,0,0,,1,0,0,0,,,,0,0,1379,10991,"CARDINAL HEALTH INC."
104268,57705,908677,1,1,,95,1,0,,1,1,0,0,,,,0,0,1378,10991,"CARDINAL HEALTH INC."
104289,57719,908897,1,0,,95,0,0,,1,1,1,0,,,,0,1,1381,10991,"CARDINAL HEALTH INC."
104291,57721,908916,0,0,,,0,0,,0,0,0,0,,,,0,0,1379,10991,"CARDINAL HEALTH INC."
104290,57722,908910,1,0,,80,0,0,,1,1,1,0,,,,0,0,1379,10991,"CARDINAL HEALTH INC."
104318,57744,909326,1,1,,95,0,0,,1,1,1,0,,,,0,0,1379,10991,"CARDINAL HEALTH INC."
104315,57743,909315,1,1,,90,0,0,,1,0,0,0,,,,0,0,1379,10991,"CARDINAL HEALTH INC."
104320,57751,909363,1,1,,50,0,0,,1,1,1,1,"OB/GYN",,,0,0,1379,10991,"CARDINAL HEALTH INC."
104328,57752,909417,0,0,,,0,0,,0,0,0,0,,,,0,0,1379,10991,"CARDINAL HEALTH INC."
102707,63510,891102,1,0,,90,0,0,,1,1,1,0,,,,0,0,1379,10991,"CARDINAL HEALTH INC."
103992,63421,905405,0,0,,,0,0,,0,0,0,0,,,,0,0,1378,10991,"CARDINAL HEALTH INC."
103994,63935,905542,1,1,,99,0,0,,1,1,1,0,,,,0,0,,10991,"CARDINAL HEALTH INC."
103858,63943,904152,1,1,,98,0,0,,1,1,1,0,,,,0,0,1378,10991,"CARDINAL HEALTH INC."
105045,63536,930199,1,1,,95,0,0,,1,1,1,0,,,,0,0,1378,10991,"CARDINAL HEALTH INC."
104271,57196,908732,1,1,,80,0,0,,1,1,1,0,,,,1,1,1379,10991,"CARDINAL HEALTH INC."
104988,57204,929727,1,0,,90,0,0,,1,1,1,0,,,,0,0,1380,10991,"CARDINAL HEALTH INC."
104989,57122,929745,1,0,,90,0,0,,1,1,1,0,,,,0,0,1379,10991,"CARDINAL HEALTH INC."
104152,57624,907641,1,1,"Within 12-24 months",95,1,0,,1,1,1,0,,,,0,0,1381,10991,"CARDINAL HEALTH INC."
104153,57624,907642,1,1,"Within 12-24 months",95,1,0,,1,1,1,1,"Ambulatory Clinics",,,0,0,1381,10991,"CARDINAL HEALTH INC."
104154,57624,907643,1,1,"Within 12-24 months",90,0,0,,1,1,1,0,,,,0,0,1381,10991,"CARDINAL HEALTH INC."
104155,57624,907644,1,1,"Within 12-24 months",95,1,0,,1,1,1,1,"Ambulatory Clinics",,,0,0,1381,10991,"CARDINAL HEALTH INC."
104156,57624,907645,1,1,"Within 12-24 months",95,1,0,,1,1,1,1,"Ambulatory Clinics",,,0,0,1381,10991,"CARDINAL HEALTH INC."
104169,57636,907749,1,0,,,0,0,,0,0,0,0,,,,0,0,1379,10991,"CARDINAL HEALTH INC."
104049,57586,906380,1,1,,75,0,0,,1,1,1,0,,,,0,0,1380,10991,"CARDINAL HEALTH INC."
104174,57641,907790,1,0,,100,0,0,,1,1,1,0,,,,0,0,1379,10991,"CARDINAL HEALTH INC."
104183,57650,907882,1,1,"Within 12 months",95,0,0,,1,1,1,0,,,,0,0,1380,10991,"CARDINAL HEALTH INC."
104186,57651,907920,1,0,,95,0,0,,1,1,1,0,,,,0,1,1380,10991,"CARDINAL HEALTH INC."
104187,57651,907921,1,1,,95,0,0,,1,1,1,0,,,,0,1,1380,10991,"CARDINAL HEALTH INC."
104188,57651,907922,1,0,,95,0,0,,1,1,1,0,,,,0,1,1380,10991,"CARDINAL HEALTH INC."
104221,57665,908283,1,1,,50,0,0,,1,1,0,0,,,,0,0,1378,10991,"CARDINAL HEALTH INC."
104228,57666,908364,1,1,,70,0,0,,0,1,0,0,,,,0,0,,10991,"CARDINAL HEALTH INC."
104229,57667,908368,1,1,,50,0,0,,1,1,1,0,,,,0,0,1379,10991,"CARDINAL HEALTH INC."
104264,57702,908659,0,0,,,0,0,,0,0,0,0,,,,0,0,1379,10991,"CARDINAL HEALTH INC."
102353,58434,887581,1,1,,80,0,0,,1,1,1,0,,,,0,0,,10991,"CARDINAL HEALTH INC."
102336,58434,887564,1,1,,95,0,0,,1,1,1,0,,,,0,0,1378,10991,"CARDINAL HEALTH INC."
104238,57679,908459,1,1,,99,0,0,,1,1,1,0,,,,0,0,1381,10991,"CARDINAL HEALTH INC."
103671,57391,902313,1,1,,90,1,0,,1,1,1,0,,,,0,0,1381,10991,"CARDINAL HEALTH INC."
103672,57391,902314,1,1,,90,0,0,,1,1,1,0,,,,1,1,1381,10991,"CARDINAL HEALTH INC."
103673,57391,902315,1,1,,90,1,0,,1,1,1,0,,,,1,1,1381,10991,"CARDINAL HEALTH INC."
103674,57391,902316,1,1,,90,0,0,,1,1,1,0,,,,0,0,1381,10991,"CARDINAL HEALTH INC."
103675,57391,902317,0,0,,,0,0,,0,0,0,0,,,,0,0,1381,10991,"CARDINAL HEALTH INC."
103676,57391,902318,1,1,,90,0,0,,1,0,0,0,,,,0,0,1381,10991,"CARDINAL HEALTH INC."
103641,57381,901847,1,1,,95,0,0,,1,1,1,0,,,,0,0,1378,10991,"CARDINAL HEALTH INC."
103644,57384,901910,1,0,,90,0,0,,1,0,1,0,,,,0,0,1381,10991,"CARDINAL HEALTH INC."
103645,57384,901911,1,0,,90,0,0,,1,1,1,0,,,,0,0,1381,10991,"CARDINAL HEALTH INC."
103742,57396,902961,1,0,,100,0,0,,1,1,0,0,,,,0,0,1379,10991,"CARDINAL HEALTH INC."
103743,57396,902962,1,0,,100,0,0,,1,1,1,0,,,,0,0,1379,10991,"CARDINAL HEALTH INC."
103583,57340,901284,0,0,,,0,0,,0,0,0,0,,,,0,0,1379,10991,"CARDINAL HEALTH INC."
103577,57336,901152,0,0,,,0,0,,0,0,0,0,,,,0,0,1379,10991,"CARDINAL HEALTH INC."
103578,57336,901153,1,0,,80,0,0,,1,1,1,0,,,,0,1,1379,10991,"CARDINAL HEALTH INC."
103579,57337,901223,1,1,,80,1,0,,1,1,1,0,,,,0,1,1379,10991,"CARDINAL HEALTH INC."
103580,57338,901229,1,0,,80,0,0,,1,1,1,0,,,,0,0,1379,10991,"CARDINAL HEALTH INC."
103581,57339,901235,1,0,,95,0,0,,1,1,1,0,,,,0,0,1379,10991,"CARDINAL HEALTH INC."
103598,57352,901442,0,0,,,0,0,,0,0,0,0,,,,0,0,1379,10991,"CARDINAL HEALTH INC."
103599,57353,901447,1,1,,95,0,0,,1,1,1,0,,,,0,0,1379,10991,"CARDINAL HEALTH INC."
102392,57353,887620,1,1,,100,0,0,,1,1,1,0,,,,0,0,1378,10991,"CARDINAL HEALTH INC."
102393,57353,887621,1,1,,95,0,0,,1,1,1,0,,,,0,0,1379,10991,"CARDINAL HEALTH INC."
103600,57354,901464,1,1,,90,0,0,,1,1,1,0,,,,0,0,1379,10991,"CARDINAL HEALTH INC."
103601,57355,901468,1,1,,100,0,0,,1,1,1,0,,,,0,0,1379,10991,"CARDINAL HEALTH INC."
103592,57349,901378,1,1,,95,0,0,,1,1,1,0,,,,0,0,1378,10991,"CARDINAL HEALTH INC."
103590,57347,901364,1,1,,100,0,0,,1,1,1,0,,,,1,1,1381,10991,"CARDINAL HEALTH INC."
103617,57369,901605,1,1,,65,0,0,,1,1,0,0,,,,0,0,1378,10991,"CARDINAL HEALTH INC."
103629,57375,901678,0,0,,,0,0,,0,0,0,0,,,,0,0,1378,10991,"CARDINAL HEALTH INC."
103620,57372,901626,1,0,,90,0,0,,1,1,1,0,,,,0,0,1381,10991,"CARDINAL HEALTH INC."
103621,57373,901631,1,0,,95,0,0,,1,1,1,0,,,,0,0,1379,10991,"CARDINAL HEALTH INC."
103622,57373,901632,1,0,,95,0,0,,1,0,0,0,,,,0,0,1379,10991,"CARDINAL HEALTH INC."
103623,57373,901633,1,0,,95,0,0,,1,1,1,0,,,,0,0,1379,10991,"CARDINAL HEALTH INC."
103624,57373,901634,1,0,,95,0,0,,1,1,1,0,,,,0,0,1379,10991,"CARDINAL HEALTH INC."
103625,57373,901635,1,0,,95,0,0,,1,1,1,1,"CCU",,,0,0,1379,10991,"CARDINAL HEALTH INC."
103626,57373,901636,1,0,,95,0,0,,1,1,1,0,,,,0,0,1379,10991,"CARDINAL HEALTH INC."
103665,57387,902235,1,1,,95,0,0,,0,1,1,0,,,,0,0,1381,10991,"CARDINAL HEALTH INC."
103666,57387,902236,1,1,,50,1,0,,1,0,0,0,,,,0,0,1381,10991,"CARDINAL HEALTH INC."
103106,57204,895085,1,1,,90,0,0,,1,1,1,0,,,,0,0,1381,10991,"CARDINAL HEALTH INC."
103107,57204,895086,1,1,,90,0,0,,1,1,1,0,,,,0,0,1381,10991,"CARDINAL HEALTH INC."
103252,57224,897460,1,1,,90,1,0,,1,1,0,1,"Cardiac Cath-Lab.",,,0,0,1381,10991,"CARDINAL HEALTH INC."
103434,57238,899982,1,0,,95,0,0,,1,1,1,1,"Cardiac Cath-Lab., Endoscopy, ICU, OB/GYN, PACU, Radiology",,,0,0,1379,10991,"CARDINAL HEALTH INC."
103258,57231,897519,0,0,,,0,0,,0,0,0,0,,,,0,0,1379,10991,"CARDINAL HEALTH INC."
103259,57231,897520,0,0,,,0,0,,0,0,0,0,,,,0,0,1379,10991,"CARDINAL HEALTH INC."
103260,57231,897521,1,1,"Within 12-24 months",60,0,0,,1,0,1,0,,,,0,0,1379,10991,"CARDINAL HEALTH INC."
103261,57231,897522,1,1,"Within 12-24 months",85,0,0,,1,1,1,0,,,,0,0,1379,10991,"CARDINAL HEALTH INC."
103262,57231,897523,1,1,"Within 12-24 months",60,0,0,,1,1,1,0,,,,0,0,1379,10991,"CARDINAL HEALTH INC."
103263,57231,897524,1,1,"Within 12-24 months",60,0,0,,0,1,1,0,,,,0,0,1379,10991,"CARDINAL HEALTH INC."
103264,57231,897525,0,0,,,0,0,,0,0,0,0,,,,0,0,1379,10991,"CARDINAL HEALTH INC."
103265,57231,897526,1,1,,90,0,0,,1,1,1,0,,,,0,0,1379,10991,"CARDINAL HEALTH INC."
103266,57231,897527,1,1,"Within 12-24 months",80,0,0,,1,1,1,0,,,,0,0,1379,10991,"CARDINAL HEALTH INC."
103267,57231,897528,1,1,"Within 12-24 months",60,0,0,,1,1,1,0,,,,0,0,1379,10991,"CARDINAL HEALTH INC."
103268,57231,897529,1,1,"Within 12-24 months",30,0,0,,1,1,1,0,,,,0,0,1379,10991,"CARDINAL HEALTH INC."
103270,57231,897531,1,1,,60,0,0,,1,1,1,0,,,,0,0,1379,10991,"CARDINAL HEALTH INC."
103271,57231,897532,0,0,,,0,0,,0,0,0,0,,,,0,0,1379,10991,"CARDINAL HEALTH INC."
103272,57231,897533,1,1,,60,0,0,,1,1,1,0,,,,0,0,1379,10991,"CARDINAL HEALTH INC."
103273,57231,897534,1,1,,60,0,0,,1,1,1,0,,,,0,0,1379,10991,"CARDINAL HEALTH INC."
103274,57231,897535,0,0,,,0,0,,0,0,0,0,,,,0,0,1379,10991,"CARDINAL HEALTH INC."
103275,57231,897536,1,1,"Within 12-24 months",50,0,0,,1,1,1,0,,,"Within 12-24 months",1,1,1379,10991,"CARDINAL HEALTH INC."
102893,57239,892331,1,0,,80,0,0,,1,1,1,0,,,,0,0,1379,10991,"CARDINAL HEALTH INC."
103976,57239,905256,1,1,,80,0,0,,1,1,1,0,,,,0,0,,10991,"CARDINAL HEALTH INC."
103977,57239,905257,1,1,,80,0,0,,0,1,1,0,,,,0,0,,10991,"CARDINAL HEALTH INC."
103470,57248,900443,1,1,"Within 12-24 months",80,0,0,,1,1,1,0,,,,0,0,1379,10991,"CARDINAL HEALTH INC."
103491,57268,900607,1,1,,95,0,0,,1,1,0,0,,,,0,0,1379,10991,"CARDINAL HEALTH INC."
103492,57269,900616,0,0,,,0,0,,0,0,0,0,,,,0,0,1379,10991,"CARDINAL HEALTH INC."
103473,57251,900472,1,0,,90,0,0,,1,1,1,0,,,,0,0,1379,10991,"CARDINAL HEALTH INC."
103511,57288,900716,0,0,,,0,1,"Within 12 months",0,0,0,0,,,,0,0,1381,10991,"CARDINAL HEALTH INC."
103512,57289,900719,0,0,,,0,0,,0,0,0,0,,,,0,0,1380,10991,"CARDINAL HEALTH INC."
103532,57305,900884,1,1,,50,0,0,,1,0,0,0,,,,0,0,,10991,"CARDINAL HEALTH INC."
103509,57286,900708,1,1,,75,0,0,,1,1,0,0,,,,0,0,1378,10991,"CARDINAL HEALTH INC."
103556,57318,901024,1,0,,95,0,0,,1,0,1,0,,,,0,0,1379,10991,"CARDINAL HEALTH INC."
103561,57323,901071,1,0,,95,0,0,,1,1,0,0,,,,0,0,1378,10991,"CARDINAL HEALTH INC."
103558,57320,901031,0,0,,,0,0,,0,0,0,0,,,,0,0,1379,10991,"CARDINAL HEALTH INC."
103566,57328,901097,1,1,,100,0,0,,1,1,1,0,,,,0,0,1378,10991,"CARDINAL HEALTH INC."
103568,57330,901111,1,1,"Within 12 months",40,0,0,,1,0,0,0,,,,0,0,1379,10991,"CARDINAL HEALTH INC."
103570,57332,901118,1,1,,100,0,0,,1,1,1,0,,,,0,0,1379,10991,"CARDINAL HEALTH INC."
103571,57333,901124,0,0,,,0,0,,0,0,0,0,,,,0,0,1381,10991,"CARDINAL HEALTH INC."
103572,57334,901129,1,0,,90,0,0,,1,1,0,0,,,,0,0,1379,10991,"CARDINAL HEALTH INC."
103554,57316,901018,1,1,,80,0,0,,1,1,0,0,,,,0,0,1379,10991,"CARDINAL HEALTH INC."
103060,57202,894785,1,1,,75,0,0,,1,1,1,0,,,,0,0,1379,10991,"CARDINAL HEALTH INC."
103067,57202,894792,1,1,,80,0,0,,1,1,1,0,,,,0,0,,10991,"CARDINAL HEALTH INC."
103076,57202,894801,1,0,,75,0,0,,1,1,1,0,,,,0,0,,10991,"CARDINAL HEALTH INC."
105657,63849,937189,1,1,,,0,0,,1,1,0,0,,,,0,0,1379,10991,"CARDINAL HEALTH INC."
105658,63849,937190,0,0,,,0,0,,0,0,0,0,,,,0,0,1379,10991,"CARDINAL HEALTH INC."
105659,63849,937191,0,0,,,0,0,,0,0,0,0,,,,0,0,1379,10991,"CARDINAL HEALTH INC."
105660,63849,937192,0,0,,,0,0,,0,0,0,0,,,,0,0,1379,10991,"CARDINAL HEALTH INC."
105661,63850,937226,1,1,,100,0,0,,1,1,1,0,,,,0,0,1378,10991,"CARDINAL HEALTH INC."
105654,63849,937186,0,0,,,0,0,,0,0,0,0,,,,0,0,1379,10991,"CARDINAL HEALTH INC."
105655,63849,937187,1,1,,90,0,0,,1,1,1,0,,,,0,0,1379,10991,"CARDINAL HEALTH INC."
105668,63857,937257,1,1,,95,0,0,,1,1,1,0,,,,0,0,1379,10991,"CARDINAL HEALTH INC."
105663,63852,937236,0,0,,,0,0,,0,0,0,0,,,,0,0,1379,10991,"CARDINAL HEALTH INC."
105592,63832,936606,1,1,,100,0,0,,0,1,1,0,,,,0,0,1379,10991,"CARDINAL HEALTH INC."
105599,63839,936641,1,1,,95,0,0,,1,1,1,0,,,,0,0,1380,10991,"CARDINAL HEALTH INC."
105631,63844,936724,1,1,,100,0,0,,1,1,1,0,,,,0,0,1378,10991,"CARDINAL HEALTH INC."
105632,63844,936725,0,0,,,0,0,,0,0,0,0,,,,0,0,1380,10991,"CARDINAL HEALTH INC."
105633,63844,936726,1,1,,65,0,0,,0,1,1,0,,,,0,0,1380,10991,"CARDINAL HEALTH INC."
105634,63844,936727,0,0,,,0,0,,0,0,0,0,,,,0,0,1380,10991,"CARDINAL HEALTH INC."
105635,63844,936728,1,1,,45,0,0,,1,1,1,0,,,,0,0,1380,10991,"CARDINAL HEALTH INC."
105636,63844,936729,0,0,,,0,0,,0,0,0,0,,,,0,0,1380,10991,"CARDINAL HEALTH INC."
105637,63844,936730,0,0,,,0,0,,0,0,0,0,,,,0,0,1378,10991,"CARDINAL HEALTH INC."
105638,63844,936731,1,1,,45,0,0,,1,1,1,0,,,,0,0,1380,10991,"CARDINAL HEALTH INC."
105589,63830,936430,1,0,,95,0,0,,1,1,1,0,,,,0,0,1378,10991,"CARDINAL HEALTH INC."
105590,63830,936431,1,0,,95,0,0,,0,1,1,0,,,,0,0,1379,10991,"CARDINAL HEALTH INC."
105574,63825,936399,1,1,,45,0,0,,0,1,0,0,,,,0,0,1378,10991,"CARDINAL HEALTH INC."
105572,63823,936382,1,1,,95,0,0,,1,1,1,0,,,,0,0,1379,10991,"CARDINAL HEALTH INC."
105594,63834,936618,1,1,,95,0,0,,1,1,1,0,,,,0,0,1378,10991,"CARDINAL HEALTH INC."
105595,63835,936620,0,0,,,0,0,,0,0,0,0,,,,0,0,,10991,"CARDINAL HEALTH INC."
105607,63844,936700,1,1,,65,0,0,,1,1,1,0,,,,0,0,1380,10991,"CARDINAL HEALTH INC."
105608,63844,936701,1,1,,60,0,0,,1,1,0,0,,,,0,0,1380,10991,"CARDINAL HEALTH INC."
105609,63844,936702,1,1,,70,0,0,,0,1,1,0,,,,0,0,1380,10991,"CARDINAL HEALTH INC."
105610,63844,936703,0,0,,,0,0,,0,0,0,0,,,,0,0,1380,10991,"CARDINAL HEALTH INC."
105611,63844,936704,0,0,,,0,0,,0,0,0,0,,,,0,0,1380,10991,"CARDINAL HEALTH INC."
105612,63844,936705,0,0,,,0,0,,0,0,0,0,,,,0,0,1380,10991,"CARDINAL HEALTH INC."
105613,63844,936706,1,1,,35,0,0,,1,1,1,0,,,,0,0,1380,10991,"CARDINAL HEALTH INC."
105614,63844,936707,0,0,,,0,0,,0,0,0,0,,,,0,0,1380,10991,"CARDINAL HEALTH INC."
105615,63844,936708,1,1,,95,0,0,,1,1,1,0,,,,0,0,1380,10991,"CARDINAL HEALTH INC."
105616,63844,936709,0,0,,,0,0,,0,0,0,0,,,,0,0,1380,10991,"CARDINAL HEALTH INC."
105617,63844,936710,0,0,,,0,0,,0,0,0,0,,,,0,0,1380,10991,"CARDINAL HEALTH INC."
105618,63844,936711,0,0,,,0,0,,0,0,0,0,,,,0,0,1378,10991,"CARDINAL HEALTH INC."
105619,63844,936712,0,0,,,0,0,,0,0,0,0,,,,0,0,1380,10991,"CARDINAL HEALTH INC."
105620,63844,936713,1,1,,50,0,0,,1,1,0,0,,,,0,0,1380,10991,"CARDINAL HEALTH INC."
105621,63844,936714,1,1,,50,0,0,,1,1,0,0,,,,0,0,1378,10991,"CARDINAL HEALTH INC."
105622,63844,936715,1,1,,70,0,0,,1,1,1,0,,,,0,0,1380,10991,"CARDINAL HEALTH INC."
105623,63844,936716,1,1,,35,0,0,,1,1,1,0,,,,0,0,1380,10991,"CARDINAL HEALTH INC."
105624,63844,936717,1,1,,45,0,0,,1,1,0,0,,,,0,0,1380,10991,"CARDINAL HEALTH INC."
105625,63844,936718,0,0,,,0,0,,0,0,0,0,,,,0,0,1378,10991,"CARDINAL HEALTH INC."
105626,63844,936719,1,1,,90,0,0,,1,1,1,0,,,,0,0,1380,10991,"CARDINAL HEALTH INC."
105627,63844,936720,0,0,,,0,0,,0,0,0,0,,,,0,0,1379,10991,"CARDINAL HEALTH INC."
105628,63844,936721,1,1,,25,0,0,,1,1,0,0,,,,0,0,1378,10991,"CARDINAL HEALTH INC."
105629,63844,936722,1,1,,45,0,0,,1,0,1,0,,,,0,0,1380,10991,"CARDINAL HEALTH INC."
105533,63801,936068,1,1,,85,0,0,,1,1,1,0,,,,0,0,1379,10991,"CARDINAL HEALTH INC."
105534,63801,936069,1,1,,80,0,0,,1,0,1,0,,,,0,0,1379,10991,"CARDINAL HEALTH INC."
105535,63801,936070,1,1,,90,0,0,,1,1,1,1,"Ambulatory Clinics",,,0,0,1379,10991,"CARDINAL HEALTH INC."
105536,63802,936109,1,1,,80,0,0,,1,0,0,0,,,,0,0,1379,10991,"CARDINAL HEALTH INC."
105386,63751,934261,1,1,,90,0,0,,1,0,0,1,"Respiratory",,,0,0,1379,10991,"CARDINAL HEALTH INC."
105387,63751,934262,1,1,,100,0,0,,1,0,0,0,,,,0,0,1379,10991,"CARDINAL HEALTH INC."
105392,63752,934298,1,1,,95,1,0,,0,0,0,1,"All Patient Care Units",,,0,1,1381,10991,"CARDINAL HEALTH INC."
105566,63818,936337,1,1,,80,0,0,,1,1,1,0,,,,0,0,1379,10991,"CARDINAL HEALTH INC."
105562,63814,936322,1,1,,100,0,0,,1,1,1,0,,,,0,0,1378,10991,"CARDINAL HEALTH INC."
105538,63802,936111,1,1,,90,1,0,,1,1,1,0,,,,1,1,1379,10991,"CARDINAL HEALTH INC."
105340,63715,933675,1,0,,85,0,0,,1,1,0,0,,,,0,0,1378,10991,"CARDINAL HEALTH INC."
105338,63714,933525,1,0,,95,0,0,,1,1,1,1,"Oncology Clinic",,,0,0,1378,10991,"CARDINAL HEALTH INC."
105348,63723,933724,1,1,,90,0,0,,1,1,1,0,,,,0,0,1381,10991,"CARDINAL HEALTH INC."
105325,63713,933373,1,1,,80,0,0,,0,1,1,0,,,,0,0,1379,10991,"CARDINAL HEALTH INC."
105326,63713,933374,1,1,,90,0,0,,0,1,1,0,,,,0,0,1379,10991,"CARDINAL HEALTH INC."
105327,63713,933375,1,1,,80,0,0,,0,1,1,0,,,,0,0,1379,10991,"CARDINAL HEALTH INC."
105328,63713,933376,1,1,,80,0,0,,0,1,1,0,,,,0,0,1379,10991,"CARDINAL HEALTH INC."
105329,63713,933377,1,0,,80,0,0,,0,1,1,0,,,,0,0,1379,10991,"CARDINAL HEALTH INC."
105306,63703,933260,1,1,,99,0,0,,1,1,1,0,,,,0,0,1378,10991,"CARDINAL HEALTH INC."
105317,63704,933317,1,1,,95,0,0,,1,1,1,0,,,,0,0,1379,10991,"CARDINAL HEALTH INC."
105302,63693,933242,1,1,,95,0,0,,1,1,1,0,,,,0,0,1379,10991,"CARDINAL HEALTH INC."
105303,63694,933249,1,0,,80,0,0,,1,0,1,0,,,,0,0,1378,10991,"CARDINAL HEALTH INC."
105308,63696,933269,1,1,,75,0,0,,1,1,1,0,,,,0,0,1379,10991,"CARDINAL HEALTH INC."
105309,63697,933275,1,1,,90,0,0,,0,1,0,0,,,,0,0,1379,10991,"CARDINAL HEALTH INC."
105252,63657,932579,1,1,,80,0,0,,0,0,0,0,,,,0,0,1378,10991,"CARDINAL HEALTH INC."
105282,63675,933009,1,0,,85,0,0,,1,1,1,0,,,,0,0,1379,10991,"CARDINAL HEALTH INC."
105434,63761,935043,1,1,"Within 12 months",95,0,0,,1,1,1,1,"OB/GYN",,,0,0,1381,10991,"CARDINAL HEALTH INC."
105389,63748,934288,1,0,,95,0,0,,1,1,1,1,"Outpatient Services",,,0,0,1381,10991,"CARDINAL HEALTH INC."
105244,63651,932512,1,1,"Within 12 months",85,0,0,,1,1,0,0,,,,0,0,1379,10991,"CARDINAL HEALTH INC."
105260,63664,932676,0,0,,,0,0,,0,0,0,0,,,,0,0,1379,10991,"CARDINAL HEALTH INC."
105263,63665,932686,0,0,,,0,0,,0,0,0,0,,,,0,0,1378,10991,"CARDINAL HEALTH INC."
105261,63666,932680,1,1,,30,0,0,,1,1,0,0,,,,0,0,1379,10991,"CARDINAL HEALTH INC."
105291,63682,933128,1,1,,99,0,0,,1,1,0,0,,,,0,0,1381,10991,"CARDINAL HEALTH INC."
105292,63683,933131,1,0,,85,0,0,,1,1,0,1,"ICU",,,0,0,1379,10991,"CARDINAL HEALTH INC."
105267,63671,932722,1,0,,70,0,0,,1,1,1,1,"ICU",,,0,0,1379,10991,"CARDINAL HEALTH INC."
105269,63672,932739,1,1,,90,0,0,,1,1,1,0,,,,0,0,,10991,"CARDINAL HEALTH INC."
105266,63673,932718,0,0,,,0,0,,0,0,0,0,,,,0,0,1378,10991,"CARDINAL HEALTH INC."
105223,63635,932371,1,1,,80,0,0,,1,1,1,1,"ICU",,,0,0,1379,10991,"CARDINAL HEALTH INC."
105238,63644,932489,1,0,,90,0,0,,1,1,1,1,"Cardiology, Radiology",,,0,0,1380,10991,"CARDINAL HEALTH INC."
105120,63588,930773,1,1,,95,0,0,,1,1,0,0,,,,0,0,1379,10991,"CARDINAL HEALTH INC."
105121,63589,930776,1,1,,90,0,0,,1,1,1,0,,,,0,0,,10991,"CARDINAL HEALTH INC."
105161,63609,931355,1,1,"Within 12 months",78,0,0,,1,1,1,1,"Anesthesia, Cath Lab, GI Lab, Pain Center, Radiology, Urgent Care",,,1,1,1381,10991,"CARDINAL HEALTH INC."
105205,63621,932184,1,1,,90,0,0,,1,1,1,0,,,,0,0,1379,10991,"CARDINAL HEALTH INC."
105206,63622,932188,1,1,,100,0,0,,1,1,1,0,,,,1,1,1379,10991,"CARDINAL HEALTH INC."
105180,63610,931586,1,1,,50,0,0,,1,1,0,0,,,,0,0,1379,10991,"CARDINAL HEALTH INC."
105181,63610,931587,1,1,,95,0,0,,1,1,1,0,,,,0,0,1379,10991,"CARDINAL HEALTH INC."
105024,63516,930107,1,1,,90,0,0,,1,1,0,1,"Long Term Care",,,0,0,1380,10991,"CARDINAL HEALTH INC."
105025,63517,930113,1,1,,80,0,0,,1,0,1,0,,,,0,0,1380,10991,"CARDINAL HEALTH INC."
105030,63522,930134,1,1,,90,0,0,,1,1,1,0,,,,0,0,1379,10991,"CARDINAL HEALTH INC."
105018,63510,929940,1,1,,90,0,0,,1,1,1,0,,,,0,0,1379,10991,"CARDINAL HEALTH INC."
105012,63508,929923,1,1,,80,0,0,,1,1,1,0,,,,0,0,1379,10991,"CARDINAL HEALTH INC."
104968,63477,929504,1,1,,80,0,0,,1,1,0,0,,,,0,0,1379,10991,"CARDINAL HEALTH INC."
104971,63480,929518,1,1,,95,0,0,,1,1,1,0,,,,0,0,1380,10991,"CARDINAL HEALTH INC."
104972,63480,929519,1,1,,80,0,0,,0,1,1,0,,,,0,0,1379,10991,"CARDINAL HEALTH INC."
104964,63474,929473,1,1,,90,0,0,,1,1,1,0,,,,0,0,1378,10991,"CARDINAL HEALTH INC."
104955,63465,929405,1,0,,85,0,0,,1,0,0,0,,,,0,0,1381,10991,"CARDINAL HEALTH INC."
105032,63524,930143,1,1,,90,0,0,,1,1,1,0,,,,0,0,1378,10991,"CARDINAL HEALTH INC."
105037,63529,930161,1,1,,95,0,0,,1,0,0,0,,,,0,0,1381,10991,"CARDINAL HEALTH INC."
105061,63552,930326,1,0,,80,0,0,,1,1,1,0,,,,0,0,1379,10991,"CARDINAL HEALTH INC."
105043,63535,930193,1,1,,90,0,0,,1,1,1,0,,,,0,0,1381,10991,"CARDINAL HEALTH INC."
105044,63536,930198,1,1,,95,1,0,,1,1,1,0,,,,1,1,1381,10991,"CARDINAL HEALTH INC."
105046,63536,930200,1,1,,95,0,0,,1,1,1,0,,,,0,0,1379,10991,"CARDINAL HEALTH INC."
105093,63580,930581,1,1,,20,0,0,,0,0,0,0,,,,0,1,1378,10991,"CARDINAL HEALTH INC."
105095,63580,930583,1,0,,90,0,0,,1,0,0,1,"ICU",,,0,0,1378,10991,"CARDINAL HEALTH INC."
105096,63580,930584,1,0,,50,0,0,,0,0,0,0,,,,0,0,1378,10991,"CARDINAL HEALTH INC."
105097,63580,930585,0,0,,,0,0,,0,0,0,0,,,,0,0,1378,10991,"CARDINAL HEALTH INC."
105098,63580,930586,1,0,,95,0,0,,1,0,0,0,,,,0,0,1378,10991,"CARDINAL HEALTH INC."
105100,63580,930588,1,0,,50,0,0,,1,0,0,0,,,,0,0,1378,10991,"CARDINAL HEALTH INC."
105101,63580,930589,1,1,,80,0,0,,1,0,0,1,"ICU, PACU",,,0,0,1378,10991,"CARDINAL HEALTH INC."
105102,63580,930590,1,1,,80,0,0,,1,0,0,0,,,,0,0,1378,10991,"CARDINAL HEALTH INC."
105113,63586,930644,1,1,,100,0,0,,1,0,1,0,,,,0,0,1378,10991,"CARDINAL HEALTH INC."
105114,63586,930645,1,1,,100,0,0,,1,0,1,0,,,,0,0,1378,10991,"CARDINAL HEALTH INC."
105115,63586,930646,1,1,,100,0,0,,1,0,1,0,,,,0,0,1378,10991,"CARDINAL HEALTH INC."
105116,63586,930647,1,1,,90,0,0,,1,0,1,0,,,,0,0,1379,10991,"CARDINAL HEALTH INC."
105105,63580,930593,1,1,,70,0,0,,0,0,0,0,,,,0,0,1378,10991,"CARDINAL HEALTH INC."
105106,63580,930594,1,0,,95,0,0,,1,0,0,1,"ICU",,,0,0,1378,10991,"CARDINAL HEALTH INC."
105107,63580,930595,1,1,,95,0,0,,1,0,0,1,"ICU",,,0,0,1378,10991,"CARDINAL HEALTH INC."
105089,63579,930569,1,1,,80,0,0,,1,1,1,0,,,,0,0,1379,10991,"CARDINAL HEALTH INC."
105090,63580,930578,1,1,,50,0,0,,1,0,0,0,,,,0,0,1378,10991,"CARDINAL HEALTH INC."
104874,63435,928058,1,1,,80,0,0,,1,1,1,0,,,,0,0,1379,10991,"CARDINAL HEALTH INC."
104865,63434,927958,0,0,,,0,0,,0,0,0,0,,,,0,0,1379,10991,"CARDINAL HEALTH INC."
104876,63435,928060,1,1,,80,0,0,,1,1,1,0,,,,0,0,1379,10991,"CARDINAL HEALTH INC."
104877,63435,928061,1,1,"Within 12 months",80,0,0,,1,1,1,0,,,,0,0,1379,10991,"CARDINAL HEALTH INC."
104867,63434,927960,1,0,,80,0,0,,1,0,1,0,,,,0,0,1379,10991,"CARDINAL HEALTH INC."
104868,63434,927961,1,0,,75,0,0,,0,0,0,0,,,,0,0,1379,10991,"CARDINAL HEALTH INC."
104892,63439,928489,1,1,,80,0,0,,1,1,1,0,,,,0,0,,10991,"CARDINAL HEALTH INC."
104893,63439,928490,1,0,,80,0,0,,1,1,1,0,,,,0,0,,10991,"CARDINAL HEALTH INC."
104915,63447,928860,0,0,,,0,0,,0,0,0,0,,,,0,0,,10991,"CARDINAL HEALTH INC."
104918,63448,928924,1,1,,95,0,0,,1,1,1,0,,,,0,0,1379,10991,"CARDINAL HEALTH INC."
104919,63448,928925,1,1,,95,0,0,,1,1,1,0,,,,0,0,1378,10991,"CARDINAL HEALTH INC."
104920,63448,928926,1,1,,95,0,0,,1,1,1,0,,,,0,0,1379,10991,"CARDINAL HEALTH INC."
104921,63448,928927,1,1,,90,0,0,,1,1,1,0,,,,0,0,1378,10991,"CARDINAL HEALTH INC."
104922,63448,928928,1,1,,95,0,0,,1,1,1,1,"ICU, Rehabilitation",,,0,0,1379,10991,"CARDINAL HEALTH INC."
104923,63448,928929,1,1,,75,1,0,,1,1,1,0,,,,1,1,1379,10991,"CARDINAL HEALTH INC."
104912,63447,928857,1,1,,50,0,0,,1,1,1,0,,,,0,0,1381,10991,"CARDINAL HEALTH INC."
104907,63443,928696,1,0,,,0,0,,1,1,0,0,,,,0,0,1381,10991,"CARDINAL HEALTH INC."
104908,63444,928790,1,1,,90,1,0,,1,1,1,0,,,,0,0,1379,10991,"CARDINAL HEALTH INC."
104903,63442,928681,1,0,,90,0,0,,1,1,1,0,,,,0,0,1379,10991,"CARDINAL HEALTH INC."
104904,63443,928693,1,0,,90,0,0,,1,1,1,0,,,,0,0,1381,10991,"CARDINAL HEALTH INC."
104905,63443,928694,1,0,,90,0,0,,1,1,1,0,,,,0,0,1381,10991,"CARDINAL HEALTH INC."
104838,63430,927460,1,0,,75,0,0,,1,1,1,0,,,,1,1,1379,10991,"CARDINAL HEALTH INC."
104860,63434,927953,1,0,,95,0,0,,1,1,1,0,,,,0,0,1380,10991,"CARDINAL HEALTH INC."
104861,63434,927954,0,0,,,0,0,,0,0,0,0,,,,0,0,1379,10991,"CARDINAL HEALTH INC."
104862,63434,927955,1,0,,90,0,0,,1,1,1,0,,,,0,0,1379,10991,"CARDINAL HEALTH INC."
104840,63432,927746,1,0,,90,0,0,,1,0,0,0,,,,0,0,1378,10991,"CARDINAL HEALTH INC."
104841,63432,927747,1,0,,75,0,0,,1,1,0,0,,,,0,0,1378,10991,"CARDINAL HEALTH INC."
104842,63432,927748,1,0,,100,0,0,,1,0,1,0,,,,0,0,1379,10991,"CARDINAL HEALTH INC."
104843,63432,927749,1,0,,100,0,0,,1,0,1,0,,,,0,0,1379,10991,"CARDINAL HEALTH INC."
104844,63432,927750,1,0,,75,0,0,,0,0,1,0,,,,0,0,1379,10991,"CARDINAL HEALTH INC."
104845,63432,927751,1,0,,75,0,0,,1,1,1,0,,,,0,0,1379,10991,"CARDINAL HEALTH INC."
104846,63432,927752,1,0,,60,0,0,,1,1,1,0,,,,0,0,1379,10991,"CARDINAL HEALTH INC."
104847,63432,927753,1,0,,90,0,0,,1,0,0,0,,,,0,0,1379,10991,"CARDINAL HEALTH INC."
104848,63432,927754,1,0,,75,0,0,,1,0,1,0,,,,0,0,1379,10991,"CARDINAL HEALTH INC."
104849,63432,927755,0,0,,,0,0,,0,0,0,0,,,,0,0,1379,10991,"CARDINAL HEALTH INC."
104850,63432,927756,1,0,,95,0,0,,1,1,1,0,,,,0,0,1379,10991,"CARDINAL HEALTH INC."
104851,63432,927757,1,0,,90,0,0,,1,0,0,0,,,,0,0,1379,10991,"CARDINAL HEALTH INC."
104852,63432,927758,1,0,,75,0,0,,1,0,1,0,,,,0,0,1379,10991,"CARDINAL HEALTH INC."
104853,63432,927759,0,0,,,0,0,,0,0,0,0,,,,0,0,1379,10991,"CARDINAL HEALTH INC."
104829,63426,927156,1,0,,,0,0,,0,0,0,0,,,,0,0,1378,10991,"CARDINAL HEALTH INC."
104784,58444,912899,1,0,,95,0,0,,1,1,0,0,,,,0,0,1379,10991,"CARDINAL HEALTH INC."
104785,58444,912900,1,0,,95,0,0,,1,1,1,0,,,,0,0,1379,10991,"CARDINAL HEALTH INC."
104786,58444,912901,1,0,,95,0,0,,1,1,1,0,,,,0,0,1379,10991,"CARDINAL HEALTH INC."
104787,58444,912902,1,0,,95,0,0,,1,1,1,0,,,,0,0,1379,10991,"CARDINAL HEALTH INC."
104788,58444,912903,1,1,,95,0,0,,1,1,0,0,,,,0,0,1379,10991,"CARDINAL HEALTH INC."
104789,58444,912904,1,0,,95,0,0,,1,1,1,0,,,,0,0,1379,10991,"CARDINAL HEALTH INC."
104790,58444,912905,1,0,,95,0,0,,1,1,1,0,,,,0,0,1379,10991,"CARDINAL HEALTH INC."
104791,58444,912906,1,0,,95,0,0,,0,1,0,0,,,,0,0,1379,10991,"CARDINAL HEALTH INC."
104792,58444,912907,1,0,,95,0,0,,1,0,1,0,,,,0,0,1379,10991,"CARDINAL HEALTH INC."
104793,58444,912908,1,0,,100,0,0,,1,1,0,0,,,,1,1,1379,10991,"CARDINAL HEALTH INC."
104794,58444,912909,1,0,,95,0,0,,1,1,1,0,,,,0,0,1379,10991,"CARDINAL HEALTH INC."
104795,58444,912910,1,0,,40,0,0,,1,1,1,0,,,,0,0,1380,10991,"CARDINAL HEALTH INC."
104894,58444,928523,1,0,,,0,0,,1,1,0,0,,,,0,0,1379,10991,"CARDINAL HEALTH INC."
104895,58444,928524,1,0,,80,0,0,,1,1,1,0,,,,0,0,,10991,"CARDINAL HEALTH INC."
104896,58444,928525,1,0,,80,0,0,,1,1,1,0,,,,0,0,,10991,"CARDINAL HEALTH INC."
104897,58444,928526,1,0,,50,0,0,,1,0,0,0,,,,0,0,1379,10991,"CARDINAL HEALTH INC."
104898,58444,928527,1,0,,50,0,0,,1,1,1,0,,,,0,0,,10991,"CARDINAL HEALTH INC."
104899,58444,928528,1,0,,,0,0,,1,1,0,0,,,,0,0,,10991,"CARDINAL HEALTH INC."
104337,57757,909447,0,0,,,0,0,,0,0,0,0,,,,0,0,1379,10991,"CARDINAL HEALTH INC."
104330,57754,909432,1,0,,90,0,0,,1,1,1,0,,,,0,0,1381,10991,"CARDINAL HEALTH INC."
104350,58432,909656,1,1,,95,0,0,,1,1,1,1,"Cancer Medicine",,,0,0,1381,10991,"CARDINAL HEALTH INC."
104399,58432,909705,1,1,,90,0,0,,1,1,0,0,,,"Within 12 months",1,1,1381,10991,"CARDINAL HEALTH INC."
104417,58432,909723,1,1,,95,0,0,,1,1,1,0,,,,0,0,1381,10991,"CARDINAL HEALTH INC."
104418,58432,909724,1,1,,90,0,0,,1,1,1,0,,,,0,0,1379,10991,"CARDINAL HEALTH INC."
104781,58442,912862,1,1,,90,0,0,,1,1,1,0,,,,1,1,1381,10991,"CARDINAL HEALTH INC."
101707,56885,880083,1,0,,90,0,0,,1,1,1,0,,,,0,0,,10991,"CARDINAL HEALTH INC."
101708,56885,880084,1,0,,90,0,0,,1,1,1,0,,,,0,0,,10991,"CARDINAL HEALTH INC."
101704,56882,880064,1,1,,60,0,0,,1,1,1,0,,,,0,0,1379,10991,"CARDINAL HEALTH INC."
101723,56897,880242,1,1,,85,0,0,,1,1,0,0,,,,0,0,,10991,"CARDINAL HEALTH INC."
101724,56898,880253,1,0,,,0,0,,1,1,0,0,,,,0,0,1379,10991,"CARDINAL HEALTH INC."
101767,56908,881548,1,1,"Within 12 months",95,0,0,,1,1,1,0,,,,0,0,1381,10991,"CARDINAL HEALTH INC."
101807,56930,882386,1,1,,75,0,0,,1,1,1,0,,,,0,0,1381,10991,"CARDINAL HEALTH INC."
101808,56930,882387,1,1,,,0,0,,1,1,1,0,,,,0,0,1381,10991,"CARDINAL HEALTH INC."
101809,56930,882388,1,1,,75,0,0,,1,1,1,0,,,,0,0,1381,10991,"CARDINAL HEALTH INC."
101810,56930,882389,1,1,,75,0,0,,1,1,1,0,,,,0,0,1381,10991,"CARDINAL HEALTH INC."
101811,56930,882390,1,1,,75,0,0,,1,1,1,0,,,,0,0,1381,10991,"CARDINAL HEALTH INC."
101812,56930,882391,1,1,,75,0,0,,1,1,1,0,,,,0,0,1381,10991,"CARDINAL HEALTH INC."
101813,56930,882392,1,1,,80,0,0,,1,1,1,0,,,,0,0,1378,10991,"CARDINAL HEALTH INC."
101787,56925,881793,1,0,,95,0,0,,1,1,0,0,,,,0,0,,10991,"CARDINAL HEALTH INC."
101788,56925,881794,1,0,,80,0,0,,1,0,1,0,,,,0,0,1380,10991,"CARDINAL HEALTH INC."
101777,56918,881693,1,1,,80,0,0,,1,1,1,0,,,,0,0,1379,10991,"CARDINAL HEALTH INC."
101779,56920,881729,0,0,,,0,0,,0,0,0,0,,,,0,0,1379,10991,"CARDINAL HEALTH INC."
103594,56938,901404,1,0,,100,0,0,,1,1,1,0,,,,0,1,1379,10991,"CARDINAL HEALTH INC."
103595,56938,901405,1,0,,100,1,0,,1,1,1,0,,,,0,1,1379,10991,"CARDINAL HEALTH INC."
103596,56938,901406,1,0,,100,1,0,,1,1,1,0,,,,0,1,1379,10991,"CARDINAL HEALTH INC."
103597,56938,901407,1,0,,100,1,0,,1,0,0,0,,,,0,1,1379,10991,"CARDINAL HEALTH INC."
101837,56938,882933,1,1,"Within 12 months",90,0,0,,1,1,1,0,,,,0,0,1380,10991,"CARDINAL HEALTH INC."
101447,56742,876948,1,1,,96,0,0,,1,0,0,0,,,,0,0,1379,10991,"CARDINAL HEALTH INC."
101580,56832,878866,1,1,,90,0,0,,1,1,1,1,"ICU, OB/GYN",,,0,0,1381,10991,"CARDINAL HEALTH INC."
101616,56860,879305,1,0,,90,0,0,,1,1,1,0,,,,0,1,1381,10991,"CARDINAL HEALTH INC."
101529,56860,878348,1,0,,60,0,0,,1,1,1,0,,,,0,0,1379,10991,"CARDINAL HEALTH INC."
101587,56839,878908,1,1,,100,0,0,,1,1,1,0,,,,0,0,1380,10991,"CARDINAL HEALTH INC."
101588,56840,878911,1,1,,95,0,0,,1,1,1,0,,,,0,0,1379,10991,"CARDINAL HEALTH INC."
101719,56894,880193,1,1,,95,0,0,,1,1,1,0,,,,0,0,,10991,"CARDINAL HEALTH INC."
101720,56894,880194,1,1,,95,0,0,,1,1,1,0,,,,0,0,,10991,"CARDINAL HEALTH INC."
101721,56895,880235,1,0,,95,0,0,,0,1,0,0,,,,0,0,1378,10991,"CARDINAL HEALTH INC."
101551,56809,878566,1,0,,90,0,0,,1,1,1,0,,,,0,0,1379,10991,"CARDINAL HEALTH INC."
101552,56809,878567,1,0,,90,0,0,,1,1,1,0,,,,0,0,1379,10991,"CARDINAL HEALTH INC."
101553,56809,878568,1,0,,90,0,0,,1,1,1,0,,,,0,0,1379,10991,"CARDINAL HEALTH INC."
101554,56809,878569,1,0,,90,0,0,,1,1,1,0,,,,0,0,1379,10991,"CARDINAL HEALTH INC."
101555,56810,878615,1,0,,90,0,0,,1,1,1,0,,,,0,0,1379,10991,"CARDINAL HEALTH INC."
101556,56811,878617,1,1,,60,0,0,,0,1,0,1,"ICU",,,0,0,1378,10991,"CARDINAL HEALTH INC."
101557,56812,878625,1,1,,90,0,0,,0,1,1,0,,,,0,0,1381,10991,"CARDINAL HEALTH INC."
101558,56813,878629,1,1,,95,0,0,,0,0,0,0,,,,0,0,1379,10991,"CARDINAL HEALTH INC."
101607,56852,879164,1,0,,90,0,0,,0,1,1,0,,,,0,0,1379,10991,"CARDINAL HEALTH INC."
101608,56852,879165,1,0,,60,0,0,,1,1,1,0,,,,0,0,1379,10991,"CARDINAL HEALTH INC."
101562,56815,878661,1,1,,50,0,0,,0,1,0,0,,,,0,0,1378,10991,"CARDINAL HEALTH INC."
101563,56816,878663,1,1,,95,0,0,,1,1,1,0,,,,0,0,1379,10991,"CARDINAL HEALTH INC."
102088,57056,885842,1,0,,90,0,0,,1,1,0,0,,,,0,0,1378,10991,"CARDINAL HEALTH INC."
102125,57080,886350,1,0,,95,0,0,,1,1,0,0,,,,0,0,1379,10991,"CARDINAL HEALTH INC."
102135,57084,886488,1,0,,99,0,0,,1,1,0,0,,,,0,0,1379,10991,"CARDINAL HEALTH INC."
102136,57084,886489,1,0,,90,1,0,,1,1,0,0,,,,0,1,1379,10991,"CARDINAL HEALTH INC."
102528,57084,889371,0,0,,,0,0,,0,0,0,0,,,,0,0,1379,10991,"CARDINAL HEALTH INC."
102122,57078,886324,1,1,,85,0,0,,1,1,1,0,,,,0,0,1379,10991,"CARDINAL HEALTH INC."
102123,57078,886325,1,1,,95,0,0,,1,1,1,0,,,,0,0,1380,10991,"CARDINAL HEALTH INC."
101966,56980,884488,1,0,,80,1,0,,1,1,1,0,,,,0,0,1380,10991,"CARDINAL HEALTH INC."
101565,56818,878695,1,0,,90,0,0,,1,1,1,0,,,,0,0,1380,10991,"CARDINAL HEALTH INC."
102085,57054,885823,0,0,,,0,0,,0,0,0,0,,,,0,0,1378,10991,"CARDINAL HEALTH INC."
102079,57048,885765,1,1,,80,0,0,,0,0,1,0,,,,0,0,1378,10991,"CARDINAL HEALTH INC."
102080,57049,885770,1,0,,65,0,0,,1,1,1,0,,,,0,0,1379,10991,"CARDINAL HEALTH INC."
102081,57050,885776,1,0,,,0,0,,0,0,0,0,,,,0,0,1378,10991,"CARDINAL HEALTH INC."
102082,57051,885780,1,1,,95,0,0,,1,1,0,1,"ICU, OB/GYN, PACU",,,0,0,1378,10991,"CARDINAL HEALTH INC."
102070,57043,885690,1,1,,75,0,0,,1,1,1,0,,,,0,0,1380,10991,"CARDINAL HEALTH INC."
102138,57086,886506,0,0,,,0,0,,0,0,0,0,,,,0,0,1378,10991,"CARDINAL HEALTH INC."
102153,57092,886590,1,0,,100,0,0,,1,0,1,0,,,,0,0,1379,10991,"CARDINAL HEALTH INC."
102154,57092,886591,1,0,,95,0,0,,1,1,1,0,,,,0,0,1379,10991,"CARDINAL HEALTH INC."
102155,57092,886592,1,0,,95,0,0,,1,0,0,0,,,,0,0,1379,10991,"CARDINAL HEALTH INC."
102146,57090,886577,0,0,,,0,0,,0,0,0,0,,,,0,0,1379,10991,"CARDINAL HEALTH INC."
102147,57091,886581,1,0,,30,0,0,,0,1,1,0,,,,0,0,1380,10991,"CARDINAL HEALTH INC."
102148,57092,886585,1,0,,95,0,0,,1,1,1,0,,,,0,0,1378,10991,"CARDINAL HEALTH INC."
102149,57092,886586,1,0,,95,0,0,,1,1,1,0,,,,0,0,1378,10991,"CARDINAL HEALTH INC."
102150,57092,886587,1,0,,95,0,0,,1,0,0,0,,,,0,0,1379,10991,"CARDINAL HEALTH INC."
102272,57094,887500,1,1,,85,0,0,,1,1,1,0,,,,0,0,1378,10991,"CARDINAL HEALTH INC."
102273,57094,887501,1,1,,90,0,0,,1,1,1,0,,,,0,0,1378,10991,"CARDINAL HEALTH INC."
102268,57094,887496,1,1,,90,0,0,,1,1,0,0,,,,0,0,1378,10991,"CARDINAL HEALTH INC."
102270,57094,887498,1,1,,90,0,0,,1,1,1,0,,,,0,0,1378,10991,"CARDINAL HEALTH INC."
102167,57092,886604,1,0,,95,0,0,,1,0,0,0,,,,0,0,1379,10991,"CARDINAL HEALTH INC."
102168,57092,886605,1,0,,100,0,0,,1,1,1,0,,,,0,0,1378,10991,"CARDINAL HEALTH INC."
102169,57092,886606,1,0,,95,0,0,,1,0,0,0,,,,0,0,1378,10991,"CARDINAL HEALTH INC."
102163,57092,886600,1,0,,95,0,0,,1,1,1,0,,,,0,0,1379,10991,"CARDINAL HEALTH INC."
102161,57092,886598,1,0,,95,0,0,,1,1,1,0,,,,0,0,1379,10991,"CARDINAL HEALTH INC."
102159,57092,886596,1,0,,95,0,0,,0,1,0,0,,,,0,0,1378,10991,"CARDINAL HEALTH INC."
102318,57094,887546,1,1,,85,0,0,,1,1,0,0,,,,0,0,1378,10991,"CARDINAL HEALTH INC."
102310,57094,887538,1,1,,99,0,0,,1,1,1,0,,,,0,0,1378,10991,"CARDINAL HEALTH INC."
102316,57094,887544,1,1,,80,0,0,,1,1,0,0,,,,0,0,1378,10991,"CARDINAL HEALTH INC."
102307,57094,887535,1,1,,80,0,0,,1,1,1,0,,,,0,0,1378,10991,"CARDINAL HEALTH INC."
102301,57094,887529,1,1,,80,0,0,,1,1,1,0,,,,0,0,1378,10991,"CARDINAL HEALTH INC."
102298,57094,887526,1,1,,80,0,0,,1,1,1,0,,,,0,0,1378,10991,"CARDINAL HEALTH INC."
102296,57094,887524,1,1,,80,0,0,,1,1,1,0,,,,0,0,1378,10991,"CARDINAL HEALTH INC."
102294,57094,887522,1,1,,90,0,0,,1,1,1,0,,,,0,0,1378,10991,"CARDINAL HEALTH INC."
102289,57094,887517,1,1,,95,0,0,,1,1,0,0,,,,0,0,1378,10991,"CARDINAL HEALTH INC."
102286,57094,887514,1,1,,85,0,0,,1,1,1,0,,,,0,0,1378,10991,"CARDINAL HEALTH INC."
102283,57094,887511,1,1,,90,0,0,,1,1,1,0,,,,0,0,1378,10991,"CARDINAL HEALTH INC."
102276,57094,887504,1,1,,95,0,0,,1,1,1,0,,,,0,0,1378,10991,"CARDINAL HEALTH INC."
102277,57094,887505,1,1,,95,0,0,,1,1,1,0,,,,0,0,1378,10991,"CARDINAL HEALTH INC."
102278,57094,887506,1,1,,95,0,0,,1,1,1,0,,,,0,0,1378,10991,"CARDINAL HEALTH INC."
102003,57002,884813,1,1,,100,0,0,,1,1,1,0,,,,0,0,1379,10991,"CARDINAL HEALTH INC."
101951,56973,884308,0,0,,,0,0,,0,0,0,0,,,,0,0,1378,10991,"CARDINAL HEALTH INC."
101952,56974,884312,1,1,,75,0,0,,1,1,1,0,,,,0,0,1381,10991,"CARDINAL HEALTH INC."
101953,56975,884323,0,0,,,0,0,,0,0,0,0,,,,0,0,1379,10991,"CARDINAL HEALTH INC."
101954,56976,884328,1,1,,95,0,0,,1,1,1,0,,,,0,0,1381,10991,"CARDINAL HEALTH INC."
101946,56969,884173,1,0,,60,0,0,,1,1,1,0,,,,0,0,1379,10991,"CARDINAL HEALTH INC."
101947,56970,884245,1,0,,95,0,0,,1,1,1,0,,,,0,0,1381,10991,"CARDINAL HEALTH INC."
101948,56971,884272,1,0,,90,0,0,,1,1,1,0,,,,0,1,1381,10991,"CARDINAL HEALTH INC."
101949,56971,884273,1,0,,95,0,0,,1,1,1,0,,,,0,0,1381,10991,"CARDINAL HEALTH INC."
102678,57151,890817,1,1,,75,0,0,,1,1,0,0,,,,0,0,1378,10991,"CARDINAL HEALTH INC."
102679,57151,890818,1,1,,75,0,0,,1,1,1,0,,,,0,1,1379,10991,"CARDINAL HEALTH INC."
102680,57151,890819,1,0,,90,0,0,,1,1,0,0,,,,0,0,1378,10991,"CARDINAL HEALTH INC."
102704,57171,891077,1,1,,90,0,0,,1,1,1,0,,,,0,0,1378,10991,"CARDINAL HEALTH INC."
102705,57171,891078,1,1,,90,0,0,,1,1,1,0,,,,0,0,1378,10991,"CARDINAL HEALTH INC."
102700,57167,891049,1,0,,100,0,0,,1,1,0,0,,,,0,0,1379,10991,"CARDINAL HEALTH INC."
102696,57163,890990,1,1,,95,1,0,,1,1,1,0,,,,1,1,,10991,"CARDINAL HEALTH INC."
102691,57158,890940,1,1,,75,1,0,,1,1,0,0,,,,1,1,1379,10991,"CARDINAL HEALTH INC."
102661,57148,890417,1,1,,90,0,0,,1,1,1,0,,,,0,0,1378,10991,"CARDINAL HEALTH INC."
102994,57197,893661,1,0,,80,0,0,,1,1,1,0,,,,0,0,1379,10991,"CARDINAL HEALTH INC."
102995,57197,893662,1,0,,90,1,0,,1,1,1,0,,,,0,1,1379,10991,"CARDINAL HEALTH INC."
102996,57197,893663,1,0,,96,1,0,,1,1,1,0,,,,0,0,1379,10991,"CARDINAL HEALTH INC."
102997,57197,893664,1,0,,90,0,0,,1,1,1,0,,,,0,0,1379,10991,"CARDINAL HEALTH INC."
102998,57197,893665,1,0,,90,0,0,,1,1,1,0,,,,0,0,1379,10991,"CARDINAL HEALTH INC."
102999,57197,893666,1,0,,80,0,0,,1,1,1,0,,,,0,0,1379,10991,"CARDINAL HEALTH INC."
103000,57197,893667,0,0,,,0,0,,0,0,0,0,,,,0,0,1379,10991,"CARDINAL HEALTH INC."
103001,57197,893668,1,0,,99,0,0,,1,1,1,0,,,,0,0,1379,10991,"CARDINAL HEALTH INC."
103002,57197,893669,1,0,,90,0,0,,1,1,1,0,,,,0,0,1379,10991,"CARDINAL HEALTH INC."
103003,57197,893670,1,0,,90,0,0,,1,1,1,0,,,,0,0,1379,10991,"CARDINAL HEALTH INC."
103004,57197,893671,1,0,,70,1,0,,1,1,1,1,"Cancer Center, Cardiac Cath-Lab., GI Laboratory",,,0,0,1379,10991,"CARDINAL HEALTH INC."
103005,57197,893672,1,0,,87,0,0,,1,1,1,1,"Cardiac Cath-Lab., GI Laboratory, Rehabilitation",,,0,0,1378,10991,"CARDINAL HEALTH INC."
103006,57197,893673,1,0,,90,1,0,,1,1,1,0,,,,0,1,1379,10991,"CARDINAL HEALTH INC."
103007,57197,893674,1,0,,80,0,0,,1,1,1,0,,,,0,1,1379,10991,"CARDINAL HEALTH INC."
103008,57197,893675,1,0,,95,0,0,,1,1,1,0,,,,0,0,1379,10991,"CARDINAL HEALTH INC."
103009,57197,893676,1,0,,80,0,0,,1,1,1,0,,,,0,0,1379,10991,"CARDINAL HEALTH INC."
103010,57197,893677,1,0,,80,0,0,,1,1,0,0,,,,0,0,1379,10991,"CARDINAL HEALTH INC."
103011,57197,893678,1,0,,40,0,0,,1,1,1,0,,,,0,0,1379,10991,"CARDINAL HEALTH INC."
103012,57197,893679,1,0,,100,1,0,,1,1,1,0,,,,0,1,1379,10991,"CARDINAL HEALTH INC."
103013,57197,893680,1,0,,80,0,0,,1,1,1,0,,,,0,0,1379,10991,"CARDINAL HEALTH INC."
103014,57197,893681,1,0,,90,0,0,,1,1,1,0,,,,0,0,1379,10991,"CARDINAL HEALTH INC."
103015,57197,893682,1,0,,90,0,0,,1,1,1,0,,,,0,1,1379,10991,"CARDINAL HEALTH INC."
102907,57189,892523,1,0,,90,0,0,,1,1,1,0,,,,0,0,1379,10991,"CARDINAL HEALTH INC."
102908,57189,892524,1,0,,90,0,0,,1,1,1,1,"Anesthesia, Off-campus locations, Procedural areas",,,0,0,1379,10991,"CARDINAL HEALTH INC."
102909,57189,892525,1,0,,95,0,0,,1,1,1,1,"Anesthesia, Off-campus locations, Procedural areas",,,0,0,1381,10991,"CARDINAL HEALTH INC."
102910,57189,892526,1,0,,95,0,0,,1,1,1,1,"Anesthesia, Off-campus locations, Procedural areas",,,0,0,1381,10991,"CARDINAL HEALTH INC."
102911,57189,892527,1,0,,95,0,0,,1,1,1,1,"Anesthesia, Off-campus locations, Procedural areas",,,0,0,1378,10991,"CARDINAL HEALTH INC."
102912,57189,892528,1,0,,80,0,0,,1,1,1,1,"Anesthesia, Off-campus locations, Procedural areas",,,0,0,1379,10991,"CARDINAL HEALTH INC."
102913,57189,892529,1,0,,25,0,0,,1,0,0,0,,,,0,0,,10991,"CARDINAL HEALTH INC."
103021,57198,894221,1,1,,90,1,0,,1,1,1,1,"ICU, OB/GYN",,,1,1,1379,10991,"CARDINAL HEALTH INC."
103022,57198,894222,1,1,,90,1,0,,1,1,1,1,"ICU, OB/GYN",,,1,1,1379,10991,"CARDINAL HEALTH INC."
102868,57184,892306,1,1,,98,0,0,,1,1,1,0,,,,0,0,1378,10991,"CARDINAL HEALTH INC."
103041,57201,894383,1,1,,85,0,0,,1,1,1,0,,,,0,0,1381,10991,"CARDINAL HEALTH INC."
102952,57197,893619,1,0,,60,1,0,,1,1,1,0,,,,0,0,1379,10991,"CARDINAL HEALTH INC."
102953,57197,893620,1,0,,30,0,0,,1,1,1,0,,,,0,0,1379,10991,"CARDINAL HEALTH INC."
102954,57197,893621,0,0,,,0,0,,0,0,0,0,,,,0,0,1379,10991,"CARDINAL HEALTH INC."
102955,57197,893622,1,0,,100,0,0,,1,1,1,0,,,,0,0,1379,10991,"CARDINAL HEALTH INC."
102956,57197,893623,1,0,,90,0,0,,1,0,1,0,,,,0,0,1379,10991,"CARDINAL HEALTH INC."
102957,57197,893624,0,0,,,0,0,,0,0,0,0,,,,0,0,1379,10991,"CARDINAL HEALTH INC."
102958,57197,893625,0,0,,,0,0,,0,0,0,0,,,,0,0,1379,10991,"CARDINAL HEALTH INC."
102959,57197,893626,1,0,,50,0,0,,1,0,1,0,,,,0,0,1379,10991,"CARDINAL HEALTH INC."
102960,57197,893627,1,0,,85,0,0,,1,1,1,0,,,,0,0,1379,10991,"CARDINAL HEALTH INC."
102961,57197,893628,1,0,,90,0,0,,1,0,0,0,,,,0,0,1379,10991,"CARDINAL HEALTH INC."
102962,57197,893629,1,1,,55,0,0,,1,1,0,0,,,,0,0,1379,10991,"CARDINAL HEALTH INC."
102963,57197,893630,1,0,,75,0,0,,1,1,1,0,,,,0,0,1379,10991,"CARDINAL HEALTH INC."
102964,57197,893631,1,0,,60,1,0,,1,1,1,0,,,,0,0,1379,10991,"CARDINAL HEALTH INC."
102965,57197,893632,1,0,,50,0,0,,1,1,1,0,,,,0,0,1379,10991,"CARDINAL HEALTH INC."
102966,57197,893633,1,0,,30,0,0,,1,1,1,0,,,,0,0,1379,10991,"CARDINAL HEALTH INC."
102967,57197,893634,1,0,,90,0,0,,1,1,1,0,,,,0,0,1379,10991,"CARDINAL HEALTH INC."
102968,57197,893635,1,0,,90,0,0,,1,0,0,0,,,,0,0,1379,10991,"CARDINAL HEALTH INC."
102969,57197,893636,0,0,,,0,0,,0,0,0,0,,,,0,0,1378,10991,"CARDINAL HEALTH INC."
102970,57197,893637,1,0,,70,0,0,,1,1,0,0,,,,0,0,1379,10991,"CARDINAL HEALTH INC."
102971,57197,893638,1,0,,40,0,0,,1,1,1,0,,,,0,0,1379,10991,"CARDINAL HEALTH INC."
102972,57197,893639,1,0,,40,0,0,,1,1,1,0,,,,0,0,1379,10991,"CARDINAL HEALTH INC."
102973,57197,893640,1,0,,40,0,0,,1,1,1,0,,,,0,0,1379,10991,"CARDINAL HEALTH INC."
102974,57197,893641,1,0,,75,0,0,,1,1,0,0,,,,0,0,1379,10991,"CARDINAL HEALTH INC."
102975,57197,893642,1,0,,75,0,0,,1,1,1,0,,,,0,0,1379,10991,"CARDINAL HEALTH INC."
102976,57197,893643,1,0,,50,1,0,,1,1,1,0,,,,0,0,1379,10991,"CARDINAL HEALTH INC."
102977,57197,893644,1,0,,50,0,0,,1,1,1,0,,,,0,0,1379,10991,"CARDINAL HEALTH INC."
102978,57197,893645,1,0,,95,0,0,,1,1,1,0,,,,0,0,1379,10991,"CARDINAL HEALTH INC."
102979,57197,893646,1,0,,30,0,0,,1,1,1,0,,,,0,0,1379,10991,"CARDINAL HEALTH INC."
102980,57197,893647,1,0,,90,0,0,,1,1,1,0,,,,0,1,1379,10991,"CARDINAL HEALTH INC."
102981,57197,893648,1,0,,90,0,0,,1,0,1,0,,,,0,0,1379,10991,"CARDINAL HEALTH INC."
102982,57197,893649,1,0,,90,0,0,,1,1,1,0,,,,0,0,1379,10991,"CARDINAL HEALTH INC."
102983,57197,893650,1,0,,90,0,0,,1,1,1,0,,,,0,0,1379,10991,"CARDINAL HEALTH INC."
102984,57197,893651,1,0,,85,0,0,,1,1,1,0,,,,0,0,1379,10991,"CARDINAL HEALTH INC."
102985,57197,893652,0,0,,,0,0,,0,0,0,0,,,,0,0,1379,10991,"CARDINAL HEALTH INC."
102986,57197,893653,1,0,,60,0,0,,1,1,1,0,,,,0,0,1379,10991,"CARDINAL HEALTH INC."
102987,57197,893654,1,0,,95,0,0,,1,1,1,0,,,,0,0,1379,10991,"CARDINAL HEALTH INC."
102988,57197,893655,1,0,,60,0,0,,0,1,0,0,,,,0,0,1379,10991,"CARDINAL HEALTH INC."
102989,57197,893656,1,0,,75,0,0,,1,1,1,0,,,,0,1,1379,10991,"CARDINAL HEALTH INC."
102990,57197,893657,1,0,,80,0,0,,1,1,1,0,,,,0,0,1379,10991,"CARDINAL HEALTH INC."
102991,57197,893658,1,0,,80,0,0,,1,1,1,0,,,,0,0,1379,10991,"CARDINAL HEALTH INC."
102992,57197,893659,1,0,,75,0,0,,1,1,1,0,,,,0,0,1379,10991,"CARDINAL HEALTH INC."
102899,57189,892515,1,0,,95,0,0,,1,1,1,0,,,,0,0,1379,10991,"CARDINAL HEALTH INC."
102900,57189,892516,1,0,,90,0,0,,1,1,1,0,,,,0,0,1379,10991,"CARDINAL HEALTH INC."
102901,57189,892517,1,0,,95,0,0,,1,1,1,1,"Anesthesia, Off-campus locations, Procedural areas",,,0,0,1378,10991,"CARDINAL HEALTH INC."
102902,57189,892518,1,0,,80,0,0,,1,1,1,1,"Anesthesia, Off-campus locations, Procedural areas",,,0,0,1379,10991,"CARDINAL HEALTH INC."
102903,57189,892519,1,0,,80,0,0,,1,1,1,1,"Anesthesia, Off-campus locations, Procedural areas",,,0,0,1378,10991,"CARDINAL HEALTH INC."
102904,57189,892520,1,0,,95,0,0,,1,1,1,1,"Anesthesia, Off-campus locations, Procedural areas",,,0,0,1378,10991,"CARDINAL HEALTH INC."
102905,57189,892521,1,0,,70,0,0,,1,1,0,0,,,,0,0,1381,10991,"CARDINAL HEALTH INC."
102888,57184,892326,1,1,,90,0,0,,1,1,0,0,,,,0,0,1378,10991,"CARDINAL HEALTH INC."
102866,57184,892304,1,1,,90,0,0,,1,1,0,0,,,,0,0,1378,10991,"CARDINAL HEALTH INC."
102880,57184,892318,1,1,,90,0,0,,1,1,1,0,,,,0,0,1378,10991,"CARDINAL HEALTH INC."
102858,57184,892296,1,1,,80,0,0,,1,1,0,0,,,,0,0,1378,10991,"CARDINAL HEALTH INC."
102534,57102,889567,1,0,,95,0,0,,0,0,0,0,,,,0,1,1379,10991,"CARDINAL HEALTH INC."
102535,57103,889609,1,0,,85,0,0,,1,1,1,0,,,,0,0,1381,10991,"CARDINAL HEALTH INC."
102536,57103,889610,1,0,,80,0,0,,1,1,0,0,,,,0,0,1379,10991,"CARDINAL HEALTH INC."
102537,57103,889611,1,0,,80,0,0,,1,0,1,0,,,,0,0,1379,10991,"CARDINAL HEALTH INC."
102538,57103,889612,1,0,,75,0,0,,1,1,0,0,,,,0,0,1380,10991,"CARDINAL HEALTH INC."
102539,57103,889613,1,0,,95,0,0,,1,1,1,1,"OB/GYN",,,0,0,1380,10991,"CARDINAL HEALTH INC."
102540,57103,889614,1,0,,90,0,0,,1,1,1,0,,,,0,0,,10991,"CARDINAL HEALTH INC."
102541,57103,889615,1,0,,95,0,0,,1,1,1,0,,,,0,0,1379,10991,"CARDINAL HEALTH INC."
102582,57140,890086,1,1,,90,0,0,,1,1,1,0,,,,0,0,1379,10991,"CARDINAL HEALTH INC."
102565,57123,889982,1,1,,75,0,0,,0,1,0,0,,,,0,0,1378,10991,"CARDINAL HEALTH INC."
102566,57124,889984,1,0,,75,0,0,,1,1,1,0,,,,0,0,1378,10991,"CARDINAL HEALTH INC."
102457,57095,888564,1,1,,30,0,0,,1,1,1,1,"ICU, OB, PAR",,,0,0,1381,10991,"CARDINAL HEALTH INC."
102455,57095,888562,1,0,,95,0,0,,1,1,1,1,"PACU, ACU, ICU, OB",,,0,0,1381,10991,"CARDINAL HEALTH INC."
102501,57095,888608,1,0,,90,0,0,,1,1,1,1,"ICU",,,0,0,1381,10991,"CARDINAL HEALTH INC."
102499,57095,888606,1,0,,75,0,0,,1,1,1,1,"PACU",,,0,0,1381,10991,"CARDINAL HEALTH INC."
102447,57095,888554,1,0,,90,0,0,,1,1,1,1,"RT, OB, ",,,0,0,1381,10991,"CARDINAL HEALTH INC."
102433,57095,888540,1,1,,99,0,0,,1,1,1,1,"Clinic, Radiology",,,0,0,1381,10991,"CARDINAL HEALTH INC."
102434,57095,888541,1,0,,99,0,0,,1,1,1,0,"OB, PACU",,,0,0,1381,10991,"CARDINAL HEALTH INC."
102320,57094,887548,1,1,,90,0,0,,1,1,1,0,,,,0,0,1378,10991,"CARDINAL HEALTH INC."
102391,57094,887619,1,1,,65,0,0,,1,1,1,0,,,,0,0,1379,10991,"CARDINAL HEALTH INC."
102431,57095,888538,1,1,,95,0,0,,1,1,1,1,"OR, SameDay Surgery, OB",,,0,0,1381,10991,"CARDINAL HEALTH INC."
102401,57094,887629,1,1,,85,0,0,,1,1,1,0,,,,0,0,1379,10991,"CARDINAL HEALTH INC."
102402,57094,887630,1,1,,85,0,0,,1,1,1,0,,,,0,0,1378,10991,"CARDINAL HEALTH INC."
102403,57094,887631,1,1,,45,0,0,,0,0,0,0,,,,0,0,,10991,"CARDINAL HEALTH INC."
102404,57094,887632,1,1,,60,0,0,,1,1,1,0,,,,0,0,1378,10991,"CARDINAL HEALTH INC."
102405,57094,887633,1,1,,95,0,0,,1,1,1,0,,,,0,0,1379,10991,"CARDINAL HEALTH INC."
102406,57094,887634,1,1,,80,0,0,,1,1,1,0,,,,0,0,1379,10991,"CARDINAL HEALTH INC."
102359,57094,887587,1,1,,50,0,0,,0,1,1,0,,,,0,0,1379,10991,"CARDINAL HEALTH INC."
102355,57094,887583,1,1,,50,0,0,,0,1,1,0,,,,0,0,1379,10991,"CARDINAL HEALTH INC."
102380,57094,887608,1,1,,95,0,0,,1,1,1,0,,,,0,0,1379,10991,"CARDINAL HEALTH INC."
102349,57094,887577,1,1,,80,0,0,,1,0,0,0,,,,0,0,1378,10991,"CARDINAL HEALTH INC."
102337,57094,887565,1,1,,85,0,0,,1,1,1,0,,,,0,0,1378,10991,"CARDINAL HEALTH INC."
102329,57094,887557,1,1,,90,0,0,,1,1,0,0,,,,0,0,1378,10991,"CARDINAL HEALTH INC."
102324,57094,887552,1,1,,85,0,0,,1,1,1,0,,,,0,0,1378,10991,"CARDINAL HEALTH INC."
100751,56622,870176,1,0,,90,0,0,,1,1,1,0,,,,0,0,1381,10991,"CARDINAL HEALTH INC."
100752,56622,870177,1,0,,85,0,0,,1,1,1,0,,,,0,0,1381,10991,"CARDINAL HEALTH INC."
100753,56622,870178,0,0,,,0,0,,0,0,0,0,,,,0,0,1381,10991,"CARDINAL HEALTH INC."
100736,56614,869927,1,1,,50,0,0,,0,1,0,0,,,,0,0,1380,10991,"CARDINAL HEALTH INC."
100745,56618,870059,1,0,,90,1,0,,1,1,1,1,"ICU",,,0,0,1379,10991,"CARDINAL HEALTH INC."
100746,56618,870060,1,1,,90,0,0,,1,1,1,1,"ICU",,,0,0,1379,10991,"CARDINAL HEALTH INC."
100768,56626,870360,1,1,,90,0,0,,1,1,1,1,"Nursing",,,1,1,1380,10991,"CARDINAL HEALTH INC."
100755,56622,870180,0,0,,,0,0,,0,0,0,0,,,,0,0,1381,10991,"CARDINAL HEALTH INC."
100756,56622,870181,1,0,,90,0,0,,1,0,0,0,,,,0,0,1381,10991,"CARDINAL HEALTH INC."
100780,56641,870549,1,1,"Within 12 months",80,0,0,,1,1,0,1,"CCU, ICU, NICU, OB/GYN",,,0,0,1381,10991,"CARDINAL HEALTH INC."
100904,56669,872005,1,1,,70,0,0,,1,0,1,0,,,,0,0,,10991,"CARDINAL HEALTH INC."
101441,56739,876875,1,1,,95,0,0,,1,1,1,0,,,,0,0,1378,10991,"CARDINAL HEALTH INC."
101442,56739,876876,1,1,,75,0,0,,0,0,0,0,,,,0,0,1379,10991,"CARDINAL HEALTH INC."
101439,56737,876856,0,0,,,0,0,,0,0,0,0,,,,0,0,1379,10991,"CARDINAL HEALTH INC."
101495,56771,877871,1,1,,70,0,0,,1,1,1,0,,,,1,1,1381,10991,"CARDINAL HEALTH INC."
101496,56771,877872,1,1,,93,0,0,,1,1,1,0,,,,1,1,1381,10991,"CARDINAL HEALTH INC."
101492,56769,877722,1,0,,20,1,0,,1,1,1,1,"ICU, Nursing, OB/GYN",,,0,1,1381,10991,"CARDINAL HEALTH INC."
100966,56685,873111,1,1,,95,0,0,,1,0,1,1,"Radiology",,,0,0,1379,10991,"CARDINAL HEALTH INC."
100782,56642,870579,1,1,"Within 12-24 months",90,0,0,,1,1,1,0,,,,0,0,1379,10991,"CARDINAL HEALTH INC."
100942,56678,872474,1,0,,95,0,0,,1,1,1,0,,,,0,0,,10991,"CARDINAL HEALTH INC."
100943,56678,872475,1,0,,95,0,0,,1,0,1,0,,,,0,0,,10991,"CARDINAL HEALTH INC."
100796,56652,870807,1,0,,30,1,0,,1,1,1,0,,,,0,0,1381,10991,"CARDINAL HEALTH INC."
100789,56647,870740,1,0,,40,0,0,,1,1,0,0,,,,0,0,1379,10991,"CARDINAL HEALTH INC."
100790,56648,870749,1,1,,90,0,0,,1,1,1,0,,,,0,0,1381,10991,"CARDINAL HEALTH INC."
100784,56644,870610,1,1,,95,1,0,,1,1,1,0,,,,0,0,1381,10991,"CARDINAL HEALTH INC."
100785,56644,870611,1,1,,100,0,0,,1,1,1,0,,,,1,1,1381,10991,"CARDINAL HEALTH INC."
100786,56644,870612,1,1,,95,0,0,,1,1,1,0,,,,0,0,1381,10991,"CARDINAL HEALTH INC."
101971,56597,884583,0,0,,,0,0,,0,0,0,0,,,,0,0,1380,10991,"CARDINAL HEALTH INC."
101972,56597,884584,1,1,,90,0,0,,1,1,1,0,,,,0,0,1379,10991,"CARDINAL HEALTH INC."
100710,56598,869494,1,1,,90,0,0,,1,1,1,0,,,,0,0,1379,10991,"CARDINAL HEALTH INC."
100697,56594,869246,1,1,,95,0,1,"Within 12 months",1,1,1,0,,,,0,0,1379,10991,"CARDINAL HEALTH INC."
100698,56594,869247,1,1,,99,0,0,,1,1,1,0,,,,0,0,1379,10991,"CARDINAL HEALTH INC."
100726,56610,869756,1,1,,99,0,0,,1,1,1,0,,,,0,0,1379,10991,"CARDINAL HEALTH INC."
100734,56613,869887,1,0,,95,0,0,,1,1,1,0,,,,0,1,1380,10991,"CARDINAL HEALTH INC."
100610,56567,868047,1,0,,95,0,0,,1,1,1,0,,,,0,0,1379,10991,"CARDINAL HEALTH INC."
100699,56595,869291,1,1,,85,0,1,"Within 12-24 months",1,1,1,0,,,,0,0,1379,10991,"CARDINAL HEALTH INC."
100700,56595,869292,1,1,,95,0,0,,1,1,1,0,,,,0,0,1381,10991,"CARDINAL HEALTH INC."
100701,56595,869293,1,1,,95,0,0,,1,0,1,0,,,,0,0,1381,10991,"CARDINAL HEALTH INC."
100702,56595,869294,1,1,,95,0,0,,1,1,1,0,,,,1,1,1381,10991,"CARDINAL HEALTH INC."
100703,56595,869295,1,1,,95,0,0,,1,1,0,0,,,,0,0,1381,10991,"CARDINAL HEALTH INC."
100704,56595,869296,1,1,,98,0,0,,1,1,1,0,,,,0,0,1378,10991,"CARDINAL HEALTH INC."
100705,56595,869297,1,1,,99,0,0,,1,1,1,0,,,,0,0,1381,10991,"CARDINAL HEALTH INC."
100706,56595,869298,1,1,,75,0,0,,1,1,1,0,,,,0,0,1379,10991,"CARDINAL HEALTH INC."
100683,56583,868959,1,1,"Within 12-24 months",80,0,0,,1,1,1,0,,,,0,0,1379,10991,"CARDINAL HEALTH INC."
100576,56553,867562,1,1,,85,0,0,,1,1,1,0,,,,0,0,1378,10991,"CARDINAL HEALTH INC."
100596,56560,867801,1,1,,100,0,0,,0,1,1,0,,,,0,0,1380,10991,"CARDINAL HEALTH INC."
100591,56558,867751,1,1,,95,0,0,,1,1,1,0,,,,1,1,1381,10991,"CARDINAL HEALTH INC."
100650,56577,868799,1,0,,90,0,0,,1,1,1,0,,,,0,0,1379,10991,"CARDINAL HEALTH INC."
100651,56577,868800,1,0,,90,0,0,,1,1,1,0,,,,0,0,1379,10991,"CARDINAL HEALTH INC."
100652,56577,868801,1,0,,80,0,0,,0,0,1,0,,,,0,0,1379,10991,"CARDINAL HEALTH INC."
100455,56507,865744,0,0,,,0,0,,0,0,0,0,,,,0,0,1380,10991,"CARDINAL HEALTH INC."
100512,56529,866482,1,1,">24 months",85,0,0,,1,1,1,0,,,,0,0,1378,10991,"CARDINAL HEALTH INC."
100459,56511,865815,1,1,,88,0,0,,1,1,1,0,,,,0,0,1379,10991,"CARDINAL HEALTH INC."
100460,56511,865816,1,1,,92,1,0,,1,1,1,0,,,,0,0,1379,10991,"CARDINAL HEALTH INC."
100461,56511,865817,1,1,,76,0,0,,1,1,1,1,"Ambulatory Surgery, GI, Radiology",,,0,0,1380,10991,"CARDINAL HEALTH INC."
100462,56511,865818,1,1,,90,0,0,,1,1,1,0,,,,0,0,1379,10991,"CARDINAL HEALTH INC."
100463,56512,865936,1,0,,75,0,0,,1,1,1,0,,,,0,0,1379,10991,"CARDINAL HEALTH INC."
100464,56513,865943,1,1,,90,0,0,,1,1,1,0,,,,0,0,1378,10991,"CARDINAL HEALTH INC."
100465,56514,865954,1,1,,85,0,0,,1,1,1,0,,,,0,0,1380,10991,"CARDINAL HEALTH INC."
100500,56517,866239,1,1,,50,0,0,,1,1,1,1,"PACU, SCU",,,0,0,1381,10991,"CARDINAL HEALTH INC."
100501,56518,866248,0,0,,,0,0,,0,0,0,0,,,,0,0,1378,10991,"CARDINAL HEALTH INC."
100562,56550,867468,1,0,,90,0,0,,1,1,1,0,,,,0,0,1380,10991,"CARDINAL HEALTH INC."
100563,56550,867469,1,1,,,0,0,,0,0,0,0,,,,1,1,1381,10991,"CARDINAL HEALTH INC."
100564,56550,867470,1,0,,95,0,0,,0,0,0,0,,,,0,0,1380,10991,"CARDINAL HEALTH INC."
100565,56550,867471,1,0,,,0,1,,0,0,0,0,,,,0,1,1380,10991,"CARDINAL HEALTH INC."
100566,56550,867472,1,1,,95,0,0,,0,1,0,0,,,,0,0,1378,10991,"CARDINAL HEALTH INC."
100567,56550,867473,1,0,,95,1,0,,0,0,0,0,,,,0,0,1380,10991,"CARDINAL HEALTH INC."
100568,56550,867474,0,0,,,0,0,,0,0,0,0,,,,0,1,1380,10991,"CARDINAL HEALTH INC."
100569,56550,867475,1,0,,90,0,0,,0,0,0,0,,,,0,0,1380,10991,"CARDINAL HEALTH INC."
100570,56550,867476,1,0,,75,0,0,,1,1,1,0,,,,0,0,1380,10991,"CARDINAL HEALTH INC."
100571,56550,867477,1,0,,100,0,0,,0,0,0,0,,,,0,1,1381,10991,"CARDINAL HEALTH INC."
100572,56550,867478,1,0,,85,0,0,,0,0,0,0,,,,0,0,1380,10991,"CARDINAL HEALTH INC."
100573,56550,867479,1,1,,100,0,0,,1,1,1,0,,,,0,0,1380,10991,"CARDINAL HEALTH INC."
100378,56477,864815,1,0,,90,0,0,,1,1,1,0,,,,0,0,1379,10991,"CARDINAL HEALTH INC."
100379,56477,864816,1,0,,90,0,0,,1,1,1,0,,,,0,0,1379,10991,"CARDINAL HEALTH INC."
100380,56477,864817,1,0,,90,0,0,,1,1,1,0,,,,0,0,1379,10991,"CARDINAL HEALTH INC."
100429,56497,865420,1,1,,75,0,0,,1,1,0,0,,,,0,0,1379,10991,"CARDINAL HEALTH INC."
100430,56498,865428,1,1,,30,0,0,,1,1,0,0,,,,0,0,1379,10991,"CARDINAL HEALTH INC."
100387,56481,865008,1,0,,40,0,0,,1,0,0,0,,,,0,0,1379,10991,"CARDINAL HEALTH INC."
100388,56481,865009,1,0,,40,0,0,,1,0,0,0,,,,0,0,1379,10991,"CARDINAL HEALTH INC."
100389,56481,865010,1,0,,40,0,0,,1,0,0,0,,,,0,0,1379,10991,"CARDINAL HEALTH INC."
100391,56481,865012,1,0,,40,0,0,,1,0,0,0,,,,0,0,1379,10991,"CARDINAL HEALTH INC."
100392,56481,865013,1,0,,40,0,0,,1,0,0,0,,,,0,0,1379,10991,"CARDINAL HEALTH INC."
100393,56481,865014,1,0,,85,0,0,,1,0,0,0,,,,0,0,1379,10991,"CARDINAL HEALTH INC."
100394,56481,865015,1,0,,40,0,0,,1,0,0,0,,,,0,0,1381,10991,"CARDINAL HEALTH INC."
100395,56481,865016,1,0,,40,0,0,,1,0,0,0,,,,0,0,1379,10991,"CARDINAL HEALTH INC."
100396,56481,865017,1,0,,99,0,0,,1,0,0,0,,,,0,0,1379,10991,"CARDINAL HEALTH INC."
100397,56481,865018,1,0,,98,0,0,,1,0,0,0,,,,0,0,1379,10991,"CARDINAL HEALTH INC."
100398,56481,865019,1,0,,98,0,0,,1,0,0,0,,,,0,0,1379,10991,"CARDINAL HEALTH INC."
100399,56481,865020,1,0,,40,0,0,,1,0,0,0,,,,0,0,1379,10991,"CARDINAL HEALTH INC."
100400,56481,865021,1,0,,40,0,0,,1,0,0,0,,,,0,0,1379,10991,"CARDINAL HEALTH INC."
100401,56481,865022,1,0,,85,0,0,,1,0,0,0,,,,0,0,1379,10991,"CARDINAL HEALTH INC."
100402,56481,865023,1,0,,40,0,0,,1,0,0,0,,,,0,0,1379,10991,"CARDINAL HEALTH INC."
100403,56481,865024,1,0,,40,0,0,,1,0,0,0,,,,0,0,1379,10991,"CARDINAL HEALTH INC."
100404,56481,865025,1,0,,80,0,0,,1,0,0,0,,,,0,0,1379,10991,"CARDINAL HEALTH INC."
100405,56481,865026,1,0,,40,0,0,,1,0,0,0,,,,0,0,1379,10991,"CARDINAL HEALTH INC."
100406,56481,865027,1,0,,40,0,0,,1,0,0,0,,,,0,0,1379,10991,"CARDINAL HEALTH INC."
100407,56481,865028,1,0,,60,0,0,,1,0,0,0,,,,0,0,1379,10991,"CARDINAL HEALTH INC."
100408,56481,865029,1,0,,40,0,0,,1,0,0,0,,,,0,0,1379,10991,"CARDINAL HEALTH INC."
100409,56481,865030,1,0,,40,0,0,,1,0,0,0,,,,0,0,1379,10991,"CARDINAL HEALTH INC."
100410,56481,865031,1,0,,99,0,0,,1,0,0,0,,,,0,0,1379,10991,"CARDINAL HEALTH INC."
100375,56474,864760,1,0,,95,0,0,,1,1,1,0,,,,0,0,,10991,"CARDINAL HEALTH INC."
100364,56467,864640,1,1,,90,0,0,,1,1,1,0,,,,0,0,1379,10991,"CARDINAL HEALTH INC."
100365,56468,864654,1,1,,90,0,0,,1,1,1,0,,,,0,0,,10991,"CARDINAL HEALTH INC."
100188,56335,861648,1,0,,70,0,0,,1,1,1,0,,,,0,0,1378,10991,"CARDINAL HEALTH INC."
100189,56335,861649,1,0,,70,0,0,,1,1,1,0,,,,0,0,1378,10991,"CARDINAL HEALTH INC."
100190,56336,861662,0,0,,,0,0,,0,0,0,0,,,,0,0,1380,10991,"CARDINAL HEALTH INC."
100029,56198,859393,1,0,,95,0,0,,1,1,1,0,,,,0,0,1378,10991,"CARDINAL HEALTH INC."
100018,56189,859298,0,0,,,0,0,,0,0,0,0,,,,0,0,1378,10991,"CARDINAL HEALTH INC."
100052,56217,859714,1,1,,95,1,0,,1,1,1,0,,,,1,1,1379,10991,"CARDINAL HEALTH INC."
100061,56222,859887,1,0,,,0,0,,1,1,0,0,,,,0,0,1378,10991,"CARDINAL HEALTH INC."
100102,56261,860419,1,0,,30,0,0,,1,0,0,0,,,,0,0,1378,10991,"CARDINAL HEALTH INC."
100099,56258,860387,1,0,,35,0,0,,1,0,0,0,,,,0,0,1378,10991,"CARDINAL HEALTH INC."
100110,56268,860465,1,0,,80,0,0,,1,1,1,0,,,,0,0,1379,10991,"CARDINAL HEALTH INC."
100116,56274,860515,0,0,,,0,0,,0,0,0,0,,,,0,0,,10991,"CARDINAL HEALTH INC."
100117,56275,860521,1,0,,90,0,0,,1,1,1,0,,,,0,0,,10991,"CARDINAL HEALTH INC."
100113,56271,860501,1,0,,40,0,0,,1,1,1,0,,,,0,0,1378,10991,"CARDINAL HEALTH INC."
100141,56292,860759,1,1,,10,0,0,,1,1,0,0,,,,0,0,1380,10991,"CARDINAL HEALTH INC."
100119,56277,860537,1,1,,90,0,0,,1,1,1,0,,,,0,0,1379,10991,"CARDINAL HEALTH INC."
100138,56289,860749,1,0,,50,0,0,,1,1,0,0,,,,0,0,1378,10991,"CARDINAL HEALTH INC."
100133,56284,860670,1,1,,98,0,0,,1,1,1,0,,,,0,0,1379,10991,"CARDINAL HEALTH INC."
100126,56282,860657,1,1,,95,0,0,,1,1,1,0,,,,0,0,1379,10991,"CARDINAL HEALTH INC."
100127,56282,860658,1,1,,80,0,0,,1,1,1,0,,,,0,0,1379,10991,"CARDINAL HEALTH INC."
100165,56313,861315,1,1,,100,0,0,,1,1,1,0,,,,0,0,1379,10991,"CARDINAL HEALTH INC."
100166,56314,861326,1,1,,95,0,0,,1,1,0,0,,,,0,0,1378,10991,"CARDINAL HEALTH INC."
100143,56294,860846,1,1,,98,0,0,,1,1,1,0,,,,0,0,1380,10991,"CARDINAL HEALTH INC."
100161,56309,861193,1,0,,95,0,0,,1,1,1,1,"Outpatient",,,1,1,1379,10991,"CARDINAL HEALTH INC."
100162,56310,861237,1,1,"Within 12 months",90,0,0,,1,1,1,1,"Cardiac Catheterization Lab., Endoscopy, NICU, OB/GYN, PACU, Pediatrics, Radiology",,,0,0,1381,10991,"CARDINAL HEALTH INC."
100163,56311,861293,1,0,,80,0,0,,1,1,1,0,,,,0,0,1379,10991,"CARDINAL HEALTH INC."
100180,56327,861555,1,0,,100,0,0,,1,1,1,0,,,,0,0,1378,10991,"CARDINAL HEALTH INC."
100177,56324,861520,1,0,,95,0,0,,1,1,1,0,,,,0,0,1381,10991,"CARDINAL HEALTH INC."
100172,56319,861400,1,1,"Within 12-24 months",90,0,0,,1,1,1,0,,,,0,0,1379,10991,"CARDINAL HEALTH INC."
100212,56422,862267,1,0,,85,0,0,,1,1,1,0,,,,0,0,1378,10991,"CARDINAL HEALTH INC."
100213,56422,862268,0,0,,,0,0,,0,0,0,0,,,,0,0,1378,10991,"CARDINAL HEALTH INC."
100214,56422,862269,1,0,,85,0,0,,1,1,1,1,"OB/GYN",,,0,0,1378,10991,"CARDINAL HEALTH INC."
100215,56422,862270,1,0,,80,0,0,,1,1,1,0,,,,0,0,1378,10991,"CARDINAL HEALTH INC."
100216,56422,862271,1,0,,85,0,0,,1,1,0,0,,,,0,0,1379,10991,"CARDINAL HEALTH INC."
100217,56422,862272,1,0,,90,0,0,,1,1,1,0,,,,0,0,1379,10991,"CARDINAL HEALTH INC."
100218,56422,862273,1,0,,65,0,0,,1,1,1,0,,,,0,0,1378,10991,"CARDINAL HEALTH INC."
100219,56422,862274,1,0,,85,0,0,,1,1,1,0,,,,0,0,1378,10991,"CARDINAL HEALTH INC."
100220,56422,862275,1,0,,80,0,0,,1,1,1,0,,,,0,0,1380,10991,"CARDINAL HEALTH INC."
100221,56422,862276,1,0,,95,0,0,,1,1,1,0,,,,0,0,1378,10991,"CARDINAL HEALTH INC."
100236,56422,862291,1,0,,80,0,0,,1,1,1,0,,,,0,0,1378,10991,"CARDINAL HEALTH INC."
100237,56422,862292,0,0,,,0,0,,0,0,0,0,,,,0,0,1379,10991,"CARDINAL HEALTH INC."
100238,56422,862293,1,0,,80,0,0,,1,1,1,0,,,,0,0,1378,10991,"CARDINAL HEALTH INC."
100239,56422,862294,1,0,,80,0,0,,1,1,1,0,,,,0,0,1378,10991,"CARDINAL HEALTH INC."
100240,56422,862295,1,0,,95,0,0,,1,1,1,0,,,,0,0,1379,10991,"CARDINAL HEALTH INC."
100241,56422,862296,1,0,,85,0,0,,1,1,1,0,,,,0,0,1378,10991,"CARDINAL HEALTH INC."
100243,56422,862298,0,0,,,0,0,,0,0,0,0,,,,0,0,1379,10991,"CARDINAL HEALTH INC."
100244,56422,862299,1,0,,50,0,0,,1,0,0,0,,,,0,0,1380,10991,"CARDINAL HEALTH INC."
100245,56422,862300,0,0,,,0,0,,0,0,0,0,,,,0,0,1378,10991,"CARDINAL HEALTH INC."
100222,56422,862277,1,0,,45,0,0,,1,0,1,0,,,,0,0,1378,10991,"CARDINAL HEALTH INC."
100223,56422,862278,1,0,,75,0,0,,1,1,1,0,,,,0,0,1378,10991,"CARDINAL HEALTH INC."
100224,56422,862279,1,0,,59,0,0,,0,1,1,0,,,,0,0,1379,10991,"CARDINAL HEALTH INC."
100225,56422,862280,1,0,,75,0,0,,0,1,1,0,,,,0,0,1378,10991,"CARDINAL HEALTH INC."
100226,56422,862281,1,0,,45,0,0,,1,1,1,0,,,,0,0,1378,10991,"CARDINAL HEALTH INC."
100227,56422,862282,0,0,,,0,0,,0,0,0,0,,,,0,0,1380,10991,"CARDINAL HEALTH INC."
100228,56422,862283,0,0,,,0,0,,0,0,0,0,,,,0,0,1378,10991,"CARDINAL HEALTH INC."
100229,56422,862284,1,0,,85,0,0,,1,1,1,0,,,,0,0,1378,10991,"CARDINAL HEALTH INC."
100230,56422,862285,0,0,,,0,0,,0,0,0,0,,,,0,0,1381,10991,"CARDINAL HEALTH INC."
100231,56422,862286,1,0,,75,0,0,,1,1,1,0,,,,0,0,1379,10991,"CARDINAL HEALTH INC."
100232,56422,862287,1,0,,60,0,0,,0,1,1,0,,,,0,0,1378,10991,"CARDINAL HEALTH INC."
100233,56422,862288,1,0,,45,0,0,,0,1,0,0,,,,0,0,1379,10991,"CARDINAL HEALTH INC."
100234,56422,862289,1,0,,95,0,0,,1,1,1,0,,,,0,0,1379,10991,"CARDINAL HEALTH INC."
100235,56422,862290,0,0,,,0,0,,0,0,0,0,,,,0,0,1378,10991,"CARDINAL HEALTH INC."
100308,56454,863263,1,0,,90,0,0,,1,1,1,1,"OB/GYN",,,0,0,1378,10991,"CARDINAL HEALTH INC."
100309,56455,863354,1,0,,95,0,0,,1,1,1,0,,,,0,0,1380,10991,"CARDINAL HEALTH INC."
100289,56447,863188,1,0,,95,0,0,,1,1,1,0,,,,0,0,1379,10991,"CARDINAL HEALTH INC."
99948,56133,858520,1,0,,90,0,0,,1,1,0,0,,,,0,0,1379,10991,"CARDINAL HEALTH INC."
100003,56174,859206,0,0,,,0,0,,0,0,0,0,,,,0,0,1379,10991,"CARDINAL HEALTH INC."
99954,56138,858598,1,0,,90,0,0,,1,1,1,1,"Women & Children's Care",,,0,0,1381,10991,"CARDINAL HEALTH INC."
100014,56185,859273,1,1,,100,0,0,,1,1,1,0,,,,0,0,1380,10991,"CARDINAL HEALTH INC."
100024,56195,859345,1,0,,95,0,0,,1,1,1,0,,,,0,0,1379,10991,"CARDINAL HEALTH INC."
100011,56182,859261,1,1,,,0,0,,1,1,1,0,,,,0,0,1378,10991,"CARDINAL HEALTH INC."
99977,56157,858935,1,0,,90,0,0,,1,1,1,0,,,,0,0,,10991,"CARDINAL HEALTH INC."
99945,56130,858500,0,0,,,0,0,,0,0,0,0,,,,0,0,1378,10991,"CARDINAL HEALTH INC."
99929,56117,858304,1,1,,75,0,0,,1,1,1,0,,,,0,0,1378,10991,"CARDINAL HEALTH INC."
99935,56121,858390,1,1,,95,0,0,,1,1,1,1,"ICU, OB/GYN, Oncology",,,0,0,1379,10991,"CARDINAL HEALTH INC."
99855,56075,857192,0,0,,,0,0,,0,0,0,0,,,,0,0,1379,10991,"CARDINAL HEALTH INC."
99852,56074,857182,1,1,,50,1,0,,1,1,1,1,"Clinic",,,0,0,1378,10991,"CARDINAL HEALTH INC."
99922,56113,858211,1,1,,65,0,0,,1,1,1,0,,,,0,0,1379,10991,"CARDINAL HEALTH INC."
99920,56111,858202,1,1,,100,0,0,,1,1,1,0,,,,0,0,1378,10991,"CARDINAL HEALTH INC."
99756,56023,856000,1,1,,90,0,0,,1,1,1,1,"CCU, Outpatient Services, PACU",,,0,0,1379,10991,"CARDINAL HEALTH INC."
100390,56481,865011,0,0,,,0,0,,0,0,0,0,,,,0,0,1379,10991,"CARDINAL HEALTH INC."
99268,55808,853330,1,1,,85,0,0,,1,1,1,0,,,,0,0,1379,10991,"CARDINAL HEALTH INC."
102340,57094,887568,1,1,,95,0,0,,1,1,1,0,,,,0,0,1378,10991,"CARDINAL HEALTH INC."
102341,57094,887569,1,1,,95,0,0,,0,1,1,0,,,,0,0,1379,10991,"CARDINAL HEALTH INC."
103269,57231,897530,0,0,,,0,0,,0,0,0,0,,,,0,0,1379,10991,"CARDINAL HEALTH INC."
103362,57234,898324,0,0,,,0,0,,0,0,0,0,,,,0,0,1379,10991,"CARDINAL HEALTH INC."
103308,57234,898270,0,0,,,0,0,,0,0,0,0,,,,0,0,1379,10991,"CARDINAL HEALTH INC."
99765,56031,856047,1,1,,20,0,0,,0,1,0,1,"OB/GYN, Special Care Unit",,,0,0,1379,10991,"CARDINAL HEALTH INC."
99767,56033,856061,1,0,,99,0,0,,1,1,1,0,,,,0,0,1379,10991,"CARDINAL HEALTH INC."
99784,56047,856159,1,1,,90,0,0,,1,1,0,0,,,,0,0,1379,10991,"CARDINAL HEALTH INC."
99771,56037,856078,0,0,,,0,0,,0,0,0,0,,,,0,0,1380,10991,"CARDINAL HEALTH INC."
99823,56058,856889,1,1,,75,0,0,,1,1,0,0,,,,0,0,1378,10991,"CARDINAL HEALTH INC."
99825,56060,856895,1,1,,70,0,0,,1,0,0,0,,,,0,0,1378,10991,"CARDINAL HEALTH INC."
99826,56061,856904,1,1,,95,0,0,,1,0,0,0,,,,0,0,1379,10991,"CARDINAL HEALTH INC."
99829,56063,856937,0,0,,,0,0,,0,0,0,0,,,,0,0,1379,10991,"CARDINAL HEALTH INC."
99831,56065,856946,1,1,,98,0,0,,1,1,1,0,,,,0,0,1378,10991,"CARDINAL HEALTH INC."
99837,56069,856978,1,0,,95,0,0,,1,1,1,0,,,,0,0,1379,10991,"CARDINAL HEALTH INC."
99838,56069,856979,1,0,,98,0,0,,1,1,1,0,,,,0,0,1379,10991,"CARDINAL HEALTH INC."
99839,56069,856980,1,0,,53,0,0,,1,1,1,0,,,,0,0,1379,10991,"CARDINAL HEALTH INC."
99840,56069,856981,1,0,,95,0,0,,1,1,1,0,,,,0,0,1379,10991,"CARDINAL HEALTH INC."
99841,56069,856982,1,0,,98,0,0,,1,1,1,0,,,,0,0,1379,10991,"CARDINAL HEALTH INC."
99842,56069,856983,1,0,,95,0,0,,1,1,1,0,,,,0,0,1379,10991,"CARDINAL HEALTH INC."
99843,56069,856984,1,0,,95,0,0,,1,1,1,0,,,,0,0,1379,10991,"CARDINAL HEALTH INC."
99844,56069,856985,1,0,,95,0,0,,1,1,1,0,,,,0,0,1379,10991,"CARDINAL HEALTH INC."
99845,56070,857069,1,1,">24 months",90,0,0,,1,1,1,0,,,,0,0,,10991,"CARDINAL HEALTH INC."
99846,56070,857070,1,1,"Within 12-24 months",90,0,0,,1,1,0,0,,,,0,0,1379,10991,"CARDINAL HEALTH INC."
99847,56070,857071,1,1,">24 months",90,0,0,,1,1,1,0,,,,0,0,1379,10991,"CARDINAL HEALTH INC."
99848,56070,857072,1,1,">24 months",90,0,0,,1,1,1,0,,,,0,0,1379,10991,"CARDINAL HEALTH INC."
102281,56103,887509,1,1,,90,0,0,,0,1,0,0,,,,0,0,1378,10991,"CARDINAL HEALTH INC."
102291,56103,887519,1,1,,90,0,0,,1,1,1,0,,,,0,0,1378,10991,"CARDINAL HEALTH INC."
102342,56103,887570,1,1,,95,0,0,,1,0,1,0,,,,0,0,1378,10991,"CARDINAL HEALTH INC."
99830,56064,856941,1,1,,90,0,0,,1,1,0,0,,,,0,0,1379,13045,"ARXIUM"
99827,56062,856912,1,1,,75,0,0,,0,1,0,1,"ICU, SDC",,,0,0,1381,13045,"ARXIUM"
99828,56062,856913,1,1,,75,0,0,,1,1,1,0,,,,0,0,1381,13045,"ARXIUM"
99824,56059,856891,1,1,,97,0,0,,1,1,0,0,,,,0,0,1379,13045,"ARXIUM"
99768,56034,856066,1,1,,75,0,0,,1,0,0,0,,,,0,0,1380,13045,"ARXIUM"
99770,56036,856073,1,1,,100,0,0,,1,1,1,0,,,,0,0,1379,13045,"ARXIUM"
99822,56057,856886,1,0,,45,0,0,,1,1,1,0,,,,0,0,1379,13045,"ARXIUM"
99755,56022,855995,0,0,,,0,0,,0,0,0,0,,,,0,0,1380,13045,"ARXIUM"
99759,56026,856019,0,0,,,0,0,,0,0,0,0,,,,0,0,1379,13045,"ARXIUM"
99923,56114,858223,1,0,,,0,0,,0,0,0,0,,,,0,0,1379,13045,"ARXIUM"
99918,56109,858194,0,0,,,0,0,,0,0,0,0,,,,0,0,1378,13045,"ARXIUM"
99833,56067,856958,0,0,,,0,0,,0,0,0,0,,,,0,0,1379,13045,"ARXIUM"
99938,56124,858439,1,0,,95,0,0,,1,1,0,1,"ICU, OB/GYN, Radiology",,,0,0,1381,13045,"ARXIUM"
99874,56084,857440,1,0,,80,0,0,,1,1,0,0,,,,0,0,1378,13045,"ARXIUM"
100002,56173,859198,1,1,,75,0,0,,1,1,1,0,,,,0,0,1379,13045,"ARXIUM"
100016,56187,859283,1,1,,90,0,0,,1,1,1,0,,,,0,0,1378,13045,"ARXIUM"
99926,56140,858280,1,1,,99,0,0,,1,1,1,0,,,,0,0,1381,13045,"ARXIUM"
99927,56140,858281,1,1,,99,0,0,,1,1,1,0,,,,0,0,1381,13045,"ARXIUM"
99947,56132,858506,1,0,,95,0,0,,1,1,1,0,,,,0,0,1378,13045,"ARXIUM"
100242,56422,862297,1,0,,75,0,0,,1,1,1,0,,,,0,0,1378,13045,"ARXIUM"
100176,56323,861505,1,0,,50,0,0,,1,0,1,0,,,,0,1,1378,13045,"ARXIUM"
100156,56304,861077,1,1,"Within 12-24 months",90,0,0,,1,1,1,0,,,,0,0,1379,13045,"ARXIUM"
100093,56252,860330,1,1,"Within 12 months",75,0,0,,1,1,0,0,,,,0,0,1380,13045,"ARXIUM"
100020,56191,859307,1,1,,80,0,0,,1,1,1,0,,,,0,0,1379,13045,"ARXIUM"
100075,56235,860124,1,0,,55,0,0,,1,1,1,0,,,,0,0,1379,13045,"ARXIUM"
100433,56500,865441,1,1,,85,0,0,,1,1,1,0,,,,0,0,1379,13045,"ARXIUM"
100193,56340,861702,1,0,,80,0,0,,1,1,1,0,,,,0,0,1378,13045,"ARXIUM"
100524,56537,866642,1,1,,90,0,0,,1,1,1,0,,,,0,0,1379,13045,"ARXIUM"
100528,56537,866646,1,1,,85,0,0,,1,1,1,0,,,,0,0,1379,13045,"ARXIUM"
100522,56535,866630,1,1,,90,0,0,,1,1,1,0,,,,0,0,1378,13045,"ARXIUM"
100603,56563,867968,1,1,"Within 12 months",35,0,0,,1,1,1,1,"iMRI",,,0,0,1378,13045,"ARXIUM"
100735,56614,869926,1,1,,99,0,0,,1,1,1,0,,,,0,0,1380,13045,"ARXIUM"
100733,56612,869858,1,1,,90,0,0,,1,1,1,0,,,,0,0,1381,13045,"ARXIUM"
100724,56608,869654,1,1,"Within 12 months",90,0,0,,1,1,1,0,,,,0,0,1380,13045,"ARXIUM"
100962,56683,872763,1,1,,75,0,0,,1,1,1,0,,,,0,0,1379,13045,"ARXIUM"
101125,56691,873534,1,1,"Within 12 months",50,0,0,,1,1,1,0,,,,0,1,1379,13045,"ARXIUM"
101126,56691,873535,1,0,,50,0,0,,1,1,0,0,,,,0,1,1381,13045,"ARXIUM"
101127,56691,873536,1,0,,50,0,0,,1,1,1,0,,,,1,1,1379,13045,"ARXIUM"
101504,56775,878107,1,1,"Within 12 months",60,1,1,">24 months",1,1,1,0,,,,0,1,1379,13045,"ARXIUM"
101505,56775,878108,1,1,"Within 12 months",60,1,1,">24 months",0,0,0,0,,,,0,1,1379,13045,"ARXIUM"
101506,56775,878109,1,0,,90,0,0,,1,1,1,0,,,,0,0,1379,13045,"ARXIUM"
101166,56693,873909,1,0,,100,0,0,,1,1,1,0,,,,0,0,1379,13045,"ARXIUM"
100941,56677,872470,1,1,,60,0,0,,1,1,1,0,,,,0,0,1380,13045,"ARXIUM"
100737,56614,869928,1,1,,90,0,0,,1,1,1,0,,,,0,0,1379,13045,"ARXIUM"
100744,56617,870046,1,1,,95,0,0,,1,1,1,0,,,,0,0,1379,13045,"ARXIUM"
99835,57095,856963,0,0,,,0,0,,0,0,0,0,,,,0,0,1380,13045,"ARXIUM"
102591,57147,890149,1,1,,90,0,0,,1,1,0,0,,,,0,0,1379,13045,"ARXIUM"
102592,57147,890150,1,1,,50,0,0,,1,1,0,0,,,,0,0,1379,13045,"ARXIUM"
102593,57147,890151,1,1,,,0,0,,1,1,1,0,,,,0,0,1379,13045,"ARXIUM"
102594,57147,890152,1,1,,,0,0,,1,1,1,0,,,,1,1,1379,13045,"ARXIUM"
102595,57147,890153,1,1,,90,1,0,,1,1,1,0,,,,1,1,1379,13045,"ARXIUM"
102596,57147,890154,1,1,,90,1,0,,1,1,1,0,,,,1,1,1379,13045,"ARXIUM"
102597,57147,890155,1,1,,90,1,0,,1,0,0,0,,,,1,1,1379,13045,"ARXIUM"
102598,57147,890156,1,1,,80,0,0,,1,1,1,0,,,,0,0,1381,13045,"ARXIUM"
102599,57147,890157,1,1,,100,0,0,,0,1,1,0,,,,0,0,1379,13045,"ARXIUM"
102600,57147,890158,1,1,,70,1,0,,1,1,1,1,"Radiology",,"Within 12 months",1,1,1381,13045,"ARXIUM"
102601,57147,890159,1,1,,90,0,0,,1,1,1,0,,,,0,0,1381,13045,"ARXIUM"
102602,57147,890160,1,1,,100,0,0,,1,1,0,0,,,,0,0,1380,13045,"ARXIUM"
102603,57147,890161,1,1,,100,0,0,,1,1,1,0,,,,0,0,1379,13045,"ARXIUM"
102604,57147,890162,1,1,,30,0,0,,1,1,1,0,,,,0,0,1379,13045,"ARXIUM"
102605,57147,890163,1,1,,75,0,0,,1,1,1,0,,,,0,0,1381,13045,"ARXIUM"
102606,57148,890362,1,0,,70,0,0,,0,1,0,0,,,,0,0,1380,13045,"ARXIUM"
102607,57148,890363,1,0,,85,0,0,,1,1,1,0,,,,0,0,1379,13045,"ARXIUM"
102608,57148,890364,1,0,,95,0,0,,1,1,1,0,,,,0,0,1380,13045,"ARXIUM"
102609,57148,890365,1,0,,90,0,0,,0,0,0,0,,,,0,0,1380,13045,"ARXIUM"
102610,57148,890366,1,0,,50,0,0,,0,0,0,0,,,,0,0,1379,13045,"ARXIUM"
102611,57148,890367,1,0,,75,0,0,,1,1,1,0,,,,0,0,1380,13045,"ARXIUM"
102612,57148,890368,1,0,,75,0,0,,0,0,0,0,,,,0,0,1379,13045,"ARXIUM"
102613,57148,890369,1,0,,70,0,0,,0,0,0,0,,,,0,0,1379,13045,"ARXIUM"
102614,57148,890370,1,0,,75,0,0,,0,0,0,0,,,,0,0,1379,13045,"ARXIUM"
102615,57148,890371,1,0,,55,0,0,,0,0,0,0,,,,0,0,1379,13045,"ARXIUM"
102616,57148,890372,1,0,,50,0,0,,1,1,0,0,,,,0,0,1380,13045,"ARXIUM"
102617,57148,890373,1,0,,50,0,0,,1,1,0,0,,,,0,0,1380,13045,"ARXIUM"
102618,57148,890374,1,0,,90,0,0,,1,1,1,0,,,,0,0,1380,13045,"ARXIUM"
102619,57148,890375,1,0,,50,0,0,,1,1,1,0,,,,0,0,1380,13045,"ARXIUM"
102620,57148,890376,1,0,,65,0,0,,1,1,1,0,,,,0,0,1380,13045,"ARXIUM"
102621,57148,890377,1,0,,80,0,0,,0,0,0,0,,,,0,0,1380,13045,"ARXIUM"
102622,57148,890378,1,0,,80,0,0,,0,0,0,0,,,,0,0,1379,13045,"ARXIUM"
102623,57148,890379,1,0,,60,0,0,,1,1,1,0,,,,0,0,1380,13045,"ARXIUM"
102624,57148,890380,1,0,,90,0,0,,0,0,0,0,,,,0,0,1379,13045,"ARXIUM"
102625,57148,890381,1,0,,50,0,0,,0,0,0,0,,,,0,0,1380,13045,"ARXIUM"
102626,57148,890382,1,0,,50,0,0,,0,0,0,0,,,,0,0,1380,13045,"ARXIUM"
102627,57148,890383,1,0,,85,0,0,,0,0,0,0,,,,0,0,1379,13045,"ARXIUM"
102628,57148,890384,1,0,,45,0,0,,0,0,0,0,,,,0,0,1379,13045,"ARXIUM"
102629,57148,890385,1,0,,75,0,0,,1,1,1,0,,,,0,0,1379,13045,"ARXIUM"
102630,57148,890386,1,0,,60,0,0,,1,1,1,0,,,,0,0,1379,13045,"ARXIUM"
102631,57148,890387,1,0,,50,0,0,,0,0,0,0,,,,0,0,1379,13045,"ARXIUM"
102632,57148,890388,1,0,,90,0,0,,1,1,1,0,,,,0,0,1380,13045,"ARXIUM"
102633,57148,890389,1,0,,75,0,0,,0,0,0,0,,,,0,0,1379,13045,"ARXIUM"
102634,57148,890390,1,0,,75,0,0,,1,1,1,0,,,,0,0,1379,13045,"ARXIUM"
102635,57148,890391,1,0,,60,0,0,,1,1,0,0,,,,0,0,1380,13045,"ARXIUM"
102636,57148,890392,1,0,,90,0,0,,0,1,0,0,,,,0,0,1380,13045,"ARXIUM"
102637,57148,890393,1,1,,50,0,0,,1,1,0,0,,,,0,0,1379,13045,"ARXIUM"
102638,57148,890394,1,0,,85,0,0,,1,1,1,0,,,,0,0,1380,13045,"ARXIUM"
102639,57148,890395,1,0,,95,0,0,,1,1,1,0,,,,0,0,1379,13045,"ARXIUM"
102640,57148,890396,1,0,,90,0,0,,0,0,0,0,,,,0,0,1380,13045,"ARXIUM"
102641,57148,890397,1,0,,90,0,0,,0,0,0,0,,,,0,0,1380,13045,"ARXIUM"
102642,57148,890398,1,0,,85,0,0,,0,0,0,0,,,,0,0,1379,13045,"ARXIUM"
102643,57148,890399,1,1,,65,0,0,,1,1,0,0,,,,0,0,1380,13045,"ARXIUM"
102644,57148,890400,1,0,,50,0,0,,0,0,0,0,,,,0,0,1380,13045,"ARXIUM"
102645,57148,890401,1,0,,50,0,0,,1,1,0,0,,,,0,0,1380,13045,"ARXIUM"
102646,57148,890402,1,0,,45,0,0,,1,1,1,0,,,,0,0,1379,13045,"ARXIUM"
102648,57148,890404,1,0,,75,0,0,,0,0,0,0,,,,0,0,1379,13045,"ARXIUM"
102649,57148,890405,1,0,,65,0,0,,0,0,0,0,,,,0,0,1379,13045,"ARXIUM"
102650,57148,890406,1,0,,50,0,0,,0,0,0,0,,,,0,0,1379,13045,"ARXIUM"
102651,57148,890407,1,0,,99,0,0,,1,1,1,0,,,,0,0,1380,13045,"ARXIUM"
102652,57148,890408,0,0,,,0,0,,0,0,0,0,,,,0,0,1379,13045,"ARXIUM"
102653,57148,890409,1,0,,50,0,0,,0,0,0,0,,,,0,0,1380,13045,"ARXIUM"
102654,57148,890410,1,0,,,0,0,,0,0,0,0,,,,0,0,1378,13045,"ARXIUM"
102655,57148,890411,1,0,,50,0,0,,0,0,0,0,,,,0,0,1380,13045,"ARXIUM"
102656,57148,890412,1,0,,30,0,0,,1,1,1,0,,,,0,0,1380,13045,"ARXIUM"
102657,57148,890413,1,1,,80,0,0,,1,1,1,0,,,,0,0,1378,13045,"ARXIUM"
102658,57148,890414,1,1,,,0,0,,1,1,1,0,,,,0,0,1378,13045,"ARXIUM"
102659,57148,890415,1,1,,80,0,0,,1,1,1,0,,,,0,0,1380,13045,"ARXIUM"
102660,57148,890416,1,1,,65,0,0,,1,1,1,0,,,,0,0,1379,13045,"ARXIUM"
103017,57197,893684,1,0,,80,0,0,,0,1,1,0,,,,0,0,1379,13045,"ARXIUM"
102940,57194,893417,1,0,,90,0,0,,1,0,1,0,,,,0,0,1379,13045,"ARXIUM"
102662,57148,890418,1,1,,80,0,0,,1,1,0,0,,,,0,0,1379,13045,"ARXIUM"
102047,57028,885491,1,0,,50,0,0,,1,1,1,0,,,,0,0,,13045,"ARXIUM"
102126,57081,886353,1,1,,95,0,0,,1,1,1,0,,,,0,0,1381,13045,"ARXIUM"
102127,57081,886354,1,1,,95,0,1,"Within 12-24 months",1,1,1,0,,,,0,0,1378,13045,"ARXIUM"
102128,57081,886355,1,1,,95,0,0,,1,1,1,0,,,,0,0,1378,13045,"ARXIUM"
102129,57081,886356,1,1,,80,0,0,,1,1,1,0,,,,0,0,1378,13045,"ARXIUM"
102130,57081,886357,1,0,,85,0,0,,1,1,1,0,,,,0,1,1378,13045,"ARXIUM"
102131,57081,886358,1,0,,90,1,0,,1,1,1,0,,,,0,1,1381,13045,"ARXIUM"
102091,57059,885874,1,1,,,0,0,,1,1,1,0,,,,0,0,1379,13045,"ARXIUM"
102095,57061,885901,1,1,,90,0,0,,1,1,1,0,,,,0,0,1379,13045,"ARXIUM"
102096,57061,885902,1,1,,90,0,0,,1,1,1,0,,,,0,0,1379,13045,"ARXIUM"
102093,57061,885899,1,1,,90,0,0,,1,1,1,0,,,,0,0,1379,13045,"ARXIUM"
101537,56798,878424,1,0,,90,0,0,,1,1,0,1,"CCU",,,0,0,1378,13045,"ARXIUM"
101575,56827,878845,0,0,,,0,0,,0,0,0,0,,,,0,0,1378,13045,"ARXIUM"
101654,56874,879801,1,1,,85,0,0,,1,1,1,0,,,,0,0,1381,13045,"ARXIUM"
101655,56875,879811,1,1,,70,0,0,,1,1,0,0,,,,0,0,1380,13045,"ARXIUM"
101804,56928,882338,1,0,,100,0,0,,1,1,0,0,,,,0,0,1379,13045,"ARXIUM"
101805,56928,882339,1,1,,100,0,0,,1,1,1,0,,,,0,0,1379,13045,"ARXIUM"
102347,56941,887575,1,0,,95,0,0,,1,1,1,0,,,,0,0,1379,13045,"ARXIUM"
102389,56941,887617,1,0,,90,0,0,,1,1,1,0,,,,0,0,1379,13045,"ARXIUM"
102415,56941,887643,1,0,,95,0,0,,1,1,1,0,,,,0,0,1379,13045,"ARXIUM"
102417,56941,887645,1,0,,95,1,0,,1,1,0,0,,,,0,0,1379,13045,"ARXIUM"
101845,56940,883250,1,0,,95,0,0,,1,1,1,0,,,,0,0,1379,13045,"ARXIUM"
101846,56940,883251,1,0,,90,0,0,,1,0,1,0,,,,0,0,1379,13045,"ARXIUM"
101847,56940,883252,1,0,,95,0,0,,1,1,1,0,,,,0,0,1379,13045,"ARXIUM"
101848,56940,883253,1,0,,95,0,0,,1,1,0,0,,,,0,0,1379,13045,"ARXIUM"
101849,56940,883254,1,0,,90,0,0,,0,0,1,0,,,,0,0,1379,13045,"ARXIUM"
101850,56940,883255,1,0,,95,0,0,,1,1,0,0,,,,0,0,1379,13045,"ARXIUM"
101851,56940,883256,1,0,,90,0,0,,1,1,1,0,,,,0,0,1379,13045,"ARXIUM"
101852,56940,883257,1,0,,90,0,0,,1,1,1,0,,,,0,0,1379,13045,"ARXIUM"
101853,56940,883258,1,0,,90,0,0,,1,1,1,0,,,,0,0,1378,13045,"ARXIUM"
101854,56941,883476,1,0,,95,0,0,,1,1,1,0,,,,0,0,1379,13045,"ARXIUM"
101855,56941,883477,1,0,,90,0,0,,1,1,0,0,,,,0,0,1379,13045,"ARXIUM"
101856,56941,883478,1,0,,98,0,0,,1,1,1,0,,,,0,0,1379,13045,"ARXIUM"
101857,56941,883479,1,0,,90,0,0,,1,1,1,0,,,,0,0,1379,13045,"ARXIUM"
101858,56941,883480,1,0,,90,0,0,,1,1,1,0,,,,0,0,1379,13045,"ARXIUM"
101859,56941,883481,1,0,,90,0,0,,1,1,1,0,,,,0,0,1379,13045,"ARXIUM"
101860,56941,883482,0,0,,,0,0,,0,0,0,0,,,,0,0,1378,13045,"ARXIUM"
101861,56941,883483,1,0,,95,0,0,,1,1,1,0,,,,0,0,1379,13045,"ARXIUM"
101862,56941,883484,1,0,,85,0,0,,1,1,1,0,,,,0,0,1379,13045,"ARXIUM"
101863,56941,883485,1,0,,90,0,0,,1,1,1,0,,,,0,0,1379,13045,"ARXIUM"
101864,56941,883486,1,1,,95,0,0,,1,1,1,0,,,,0,0,1379,13045,"ARXIUM"
101865,56941,883487,1,0,,95,0,0,,1,1,1,0,,,,0,0,1379,13045,"ARXIUM"
101793,56926,881812,1,0,,95,0,0,,1,1,1,0,,,,0,0,1379,13045,"ARXIUM"
104402,58432,909708,0,0,,,0,0,,0,0,0,0,,,,0,0,1378,13045,"ARXIUM"
105901,58432,940113,1,1,,85,0,0,,1,0,1,0,,,,0,0,,13045,"ARXIUM"
104342,63448,909462,1,0,,50,0,0,,1,1,1,0,,,,0,0,1379,13045,"ARXIUM"
104939,63452,929266,1,1,,98,0,0,,1,1,1,0,,,,0,0,,13045,"ARXIUM"
104901,63441,928621,1,1,,75,0,0,,1,1,0,0,,,,1,1,1379,13045,"ARXIUM"
104902,63441,928622,1,1,,75,0,0,,1,1,0,0,,,,0,0,1381,13045,"ARXIUM"
105112,63585,930620,1,1,"Within 12 months",98,1,0,,1,1,1,0,,,"Within 12-24 months",1,1,1379,13045,"ARXIUM"
105047,63537,930210,1,1,,80,0,0,,0,1,1,0,,,,0,0,1381,13045,"ARXIUM"
105041,63533,930177,1,1,,80,0,0,,1,1,1,0,,,,0,0,1378,13045,"ARXIUM"
105033,63525,930146,0,0,,,0,0,,0,0,0,0,,,,0,0,1379,13045,"ARXIUM"
105035,63527,930154,0,0,,,0,0,,0,0,0,0,,,,0,0,1378,13045,"ARXIUM"
105082,63572,930527,0,0,,,0,0,,0,0,0,0,,,,0,0,1378,13045,"ARXIUM"
105073,63563,930490,0,0,,,0,0,,0,0,0,0,,,,0,0,1379,13045,"ARXIUM"
104974,63482,929583,1,0,,100,0,0,,1,1,1,0,,,,0,0,1378,13045,"ARXIUM"
104975,63483,929587,1,0,,98,0,0,,1,1,1,0,,,,0,0,1379,13045,"ARXIUM"
104978,63486,929618,1,0,,95,0,0,,1,1,0,1,"OB/GYN",,,0,0,1379,13045,"ARXIUM"
104970,63479,929515,1,1,,50,0,0,,0,0,0,0,,,,0,0,1379,13045,"ARXIUM"
104967,63476,929502,0,0,,,0,0,,0,0,0,0,,,,0,0,1380,13045,"ARXIUM"
105006,63502,929860,1,0,,95,0,0,,1,0,1,0,,,,0,0,1379,13045,"ARXIUM"
105021,63513,930089,0,0,,,0,0,,0,0,0,0,,,,0,0,1378,13045,"ARXIUM"
105022,63514,930095,1,1,,85,0,0,,1,1,0,0,,,,0,0,1378,13045,"ARXIUM"
105028,63520,930124,0,0,,,0,0,,0,0,0,0,,,,0,0,1378,13045,"ARXIUM"
105190,63612,932020,1,1,,90,0,0,,1,1,1,0,,,,0,0,1380,13045,"ARXIUM"
105191,63612,932021,1,1,,95,0,0,,1,1,1,0,,,,0,0,1380,13045,"ARXIUM"
105131,63596,930823,1,1,,100,0,0,,1,1,1,1,"ICU, OB/GYN",,,0,0,1381,13045,"ARXIUM"
105215,63630,932303,1,1,,50,0,0,,1,1,1,1,"OB/GYN",,,0,0,1379,13045,"ARXIUM"
105272,63674,932776,1,0,,90,0,0,,1,1,1,0,,,,0,0,1380,13045,"ARXIUM"
105275,63674,932779,1,0,,90,0,0,,1,1,1,0,,,,0,0,1380,13045,"ARXIUM"
105276,63674,932780,1,0,,,0,0,,1,1,1,0,,,,0,0,1380,13045,"ARXIUM"
105277,63674,932781,1,0,,,0,0,,0,0,0,0,,,,0,0,1380,13045,"ARXIUM"
105278,63674,932782,1,0,,90,0,0,,1,1,1,0,,,,0,0,1380,13045,"ARXIUM"
105264,63667,932689,0,0,,,0,0,,0,0,0,0,,,,0,0,1381,13045,"ARXIUM"
105265,63670,932695,1,1,,50,1,0,,1,1,1,0,,,,0,0,1378,13045,"ARXIUM"
105254,63656,932591,1,0,,96,0,0,,1,1,1,0,,,,0,0,1381,13045,"ARXIUM"
105420,63759,934880,1,1,,90,0,0,,1,1,0,0,,,,0,0,1381,13045,"ARXIUM"
105280,63674,932784,1,0,,90,0,0,,1,1,1,0,,,,0,0,1380,13045,"ARXIUM"
105281,63674,932785,1,0,,,0,0,,1,1,1,0,,,,0,0,1380,13045,"ARXIUM"
105310,63698,933278,1,0,,100,0,0,,1,1,1,0,,,,0,0,1378,13045,"ARXIUM"
105311,63698,933279,0,0,,,0,0,,0,0,0,0,,,,0,0,1381,13045,"ARXIUM"
105300,63690,933229,1,1,,100,0,0,,1,1,1,0,,,,0,0,1381,13045,"ARXIUM"
105314,63700,933295,1,1,"Within 12-24 months",95,0,0,,1,1,1,1,"Radiology",,,0,0,1381,13045,"ARXIUM"
105315,63700,933296,1,1,"Within 12 months",95,0,0,,1,1,1,1,"Radiology, Nursing",,,0,0,1381,13045,"ARXIUM"
105347,63726,933717,1,0,,70,0,0,,1,0,1,0,,,,0,0,1381,13045,"ARXIUM"
105377,63744,934224,1,0,,90,0,0,,1,1,0,1,"ICU, OB/GYN",,,0,0,1378,13045,"ARXIUM"
105378,63744,934225,1,0,,30,0,0,,1,1,0,0,,,,0,0,1378,13045,"ARXIUM"
105368,63738,934120,1,0,,95,0,0,,1,1,1,0,,,,0,0,1378,13045,"ARXIUM"
105369,63739,934124,1,0,,100,0,0,,1,1,0,1,"ICU",,,0,0,1378,13045,"ARXIUM"
105350,63722,933733,1,1,,90,0,0,,1,1,0,0,,,,0,0,1379,13045,"ARXIUM"
105571,63822,936352,1,1,,100,0,0,,0,1,1,0,,,,0,0,1378,13045,"ARXIUM"
105578,63829,936418,1,0,,90,0,0,,1,0,0,0,,,,0,0,1379,13045,"ARXIUM"
105579,63829,936419,1,0,,80,0,0,,0,0,0,0,,,,0,0,1379,13045,"ARXIUM"
105580,63829,936420,1,0,,30,0,0,,0,0,0,0,,,,0,0,1379,13045,"ARXIUM"
105581,63829,936421,1,0,,90,0,0,,0,0,0,0,,,,0,0,1379,13045,"ARXIUM"
105582,63829,936422,1,0,,30,0,0,,0,0,0,0,,,,0,0,1379,13045,"ARXIUM"
105583,63829,936423,0,0,,,0,0,,0,0,0,0,,,,0,0,1379,13045,"ARXIUM"
105529,63797,936015,1,1,,90,0,0,,1,1,1,0,,,,0,0,1381,13045,"ARXIUM"
105530,63798,936021,1,1,,90,0,0,,1,1,1,1,"OB/GYN",,,0,0,1379,13045,"ARXIUM"
105354,63729,933754,1,1,,100,0,0,,1,1,0,0,,,,0,0,1378,13045,"ARXIUM"
105542,63805,936190,0,0,,,0,0,,0,0,0,0,,,,0,0,1380,13045,"ARXIUM"
105596,63836,936628,1,1,,75,0,0,,1,1,1,0,,,,0,0,1379,13045,"ARXIUM"
105573,63824,936397,0,0,,,0,0,,0,0,0,0,,,,0,0,1379,13045,"ARXIUM"
105591,63831,936594,1,0,,85,0,0,,1,1,1,1,"ICU, OB/GYN, PACU",,,0,0,1379,13045,"ARXIUM"
105651,63846,937165,1,0,,90,1,0,,0,1,1,0,,,,0,0,1381,13045,"ARXIUM"
105669,63858,937259,1,1,,80,0,0,,1,1,1,0,,,,0,0,1379,13045,"ARXIUM"
104157,57203,907678,1,1,,90,0,0,,1,1,1,0,,,,0,0,1380,13045,"ARXIUM"
104158,57203,907679,1,1,,90,0,0,,0,1,0,0,,,,0,0,1380,13045,"ARXIUM"
103101,57204,895080,1,1,"Within 12-24 months",90,0,0,,1,1,1,0,,,,1,1,1381,13045,"ARXIUM"
103102,57204,895081,1,1,,90,0,0,,1,1,1,0,,,,0,0,1381,13045,"ARXIUM"
103103,57204,895082,1,1,"Within 12-24 months",90,0,0,,1,1,1,0,,,,0,0,1381,13045,"ARXIUM"
103104,57204,895083,1,1,,90,0,0,,1,1,1,0,,,,1,1,1381,13045,"ARXIUM"
103105,57204,895084,1,1,,90,1,0,,1,1,1,0,,,,1,1,1381,13045,"ARXIUM"
103297,57234,898259,1,0,,100,0,0,,0,0,0,1,"LTAC",,,0,0,1379,13045,"ARXIUM"
103298,57234,898260,1,0,,100,0,0,,0,0,0,1,"LTAC",,,0,0,1379,13045,"ARXIUM"
103299,57234,898261,1,0,,100,0,0,,0,0,0,1,"Acute Rehabilitation",,,0,0,1379,13045,"ARXIUM"
103300,57234,898262,1,0,,100,0,0,,0,0,0,1,"Acute Rehabilitation",,,0,0,1379,13045,"ARXIUM"
103301,57234,898263,1,0,,100,0,0,,0,0,0,1,"LTAC",,,0,0,1379,13045,"ARXIUM"
103302,57234,898264,1,0,,100,0,0,,0,0,0,1,"LTAC",,,0,0,1379,13045,"ARXIUM"
103303,57234,898265,1,0,,100,0,0,,0,0,0,1,"Acute Rehabilitation",,,0,0,1379,13045,"ARXIUM"
103304,57234,898266,1,0,,100,0,0,,0,0,0,1,"Acute Rehabilitation",,,0,0,1379,13045,"ARXIUM"
103305,57234,898267,1,0,,100,0,0,,0,0,0,1,"LTAC",,,0,0,1379,13045,"ARXIUM"
103306,57234,898268,1,0,,100,0,0,,0,0,0,1,"Acute Rehabilitation",,,0,0,1379,13045,"ARXIUM"
103307,57234,898269,1,0,,100,0,0,,0,0,0,1,"LTAC",,,0,0,1379,13045,"ARXIUM"
103309,57234,898271,1,0,,100,0,0,,0,0,0,1,"LTAC",,,0,0,1379,13045,"ARXIUM"
103310,57234,898272,1,0,,100,0,0,,0,0,0,1,"LTAC",,,0,0,,13045,"ARXIUM"
103311,57234,898273,1,0,,100,0,0,,0,0,0,1,"LTAC",,,0,0,1379,13045,"ARXIUM"
103312,57234,898274,1,0,,100,0,0,,0,0,0,1,"LTAC",,,0,0,1379,13045,"ARXIUM"
103313,57234,898275,1,0,,100,0,0,,0,0,0,1,"Acute Rehabilitation",,,0,0,1379,13045,"ARXIUM"
103314,57234,898276,1,0,,100,0,0,,0,0,0,1,"LTAC",,,0,0,1379,13045,"ARXIUM"
103315,57234,898277,1,0,,100,0,0,,0,0,0,1,"Acute Rehabilitation",,,0,0,1379,13045,"ARXIUM"
103316,57234,898278,1,0,,100,0,0,,0,0,0,1,"Acute Rehabilitation",,,0,0,1379,13045,"ARXIUM"
103317,57234,898279,1,0,,100,0,0,,0,0,0,1,"Acute Rehabilitation",,,0,0,1379,13045,"ARXIUM"
103318,57234,898280,1,0,,100,0,0,,0,0,0,1,"Acute Rehabilitation",,,0,0,1379,13045,"ARXIUM"
103319,57234,898281,1,0,,100,0,0,,0,0,0,1,"LTAC",,,0,0,1379,13045,"ARXIUM"
103320,57234,898282,1,0,,100,0,0,,0,0,0,1,"LTAC",,,0,0,1379,13045,"ARXIUM"
103321,57234,898283,1,0,,100,0,0,,0,0,0,1,"LTAC",,,0,0,1379,13045,"ARXIUM"
103322,57234,898284,1,0,,100,0,0,,0,0,0,1,"LTAC",,,0,0,1379,13045,"ARXIUM"
103323,57234,898285,1,0,,100,0,0,,0,0,0,1,"LTAC",,,0,0,1379,13045,"ARXIUM"
103324,57234,898286,1,0,,100,0,0,,0,0,0,1,"LTAC",,,0,0,1379,13045,"ARXIUM"
103325,57234,898287,1,0,,100,0,0,,0,0,0,1,"LTAC",,,0,0,1379,13045,"ARXIUM"
103326,57234,898288,1,0,,100,0,0,,0,0,0,1,"LTAC",,,0,0,1379,13045,"ARXIUM"
103327,57234,898289,1,0,,100,0,0,,0,0,0,1,"LTAC",,,0,0,1379,13045,"ARXIUM"
103328,57234,898290,1,0,,100,0,0,,0,0,0,1,"LTAC",,,0,0,1379,13045,"ARXIUM"
103329,57234,898291,1,0,,100,0,0,,0,0,0,1,"LTAC",,,0,0,1379,13045,"ARXIUM"
103330,57234,898292,1,0,,100,0,0,,0,0,0,1,"LTAC",,,0,0,1379,13045,"ARXIUM"
103331,57234,898293,1,0,,100,0,0,,0,0,0,1,"LTAC",,,0,0,1379,13045,"ARXIUM"
103332,57234,898294,1,0,,100,0,0,,0,0,0,1,"LTAC",,,0,0,1379,13045,"ARXIUM"
103333,57234,898295,1,0,,100,0,0,,0,0,0,1,"LTAC",,,0,0,1379,13045,"ARXIUM"
103334,57234,898296,1,0,,100,0,0,,0,0,0,1,"LTAC",,,0,0,1379,13045,"ARXIUM"
103335,57234,898297,1,0,,100,0,0,,0,0,0,1,"LTAC",,,0,0,1379,13045,"ARXIUM"
103336,57234,898298,1,0,,100,0,0,,0,0,0,1,"LTAC",,,0,0,1379,13045,"ARXIUM"
103337,57234,898299,1,0,,100,0,0,,0,0,0,1,"LTAC",,,0,0,1379,13045,"ARXIUM"
103338,57234,898300,1,0,,100,0,0,,0,0,0,1,"LTAC",,,0,0,1379,13045,"ARXIUM"
103339,57234,898301,1,0,,100,0,0,,0,0,0,1,"LTAC",,,0,0,1379,13045,"ARXIUM"
103340,57234,898302,1,0,,100,0,0,,0,0,0,1,"Acute Rehabilitation",,,0,0,1379,13045,"ARXIUM"
103341,57234,898303,1,0,,100,0,0,,0,0,0,1,"Acute Rehabilitation",,,0,0,1379,13045,"ARXIUM"
103342,57234,898304,1,0,,100,0,0,,0,0,0,1,"Acute Rehabilitation",,,0,0,1379,13045,"ARXIUM"
103343,57234,898305,1,0,,100,0,0,,0,0,0,1,"LTAC",,,0,0,1379,13045,"ARXIUM"
103344,57234,898306,1,0,,100,0,0,,0,0,0,1,"LTAC",,,0,0,1379,13045,"ARXIUM"
103345,57234,898307,1,0,,100,0,0,,0,0,0,1,"LTAC",,,0,0,1379,13045,"ARXIUM"
103346,57234,898308,1,0,,100,0,0,,0,0,0,1,"LTAC",,,0,0,1379,13045,"ARXIUM"
103347,57234,898309,1,0,,100,0,0,,0,0,0,1,"LTAC",,,0,0,1379,13045,"ARXIUM"
103348,57234,898310,1,0,,100,0,0,,0,0,0,1,"LTAC",,,0,0,1379,13045,"ARXIUM"
103349,57234,898311,1,0,,100,0,0,,0,0,0,1,"LTAC",,,0,0,1379,13045,"ARXIUM"
103350,57234,898312,1,0,,100,0,0,,0,0,0,1,"LTAC",,,0,0,1379,13045,"ARXIUM"
103351,57234,898313,1,0,,100,0,0,,0,0,0,1,"LTAC",,,0,0,1379,13045,"ARXIUM"
103352,57234,898314,1,0,,100,0,0,,0,0,0,1,"LTAC",,,0,0,1379,13045,"ARXIUM"
103353,57234,898315,1,0,,100,0,0,,0,0,0,1,"LTAC",,,0,0,1379,13045,"ARXIUM"
103354,57234,898316,1,0,,100,0,0,,0,0,0,1,"LTAC",,,0,0,1379,13045,"ARXIUM"
103355,57234,898317,1,0,,100,0,0,,0,0,0,1,"LTAC",,,0,0,1379,13045,"ARXIUM"
103356,57234,898318,1,0,,100,0,0,,0,0,0,1,"LTAC",,,0,0,1379,13045,"ARXIUM"
103357,57234,898319,1,0,,100,0,0,,0,0,0,1,"LTAC",,,0,0,1379,13045,"ARXIUM"
103358,57234,898320,1,0,,100,0,0,,0,0,0,1,"LTAC",,,0,0,1379,13045,"ARXIUM"
103359,57234,898321,1,0,,100,0,0,,0,0,0,1,"LTAC",,,0,0,1379,13045,"ARXIUM"
103360,57234,898322,1,0,,100,0,0,,0,0,0,1,"LTAC",,,0,0,1379,13045,"ARXIUM"
103361,57234,898323,1,0,,100,0,0,,0,0,0,1,"LTAC",,,0,0,1379,13045,"ARXIUM"
103363,57234,898325,1,0,,100,0,0,,0,0,0,1,"LTAC",,,0,0,1379,13045,"ARXIUM"
103364,57234,898326,1,0,,100,0,0,,0,0,0,1,"LTAC",,,0,0,1379,13045,"ARXIUM"
103365,57234,898327,1,0,,100,0,0,,0,0,0,1,"LTAC",,,0,0,1379,13045,"ARXIUM"
103366,57234,898328,1,0,,100,0,0,,0,0,0,1,"LTAC",,,0,0,1379,13045,"ARXIUM"
103367,57234,898329,1,0,,100,0,0,,0,0,0,1,"LTAC",,,0,0,1379,13045,"ARXIUM"
103368,57234,898330,1,0,,100,0,0,,0,0,0,1,"LTAC",,,0,0,1379,13045,"ARXIUM"
103369,57234,898331,1,0,,100,0,0,,0,0,0,1,"LTAC",,,0,0,1379,13045,"ARXIUM"
103370,57234,898332,1,0,,100,0,0,,0,0,0,1,"LTAC",,,0,0,1379,13045,"ARXIUM"
103371,57234,898333,1,0,,100,0,0,,0,0,0,1,"LTAC",,,0,0,1379,13045,"ARXIUM"
103372,57234,898334,1,0,,100,0,0,,0,0,0,1,"LTAC",,,0,0,1379,13045,"ARXIUM"
103373,57234,898335,1,0,,100,0,0,,0,0,0,1,"LTAC",,,0,0,1379,13045,"ARXIUM"
103374,57234,898336,1,0,,100,0,0,,0,0,0,1,"LTAC",,,0,0,1379,13045,"ARXIUM"
103375,57234,898337,1,0,,100,0,0,,0,0,0,1,"LTAC",,,0,0,1379,13045,"ARXIUM"
103376,57234,898338,1,0,,100,0,0,,0,0,0,1,"LTAC",,,0,0,1379,13045,"ARXIUM"
103377,57234,898339,1,0,,100,0,0,,0,0,0,1,"Acute Rehabilitation",,,0,0,1379,13045,"ARXIUM"
103378,57234,898340,1,0,,100,0,0,,0,0,0,1,"LTAC",,,0,0,1379,13045,"ARXIUM"
103379,57234,898341,1,0,,100,0,0,,0,0,0,1,"LTAC",,,0,0,1379,13045,"ARXIUM"
103380,57234,898342,1,0,,100,0,0,,0,0,0,1,"LTAC",,,0,0,1379,13045,"ARXIUM"
103381,57234,898343,1,0,,100,0,0,,0,0,0,1,"LTAC",,,0,0,1379,13045,"ARXIUM"
103382,57234,898344,1,0,,100,0,0,,0,0,0,1,"LTAC",,,0,0,1379,13045,"ARXIUM"
103383,57234,898345,1,0,,100,0,0,,0,0,0,1,"LTAC",,,0,0,1379,13045,"ARXIUM"
103384,57234,898346,1,0,,100,0,0,,0,0,0,1,"LTAC",,,0,0,1379,13045,"ARXIUM"
103385,57234,898347,1,0,,100,0,0,,0,0,0,1,"LTAC",,,0,0,1379,13045,"ARXIUM"
103386,57234,898348,1,0,,100,0,0,,0,0,0,1,"LTAC",,,0,0,1379,13045,"ARXIUM"
103387,57234,898349,1,0,,100,0,0,,0,0,0,1,"LTAC",,,0,0,1379,13045,"ARXIUM"
103388,57234,898350,1,0,,100,0,0,,0,0,0,1,"LTAC",,,0,0,1379,13045,"ARXIUM"
103389,57234,898351,1,0,,100,0,0,,0,0,0,1,"LTAC",,,0,0,1379,13045,"ARXIUM"
103390,57234,898352,1,0,,100,0,0,,0,0,0,1,"LTAC",,,0,0,1379,13045,"ARXIUM"
103391,57234,898353,1,0,,100,0,0,,0,0,0,1,"LTAC",,,0,0,1379,13045,"ARXIUM"
103392,57234,898354,1,0,,100,0,0,,0,0,0,1,"LTAC",,,0,0,1379,13045,"ARXIUM"
103393,57234,898355,1,0,,100,0,0,,0,0,0,1,"LTAC",,,0,0,1379,13045,"ARXIUM"
103394,57234,898356,1,0,,100,0,0,,0,0,0,1,"LTAC",,,0,0,1379,13045,"ARXIUM"
103395,57234,898357,1,0,,100,0,0,,0,0,0,1,"LTAC",,,0,0,1381,13045,"ARXIUM"
103396,57234,898358,1,0,,100,0,0,,0,0,0,1,"LTAC",,,0,0,1381,13045,"ARXIUM"
103397,57234,898359,1,0,,100,0,0,,0,0,0,1,"LTAC",,,0,0,1381,13045,"ARXIUM"
103398,57234,898360,1,0,,100,0,0,,0,0,0,1,"LTAC",,,0,0,1379,13045,"ARXIUM"
103399,57234,898361,1,0,,100,0,0,,0,0,0,1,"LTAC",,,0,0,1379,13045,"ARXIUM"
103400,57234,898362,1,0,,100,0,0,,0,0,0,1,"LTAC",,,0,0,1379,13045,"ARXIUM"
103401,57234,898363,1,0,,100,0,0,,0,0,0,1,"LTAC",,,0,0,1379,13045,"ARXIUM"
103402,57234,898364,1,0,,100,0,0,,0,0,0,1,"LTAC",,,0,0,1379,13045,"ARXIUM"
103403,57234,898365,1,0,,100,0,0,,0,0,0,1,"LTAC",,,0,0,1379,13045,"ARXIUM"
103404,57234,898366,1,0,,100,0,0,,0,0,0,1,"LTAC",,,0,0,1379,13045,"ARXIUM"
103405,57234,898367,1,0,,100,0,0,,0,0,0,1,"LTAC",,,0,0,1379,13045,"ARXIUM"
103406,57234,898368,1,0,,100,0,0,,0,0,0,1,"Acute Rehabilitation",,,0,0,1379,13045,"ARXIUM"
103407,57234,898369,1,0,,100,0,0,,0,0,0,1,"LTAC",,,0,0,1379,13045,"ARXIUM"
103408,57234,898370,1,0,,100,0,0,,0,0,0,1,"LTAC",,,0,0,1379,13045,"ARXIUM"
103409,57234,898371,1,0,,100,0,0,,1,0,0,0,,,,0,0,1379,13045,"ARXIUM"
103410,57234,898372,1,0,,100,0,0,,0,0,0,1,"LTAC",,,0,0,1379,13045,"ARXIUM"
103411,57234,898373,1,0,,100,0,0,,0,0,0,1,"Acute Rehabilitation",,,0,0,1379,13045,"ARXIUM"
103412,57234,898374,1,0,,100,0,0,,0,0,0,1,"LTAC",,,0,0,1379,13045,"ARXIUM"
103413,57234,898375,1,0,,100,0,0,,0,0,0,1,"LTAC",,,0,0,1379,13045,"ARXIUM"
103414,57234,898376,1,0,,100,0,0,,0,0,0,1,"Acute Rehabilitation",,,0,0,1379,13045,"ARXIUM"
103415,57234,898377,1,0,,100,0,0,,0,0,0,1,"Acute Rehabilitation",,,0,0,1379,13045,"ARXIUM"
100185,57204,861579,1,1,,45,0,0,,1,1,1,0,,,,0,0,1381,13045,"ARXIUM"
103112,57206,895978,1,1,,100,0,0,,1,1,1,0,,,,0,0,1379,13045,"ARXIUM"
103108,57204,895087,1,1,,90,0,0,,1,1,1,0,,,,0,0,1381,13045,"ARXIUM"
104257,57699,908568,1,0,,90,0,0,,1,1,0,0,,,,0,0,1380,13045,"ARXIUM"
104185,57649,907908,1,1,,75,0,0,,1,1,0,0,,,,0,0,1378,13045,"ARXIUM"
104176,57644,907799,1,1,,90,0,0,,1,1,1,0,,,,1,1,1381,13045,"ARXIUM"
104177,57644,907800,1,1,,90,0,0,,1,1,1,0,,,,1,1,1381,13045,"ARXIUM"
104168,57635,907742,1,1,,75,0,0,,1,1,0,0,,,,0,0,1379,13045,"ARXIUM"
104115,57597,907301,1,1,,90,0,0,,1,1,1,0,,,,0,0,1379,13045,"ARXIUM"
104116,57597,907302,1,1,,95,0,0,,1,1,1,0,,,,0,0,1379,13045,"ARXIUM"
104117,57597,907303,1,1,,95,0,0,,1,1,1,0,,,,0,0,1379,13045,"ARXIUM"
104855,57234,927011,1,0,,100,0,0,,0,0,0,1,"Acute Rehabilitation",,,0,0,1379,13045,"ARXIUM"
103780,63922,903419,0,0,,,0,0,,0,0,0,0,,,,0,0,1378,13045,"ARXIUM"
99952,63943,858591,1,0,,50,0,0,,0,1,1,1,"ICU",,,0,0,1378,13045,"ARXIUM"
104322,57746,909371,1,1,,,0,0,,0,0,0,0,,,,0,0,1378,13045,"ARXIUM"
104323,57749,909378,1,1,,85,0,0,,1,1,0,0,,,,0,0,1381,13045,"ARXIUM"
104313,57739,909303,1,1,,100,0,0,,1,1,1,0,,,,0,0,1381,13045,"ARXIUM"
104306,57737,909045,1,1,,95,1,0,,1,1,0,0,,,,0,0,1379,13045,"ARXIUM"
104302,57732,909020,1,1,"Within 12-24 months",95,0,0,,1,1,1,0,,,,0,0,1380,13045,"ARXIUM"
109567,57597,964323,1,1,,95,0,0,,1,1,1,0,,,,0,0,1379,13045,"ARXIUM"
104020,57577,905576,1,1,,85,0,0,,1,1,1,0,,,,0,0,,13045,"ARXIUM"
104021,57577,905577,1,1,"Within 12-24 months",85,0,0,,1,1,1,1,"ICU",,,0,0,,13045,"ARXIUM"
103995,57577,905551,1,1,,90,0,0,,1,1,1,0,,,,0,0,1378,13045,"ARXIUM"
103996,57577,905552,1,1,,75,0,0,,1,1,1,0,,,,0,0,1378,13045,"ARXIUM"
103997,57577,905553,1,1,,95,0,0,,1,1,1,0,,,,0,0,1379,13045,"ARXIUM"
103998,57577,905554,1,1,"Within 12-24 months",85,0,0,,1,1,1,1,"ICU",,,0,0,1379,13045,"ARXIUM"
103999,57577,905555,1,1,,95,0,0,,1,1,1,0,,,,0,0,1379,13045,"ARXIUM"
104000,57577,905556,1,1,,90,0,0,,1,1,1,0,,,,0,0,1378,13045,"ARXIUM"
104001,57577,905557,1,1,"Within 12-24 months",85,0,0,,1,1,1,1,"ICU",,,0,0,1379,13045,"ARXIUM"
104002,57577,905558,1,1,,95,0,0,,1,1,1,0,,,,0,0,1378,13045,"ARXIUM"
104003,57577,905559,1,1,,90,0,0,,1,1,1,0,,,,0,0,1378,13045,"ARXIUM"
104004,57577,905560,1,1,,95,0,0,,1,1,1,0,,,,0,0,1378,13045,"ARXIUM"
104005,57577,905561,1,1,,95,0,0,,1,1,1,0,,,,0,0,1378,13045,"ARXIUM"
104006,57577,905562,1,1,,90,0,0,,1,1,1,0,,,,0,0,1379,13045,"ARXIUM"
104007,57577,905563,1,1,,95,0,0,,1,1,1,0,,,,0,0,,13045,"ARXIUM"
104008,57577,905564,1,1,,90,0,0,,1,1,1,0,,,,0,0,1378,13045,"ARXIUM"
104009,57577,905565,1,1,"Within 12-24 months",85,0,0,,1,1,1,1,"ICU, Imaging, Radiology, Women's Services",,,0,0,1379,13045,"ARXIUM"
104010,57577,905566,1,1,"Within 12-24 months",85,0,0,,1,1,1,1,"ICU",,,0,0,1379,13045,"ARXIUM"
104011,57577,905567,1,0,,85,0,0,,1,1,1,0,,,,1,1,1379,13045,"ARXIUM"
104012,57577,905568,1,1,"Within 12-24 months",85,0,0,,1,1,1,1,"ICU",,,0,0,,13045,"ARXIUM"
104013,57577,905569,1,1,"Within 12-24 months",85,0,0,,1,1,1,1,"ICU",,,0,0,1379,13045,"ARXIUM"
104014,57577,905570,1,1,"Within 12-24 months",85,0,0,,1,1,1,0,,,,0,0,1378,13045,"ARXIUM"
104015,57577,905571,1,1,"Within 12-24 months",85,0,0,,1,1,1,1,"ICU",,,0,0,1379,13045,"ARXIUM"
104016,57577,905572,1,1,,99,0,0,,1,1,1,0,,,,0,0,1378,13045,"ARXIUM"
104017,57577,905573,1,1,,95,0,0,,1,1,1,0,,,,0,0,1378,13045,"ARXIUM"
104018,57577,905574,1,1,,99,0,0,,1,1,1,0,,,,0,0,1378,13045,"ARXIUM"
103921,57522,904686,1,1,"Within 12 months",90,0,0,,1,1,1,0,,,,0,0,1379,13045,"ARXIUM"
103922,57523,904705,0,0,,,0,0,,0,0,0,0,,,,0,0,1381,13045,"ARXIUM"
103932,57528,904802,0,0,,,0,0,,0,0,0,0,,,,0,0,1379,13045,"ARXIUM"
103933,57529,904821,1,0,,90,0,0,,1,1,0,0,,,,0,0,1379,13045,"ARXIUM"
103934,57530,904827,1,0,,50,0,0,,1,1,0,0,,,,0,0,1379,13045,"ARXIUM"
103935,57531,904836,1,0,,90,0,0,,1,1,1,0,,,,0,0,1379,13045,"ARXIUM"
103887,57491,904424,1,0,,99,0,0,,1,1,1,0,,,,0,0,1379,13045,"ARXIUM"
102647,57485,890403,1,0,,90,0,0,,1,1,1,0,,,,0,0,1381,13045,"ARXIUM"
103903,57507,904549,1,0,,80,0,0,,1,1,1,0,,,,0,0,1379,13045,"ARXIUM"
103904,57508,904560,1,1,,75,0,0,,1,1,1,1,"GI, OB/GYN",,,0,0,1379,13045,"ARXIUM"
103905,57509,904567,1,0,,95,0,0,,1,1,1,0,,,,0,0,1379,13045,"ARXIUM"
103906,57510,904572,1,0,,95,0,0,,1,1,1,0,,,,0,1,1379,13045,"ARXIUM"
103907,57510,904573,1,0,,90,0,0,,1,1,1,0,,,,0,1,1379,13045,"ARXIUM"
105681,63866,937324,0,0,,,0,0,,0,0,0,0,,,,0,0,1380,13045,"ARXIUM"
105679,63864,937318,1,0,,85,0,0,,1,1,1,0,,,,0,0,1380,13045,"ARXIUM"
105675,63860,937283,1,0,,75,0,0,,1,1,1,0,,,,0,1,1379,13045,"ARXIUM"
105715,63885,937712,1,1,,92,1,0,,1,1,1,0,,,,1,1,1378,13045,"ARXIUM"
105716,63885,937713,1,1,,97,0,0,,1,1,1,0,,,,0,0,1378,13045,"ARXIUM"
105717,63885,937714,1,0,,100,0,0,,0,0,0,0,,,,0,0,1378,13045,"ARXIUM"
105718,63885,937715,1,0,,85,0,0,,1,1,1,0,,,,0,0,1378,13045,"ARXIUM"
105719,63885,937716,1,1,,85,0,0,,1,1,1,0,,,,0,0,1378,13045,"ARXIUM"
105720,63885,937717,0,0,,,0,0,,0,0,0,0,,,,0,0,1378,13045,"ARXIUM"
105721,63885,937718,1,0,,75,0,0,,1,1,0,0,,,,0,0,1378,13045,"ARXIUM"
105722,63885,937719,1,0,,75,0,0,,1,1,1,0,,,,0,0,1378,13045,"ARXIUM"
105723,63885,937720,1,1,,90,0,0,,1,1,1,0,,,,0,0,1378,13045,"ARXIUM"
105724,63885,937721,1,1,,95,0,0,,1,1,0,0,,,,0,0,1378,13045,"ARXIUM"
105725,63885,937722,1,1,,90,0,0,,1,1,1,0,,,,0,0,1378,13045,"ARXIUM"
105713,63883,937700,0,0,,,0,0,,0,0,0,0,,,,0,0,1379,13045,"ARXIUM"
105683,63868,937338,1,0,,95,0,0,,1,1,0,0,,,,0,0,1378,13045,"ARXIUM"
105684,63869,937341,1,0,,80,0,0,,1,1,1,0,,,,0,0,1379,13045,"ARXIUM"
105685,63869,937342,1,0,,80,0,0,,1,1,1,0,,,,0,0,1379,13045,"ARXIUM"
105686,63869,937343,1,0,,90,0,0,,1,1,1,0,,,,0,0,1379,13045,"ARXIUM"
105687,63869,937344,1,0,,95,0,0,,1,1,1,0,,,,0,0,1379,13045,"ARXIUM"
105736,63890,937991,1,0,,100,0,0,,1,1,1,1,"Advanced Care, OB/GYN",,,0,0,1379,13045,"ARXIUM"
105922,63935,940373,1,0,,90,0,0,,1,0,1,0,,,,0,0,1379,13045,"ARXIUM"
105923,63935,940374,1,0,,93,0,0,,1,1,1,0,,,,0,0,1379,13045,"ARXIUM"
105924,63935,940375,1,0,,95,0,0,,1,1,0,0,,,,0,0,1379,13045,"ARXIUM"
105925,63935,940376,1,0,,,0,0,,0,1,0,0,,,,0,0,1378,13045,"ARXIUM"
105926,63935,940377,1,0,,90,0,0,,1,1,1,0,,,,0,0,1379,13045,"ARXIUM"
105919,63935,940370,1,0,,95,0,0,,1,1,1,0,,,,0,0,1379,13045,"ARXIUM"
105916,63935,940367,1,0,,,1,0,,0,0,0,0,,,,0,1,,13045,"ARXIUM"
105917,63935,940368,1,0,,100,0,0,,1,1,1,0,,,,0,0,1379,13045,"ARXIUM"
105676,63861,937293,1,1,,95,0,0,,1,0,1,0,,,,0,0,1378,19033,"H.D. SMITH"
103902,57506,904542,1,1,,80,0,0,,1,1,1,0,,,,0,0,1379,19033,"H.D. SMITH"
103809,57434,903676,0,0,,,0,0,,0,0,0,0,,,,0,0,1379,19033,"H.D. SMITH"
103915,57516,904648,1,1,,90,0,0,,1,1,1,1,"Cardiac-Cath Lab",,,0,0,1381,19033,"H.D. SMITH"
104190,57653,907969,1,1,,90,0,0,,1,1,1,0,,,,0,0,,19033,"H.D. SMITH"
105237,63646,932483,1,1,,80,0,0,,1,1,0,0,,,,0,0,1379,19033,"H.D. SMITH"
105146,63602,931137,1,0,,95,0,0,,1,1,1,0,,,,0,0,1378,19033,"H.D. SMITH"
105039,63531,930169,0,0,,,0,0,,0,0,0,0,,,,0,0,1379,19033,"H.D. SMITH"
101564,56817,878689,0,0,,,0,0,,0,0,0,0,,,,0,0,1379,19033,"H.D. SMITH"
102084,57053,885800,1,1,,95,0,0,,1,1,1,0,,,,0,1,1378,19033,"H.D. SMITH"
100712,56598,869496,1,1,,60,0,0,,1,1,1,0,,,,0,0,1379,19033,"H.D. SMITH"
100716,56601,869561,1,0,,90,0,0,,1,1,1,0,,,,0,0,1380,19033,"H.D. SMITH"
99832,56066,856952,1,1,,60,0,0,,1,1,1,0,,,,0,0,1379,19187,"DAKOTA DRUG INC."
105132,63597,930834,0,0,,,0,0,,0,0,0,0,,,,0,0,1379,19187,"DAKOTA DRUG INC."
